date,failure,Smart 194: Temperature_Celsius (Raw Value),Smart 8: Seek_Time_Performance (Raw Value),Smart 1: Raw_Read_Error_Rate (Raw Value),Smart 12: Power_Cycle_Count (Raw Value),Smart 4: Start_Stop_Count (Raw Value),Smart 10: Spin_Retry_Count (Raw Value),Smart 192: Power-Off_Retract_Count (Raw Value),Smart 9: Power_On_Hours (Raw Value),Smart 2: Throughput_Performance (Raw Value),Smart 7: Seek_Error_Rate (Raw Value),Smart 193: Load_Cycle_Count (Raw Value),Smart 3: Spin_Up_Time (Raw Value),Smart 5: Reallocated_Sector_Ct (Raw Value),Smart 197: Current_Pending_Sector (Raw Value),Smart 198: Offline_Uncorrectable (Raw Value),Smart 199: UDMA_CRC_Error_Count (Raw Value),Smart 196: Reallocated_Event_Count (Raw Value),op_fail_30,op_fail_15,op_fail_1
2014-05-30,0,32,42,0,3,3,0,4,37,99,0,4,0,0,0,0,0,0,False,False,False
2014-05-31,0,31,42,0,3,3,0,5,60,99,0,5,0,0,0,0,0,0,False,False,False
2014-06-01,0,33,42,0,3,3,0,6,84,99,0,6,0,0,0,0,0,0,False,False,False
2014-06-02,0,32,42,0,3,3,0,6,109,99,0,6,0,0,0,0,0,0,False,False,False
2014-06-03,0,31,42,0,3,3,0,7,132,99,0,7,0,0,0,0,0,0,False,False,False
2014-06-04,0,32,42,0,3,3,0,8,156,99,0,8,0,0,0,0,0,0,False,False,False
2014-06-05,0,33,42,0,3,3,0,9,180,99,0,9,0,0,0,0,0,0,False,False,False
2014-06-06,0,33,42,0,3,3,0,9,205,99,0,9,0,0,0,0,0,0,False,False,False
2014-06-07,0,31,42,0,3,3,0,9,228,99,0,9,0,0,0,0,0,0,False,False,False
2014-06-08,0,31,42,0,3,3,0,9,252,99,0,9,0,0,0,0,0,0,False,False,False
2014-06-09,0,31,42,0,3,3,0,9,277,99,0,9,0,0,0,0,0,0,False,False,False
2014-06-10,0,31,42,0,3,3,0,9,300,99,0,9,0,0,0,0,0,0,False,False,False
2014-06-11,0,32,42,0,3,3,0,9,324,99,0,9,0,0,0,0,0,0,False,False,False
2014-06-12,0,32,42,0,3,3,0,9,349,99,0,9,0,0,0,0,0,0,False,False,False
2014-06-13,0,32,42,0,3,3,0,9,372,99,0,9,0,0,0,0,0,0,False,False,False
2014-06-14,0,32,42,0,3,3,0,9,396,99,0,9,0,0,0,0,0,0,False,False,False
2014-06-15,0,33,42,0,3,3,0,9,420,99,0,9,0,0,0,0,0,0,False,False,False
2014-06-16,0,32,42,0,3,3,0,9,445,99,0,9,0,0,0,0,0,0,False,False,False
2014-06-17,0,32,42,0,3,3,0,9,468,99,0,9,0,0,0,0,0,0,False,False,False
2014-06-18,0,33,42,0,3,3,0,9,492,99,0,9,0,0,0,0,0,0,False,False,False
2014-06-19,0,33,42,0,3,3,0,9,517,99,0,9,0,0,0,0,0,0,False,False,False
2014-06-20,0,30,42,0,3,3,0,9,540,99,0,9,0,0,0,0,0,0,False,False,False
2014-06-21,0,30,42,0,3,3,0,9,564,99,0,9,0,0,0,0,0,0,False,False,False
2014-06-22,0,30,42,0,3,3,0,9,588,99,0,9,0,0,0,0,0,0,False,False,False
2014-06-23,0,30,42,0,3,3,0,9,612,99,0,9,0,0,0,0,0,0,False,False,False
2014-06-24,0,33,42,0,3,3,0,9,636,99,0,9,0,0,0,0,0,0,False,False,False
2014-06-25,0,33,42,0,3,3,0,9,660,99,0,9,0,0,0,0,0,0,False,False,False
2014-06-26,0,33,42,0,3,3,0,9,685,99,0,9,0,0,0,0,0,0,False,False,False
2014-06-27,0,32,42,0,3,3,0,9,708,99,0,9,0,0,0,0,0,0,False,False,False
2014-06-28,0,32,42,0,3,3,0,9,732,99,0,9,0,0,0,0,0,0,False,False,False
2014-06-29,0,32,42,0,3,3,0,9,757,99,0,9,0,0,0,0,0,0,False,False,False
2014-06-30,0,32,42,0,3,3,0,9,780,99,0,9,0,0,0,0,0,0,False,False,False
2014-07-01,0,32,42,0,3,3,0,9,804,99,0,9,0,0,0,0,0,0,False,False,False
2014-07-02,0,32,42,0,3,3,0,9,828,99,0,9,0,0,0,0,0,0,False,False,False
2014-07-03,0,32,42,0,3,3,0,9,852,99,0,9,0,0,0,0,0,0,False,False,False
2014-07-04,0,31,42,0,3,3,0,9,876,99,0,9,0,0,0,0,0,0,False,False,False
2014-07-05,0,32,42,0,3,3,0,9,900,99,0,9,0,0,0,0,0,0,False,False,False
2014-07-06,0,32,42,0,3,3,0,9,924,99,0,9,0,0,0,0,0,0,False,False,False
2014-07-07,0,31,42,0,3,3,0,9,948,99,0,9,0,0,0,0,0,0,False,False,False
2014-07-08,0,31,42,0,3,3,0,9,972,99,0,9,0,0,0,0,0,0,False,False,False
2014-07-09,0,31,42,0,3,3,0,9,997,99,0,9,0,0,0,0,0,0,False,False,False
2014-07-10,0,31,42,0,3,3,0,9,1020,99,0,9,0,0,0,0,0,0,False,False,False
2014-07-11,0,31,42,0,3,3,0,9,1044,99,0,9,0,0,0,0,0,0,False,False,False
2014-07-12,0,31,42,0,3,3,0,9,1069,99,0,9,0,0,0,0,0,0,False,False,False
2014-07-13,0,31,42,0,3,3,0,9,1092,99,0,9,0,0,0,0,0,0,False,False,False
2014-07-14,0,31,42,0,3,3,0,9,1116,99,0,9,0,0,0,0,0,0,False,False,False
2014-07-15,0,31,42,0,3,3,0,9,1140,99,0,9,0,0,0,0,0,0,False,False,False
2014-07-16,0,30,42,0,3,3,0,9,1164,99,0,9,0,0,0,0,0,0,False,False,False
2014-07-17,0,30,42,0,3,3,0,9,1188,99,0,9,0,0,0,0,0,0,False,False,False
2014-07-18,0,31,42,0,3,3,0,9,1212,99,0,9,0,0,0,0,0,0,False,False,False
2014-07-19,0,33,42,0,3,3,0,9,1237,99,0,9,0,0,0,0,0,0,False,False,False
2014-07-20,0,33,42,0,3,3,0,9,1260,99,0,9,0,0,0,0,0,0,False,False,False
2014-07-21,0,33,42,0,3,3,0,9,1284,99,0,9,0,0,0,0,0,0,False,False,False
2014-07-22,0,34,42,0,3,3,0,9,1309,99,0,9,0,0,0,0,0,0,False,False,False
2014-07-23,0,31,42,0,3,3,0,9,1332,99,0,9,0,0,0,0,0,0,False,False,False
2014-07-24,0,31,42,0,3,3,0,9,1356,99,0,9,0,0,0,0,0,0,False,False,False
2014-07-25,0,32,42,0,3,3,0,9,1381,99,0,9,0,0,0,0,0,0,False,False,False
2014-07-26,0,32,42,0,3,3,0,9,1404,99,0,9,0,0,0,0,0,0,False,False,False
2014-07-27,0,32,42,0,3,3,0,9,1428,99,0,9,0,0,0,0,0,0,False,False,False
2014-07-28,0,31,42,0,3,3,0,9,1452,99,0,9,0,0,0,0,0,0,False,False,False
2014-07-29,0,32,42,0,3,3,0,9,1477,99,0,9,0,0,0,0,0,0,False,False,False
2014-07-30,0,30,42,0,3,3,0,9,1500,99,0,9,0,0,0,0,0,0,False,False,False
2014-07-31,0,30,42,0,3,3,0,9,1524,99,0,9,0,0,0,0,0,0,False,False,False
2014-08-01,0,30,42,0,3,3,0,9,1549,99,0,9,0,0,0,0,0,0,False,False,False
2014-08-02,0,30,42,0,3,3,0,9,1572,99,0,9,0,0,0,0,0,0,False,False,False
2014-08-03,0,30,42,0,3,3,0,9,1596,99,0,9,0,0,0,0,0,0,False,False,False
2014-08-04,0,30,42,0,3,3,0,9,1620,99,0,9,0,0,0,0,0,0,False,False,False
2014-08-05,0,30,42,0,3,3,0,9,1644,99,0,9,0,0,0,0,0,0,False,False,False
2014-08-06,0,30,42,0,3,3,0,9,1668,99,0,9,0,0,0,0,0,0,False,False,False
2014-08-07,0,30,42,0,3,3,0,9,1692,99,0,9,0,0,0,0,0,0,False,False,False
2014-08-08,0,30,42,0,3,3,0,9,1717,99,0,9,0,0,0,0,0,0,False,False,False
2014-08-09,0,29,42,0,3,3,0,9,1740,99,0,9,0,0,0,0,0,0,False,False,False
2014-08-10,0,29,42,0,3,3,0,9,1764,99,0,9,0,0,0,0,0,0,False,False,False
2014-08-11,0,30,42,0,3,3,0,9,1789,99,0,9,0,0,0,0,0,0,False,False,False
2014-08-12,0,30,42,0,3,3,0,9,1812,99,0,9,0,0,0,0,0,0,False,False,False
2014-08-13,0,30,42,0,3,3,0,10,1836,100,0,10,0,0,0,0,0,0,False,False,False
2014-08-14,0,30,42,0,3,3,0,11,1860,100,0,11,0,0,0,0,0,0,False,False,False
2014-08-15,0,29,42,0,3,3,0,11,1884,100,0,11,0,0,0,0,0,0,False,False,False
2014-08-16,0,30,42,0,3,3,0,12,1908,100,0,12,0,0,0,0,0,0,False,False,False
2014-08-17,0,30,42,0,3,3,0,13,1932,100,0,13,0,0,0,0,0,0,False,False,False
2014-08-18,0,30,42,0,3,3,0,14,1957,100,0,14,0,0,0,0,0,0,False,False,False
2014-08-19,0,30,42,0,3,3,0,15,1980,100,0,15,0,0,0,0,0,0,False,False,False
2014-08-20,0,30,42,0,3,3,0,16,2004,100,0,16,0,0,0,0,0,0,False,False,False
2014-08-21,0,30,42,0,3,3,0,17,2029,100,0,17,0,0,0,0,0,0,False,False,False
2014-08-22,0,30,42,0,3,3,0,17,2052,100,0,17,0,0,0,0,0,0,False,False,False
2014-08-23,0,30,42,0,3,3,0,18,2076,100,0,18,0,0,0,0,0,0,False,False,False
2014-08-24,0,31,42,0,3,3,0,19,2101,100,0,19,0,0,0,0,0,0,False,False,False
2014-08-25,0,30,42,0,3,3,0,20,2124,100,0,20,0,0,0,0,0,0,False,False,False
2014-08-26,0,30,42,0,3,3,0,20,2148,100,0,20,0,0,0,0,0,0,False,False,False
2014-08-27,0,30,42,0,3,3,0,21,2172,100,0,21,0,0,0,0,0,0,False,False,False
2014-08-28,0,30,42,0,3,3,0,21,2197,100,0,21,0,0,0,0,0,0,False,False,False
2014-08-29,0,31,42,0,3,3,0,21,2220,100,0,21,0,0,0,0,0,0,False,False,False
2014-08-30,0,30,42,0,3,3,0,21,2244,100,0,21,0,0,0,0,0,0,False,False,False
2014-08-31,0,31,42,0,3,3,0,21,2268,100,0,21,0,0,0,0,0,0,False,False,False
2014-09-01,0,30,42,0,3,3,0,21,2292,100,0,21,0,0,0,0,0,0,False,False,False
2014-09-02,0,31,42,0,3,3,0,21,2316,100,0,21,0,0,0,0,0,0,False,False,False
2014-09-03,0,31,42,0,3,3,0,21,2340,100,0,21,0,0,0,0,0,0,False,False,False
2014-09-04,0,31,42,0,3,3,0,21,2365,100,0,21,0,0,0,0,0,0,False,False,False
2014-09-05,0,31,42,0,3,3,0,21,2388,100,0,21,0,0,0,0,0,0,False,False,False
2014-09-06,0,31,42,0,3,3,0,21,2412,100,0,21,0,0,0,0,0,0,False,False,False
2014-09-07,0,30,42,0,3,3,0,21,2437,100,0,21,0,0,0,0,0,0,False,False,False
2014-09-08,0,31,42,0,3,3,0,21,2460,100,0,21,0,0,0,0,0,0,False,False,False
2014-09-09,0,29,42,0,3,3,0,21,2484,100,0,21,0,0,0,0,0,0,False,False,False
2014-09-10,0,31,42,0,3,3,0,21,2508,100,0,21,0,0,0,0,0,0,False,False,False
2014-09-11,0,31,42,0,3,3,0,21,2532,100,0,21,0,0,0,0,0,0,False,False,False
2014-09-12,0,31,42,0,3,3,0,21,2556,100,0,21,0,0,0,0,0,0,False,False,False
2014-09-13,0,31,42,0,3,3,0,21,2580,100,0,21,0,0,0,0,0,0,False,False,False
2014-09-14,0,31,42,0,3,3,0,21,2605,100,0,21,0,0,0,0,0,0,False,False,False
2014-09-15,0,31,42,0,3,3,0,21,2628,100,0,21,0,0,0,0,0,0,False,False,False
2014-09-16,0,31,42,0,3,3,0,21,2652,100,0,21,0,0,0,0,0,0,False,False,False
2014-09-17,0,32,42,0,3,3,0,21,2677,100,0,21,0,0,0,0,0,0,False,False,False
2014-09-18,0,32,42,0,3,3,0,21,2700,100,0,21,0,0,0,0,0,0,False,False,False
2014-09-19,0,32,42,0,3,3,0,21,2724,100,0,21,0,0,0,0,0,0,False,False,False
2014-09-20,0,32,42,0,3,3,0,21,2748,100,0,21,0,0,0,0,0,0,False,False,False
2014-09-21,0,32,42,0,3,3,0,21,2772,100,0,21,0,0,0,0,0,0,False,False,False
2014-09-22,0,31,42,0,3,3,0,21,2796,100,0,21,0,0,0,0,0,0,False,False,False
2014-09-23,0,31,42,0,3,3,0,21,2820,100,0,21,0,0,0,0,0,0,False,False,False
2014-09-24,0,30,42,0,3,3,0,21,2844,100,0,21,0,0,0,0,0,0,False,False,False
2014-09-25,0,29,42,0,3,3,0,21,2868,100,0,21,0,0,0,0,0,0,False,False,False
2014-09-26,0,29,42,0,3,3,0,21,2892,100,0,21,0,0,0,0,0,0,False,False,False
2014-09-27,0,29,42,0,3,3,0,21,2917,100,0,21,0,0,0,0,0,0,False,False,False
2014-09-28,0,29,42,0,3,3,0,21,2940,100,0,21,0,0,0,0,0,0,False,False,False
2014-09-29,0,29,42,0,3,3,0,21,2964,100,0,21,0,0,0,0,0,0,False,False,False
2014-09-30,0,29,42,0,3,3,0,21,2989,100,0,21,0,0,0,0,0,0,False,False,False
2014-10-01,0,31,42,0,3,3,0,21,3012,100,0,21,0,0,0,0,0,0,False,False,False
2014-10-02,0,30,42,0,3,3,0,21,3036,100,0,21,0,0,0,0,0,0,False,False,False
2014-10-03,0,30,42,0,3,3,0,21,3060,100,0,21,0,0,0,0,0,0,False,False,False
2014-10-04,0,30,42,0,3,3,0,21,3084,100,0,21,0,0,0,0,0,0,False,False,False
2014-10-05,0,30,42,0,3,3,0,21,3108,100,0,21,0,0,0,0,0,0,False,False,False
2014-10-06,0,30,42,0,3,3,0,21,3132,100,0,21,0,0,0,0,0,0,False,False,False
2014-10-07,0,30,42,0,3,3,0,21,3157,100,0,21,0,0,0,0,0,0,False,False,False
2014-10-08,0,30,42,0,3,3,0,21,3180,100,0,21,0,0,0,0,0,0,False,False,False
2014-10-09,0,30,42,0,3,3,0,21,3204,100,0,21,0,0,0,0,0,0,False,False,False
2014-10-10,0,30,42,0,3,3,0,21,3229,100,0,21,0,0,0,0,0,0,False,False,False
2014-10-11,0,30,42,0,3,3,0,21,3252,100,0,21,0,0,0,0,0,0,False,False,False
2014-10-12,0,30,42,0,3,3,0,21,3276,100,0,21,0,0,0,0,0,0,False,False,False
2014-10-13,0,30,42,0,3,3,0,21,3300,100,0,21,0,0,0,0,0,0,False,False,False
2014-10-14,0,29,42,0,3,3,0,21,3324,100,0,21,0,0,0,0,0,0,False,False,False
2014-10-15,0,29,42,0,3,3,0,21,3348,100,0,21,0,0,0,0,0,0,False,False,False
2014-10-16,0,28,42,0,3,3,0,21,3372,100,0,21,0,0,0,0,0,0,False,False,False
2014-10-17,0,28,42,0,3,3,0,21,3397,100,0,21,0,0,0,0,0,0,False,False,False
2014-10-18,0,28,42,0,3,3,0,21,3420,100,0,21,0,0,0,0,0,0,False,False,False
2014-10-19,0,28,42,0,3,3,0,21,3444,100,0,21,0,0,0,0,0,0,False,False,False
2014-10-20,0,28,42,0,3,3,0,21,3469,100,0,21,0,0,0,0,0,0,False,False,False
2014-10-21,0,28,42,0,3,3,0,21,3492,100,0,21,0,0,0,0,0,0,False,False,False
2014-10-22,0,28,42,0,3,3,0,21,3516,100,0,21,0,0,0,0,0,0,False,False,False
2014-10-23,0,28,42,0,3,3,0,21,3541,100,0,21,0,0,0,0,0,0,False,False,False
2014-10-24,0,28,42,0,3,3,0,21,3564,100,0,21,0,0,0,0,0,0,False,False,False
2014-10-25,0,28,42,0,3,3,0,21,3588,100,0,21,0,0,0,0,0,0,False,False,False
2014-10-26,0,28,42,0,3,3,0,21,3613,100,0,21,0,0,0,0,0,0,False,False,False
2014-10-27,0,28,42,0,3,3,0,21,3637,100,0,21,0,0,0,0,0,0,False,False,False
2014-10-28,0,28,42,0,3,3,0,21,3660,100,0,21,0,0,0,0,0,0,False,False,False
2014-10-29,0,28,42,0,3,3,0,21,3684,100,0,21,0,0,0,0,0,0,False,False,False
2014-10-30,0,28,43,0,3,3,0,22,3709,100,0,22,0,0,0,0,0,0,False,False,False
2014-10-31,0,28,43,0,3,3,0,22,3732,100,0,22,0,0,0,0,0,0,False,False,False
2014-11-01,0,28,43,0,3,3,0,22,3756,100,0,22,0,0,0,0,0,0,False,False,False
2014-11-03,0,28,43,0,3,3,0,22,3805,100,0,22,0,0,0,0,0,0,False,False,False
2014-11-04,0,28,43,0,3,3,0,22,3829,100,0,22,0,0,0,0,0,0,False,False,False
2014-11-05,0,30,43,0,3,3,0,22,3854,100,0,22,0,0,0,0,0,0,False,False,False
2014-11-06,0,29,43,0,3,3,0,22,3877,100,0,22,0,0,0,0,0,0,False,False,False
2014-11-07,0,29,43,0,3,3,0,22,3901,100,0,22,0,0,0,0,0,0,False,False,False
2014-11-08,0,29,43,0,3,3,0,22,3926,100,0,22,0,0,0,0,0,0,False,False,False
2014-11-09,0,28,43,0,3,3,0,22,3949,100,0,22,0,0,0,0,0,0,False,False,False
2014-11-10,0,29,43,0,3,3,0,22,3973,100,0,22,0,0,0,0,0,0,False,False,False
2014-11-11,0,28,43,0,3,3,0,22,3998,100,0,22,0,0,0,0,0,0,False,False,False
2014-11-12,0,28,43,0,3,3,0,22,4021,100,0,22,0,0,0,0,0,0,False,False,False
2014-11-13,0,28,43,0,3,3,0,22,4045,100,0,22,0,0,0,0,0,0,False,False,False
2014-11-14,0,29,43,0,3,3,0,22,4069,100,0,22,0,0,0,0,0,0,False,False,False
2014-11-15,0,29,43,0,3,3,0,22,4094,100,0,22,0,0,0,0,0,0,False,False,False
2014-11-16,0,29,43,0,3,3,0,22,4117,100,0,22,0,0,0,0,0,0,False,False,False
2014-11-17,0,29,43,0,3,3,0,22,4141,100,0,22,0,0,0,0,0,0,False,False,False
2014-11-18,0,29,43,0,3,3,0,22,4166,100,0,22,0,0,0,0,0,0,False,False,False
2014-11-19,0,28,43,0,3,3,0,22,4189,100,0,22,0,0,0,0,0,0,False,False,False
2014-11-20,0,29,43,0,3,3,0,22,4213,100,0,22,0,0,0,0,0,0,False,False,False
2014-11-21,0,29,43,0,3,3,0,22,4238,100,0,22,0,0,0,0,0,0,False,False,False
2014-11-22,0,28,43,0,3,3,0,22,4261,100,0,22,0,0,0,0,0,0,False,False,False
2014-11-23,0,28,43,0,3,3,0,22,4285,100,0,22,0,0,0,0,0,0,False,False,False
2014-11-24,0,29,43,0,3,3,0,22,4310,100,0,22,0,0,0,0,0,0,False,False,False
2014-11-25,0,28,43,0,3,3,0,22,4333,100,0,22,0,0,0,0,0,0,False,False,False
2014-11-26,0,28,43,0,3,3,0,22,4357,100,0,22,0,0,0,0,0,0,False,False,False
2014-11-27,0,28,43,0,3,3,0,22,4382,100,0,22,0,0,0,0,0,0,False,False,False
2014-11-28,0,28,43,0,3,3,0,22,4406,100,0,22,0,0,0,0,0,0,False,False,False
2014-11-29,0,28,43,0,3,3,0,22,4429,100,0,22,0,0,0,0,0,0,False,False,False
2014-11-30,0,28,43,0,3,3,0,22,4453,100,0,22,0,0,0,0,0,0,False,False,False
2014-12-01,0,28,42,0,3,3,0,23,4478,100,0,23,0,0,0,0,0,0,False,False,False
2014-12-02,0,28,42,0,3,3,0,23,4501,100,0,23,0,0,0,0,0,0,False,False,False
2014-12-03,0,28,42,0,3,3,0,23,4525,100,0,23,0,0,0,0,0,0,False,False,False
2014-12-04,0,28,42,0,3,3,0,23,4550,100,0,23,0,0,0,0,0,0,False,False,False
2014-12-05,0,28,42,0,3,3,0,23,4573,100,0,23,0,0,0,0,0,0,False,False,False
2014-12-06,0,28,42,0,3,3,0,23,4597,100,0,23,0,0,0,0,0,0,False,False,False
2014-12-07,0,28,42,0,3,3,0,23,4622,100,0,23,0,0,0,0,0,0,False,False,False
2014-12-08,0,28,42,0,3,3,0,23,4646,100,0,23,0,0,0,0,0,0,False,False,False
2014-12-09,0,28,42,0,3,3,0,23,4669,100,0,23,0,0,0,0,0,0,False,False,False
2014-12-10,0,28,42,0,3,3,0,23,4694,100,0,23,0,0,0,0,0,0,False,False,False
2014-12-11,0,28,42,0,3,3,0,23,4718,100,0,23,0,0,0,0,0,0,False,False,False
2014-12-12,0,28,42,0,3,3,0,23,4741,100,0,23,0,0,0,0,0,0,False,False,False
2014-12-13,0,29,42,0,3,3,0,23,4765,100,0,23,0,0,0,0,0,0,False,False,False
2014-12-14,0,29,42,0,3,3,0,23,4790,100,0,23,0,0,0,0,0,0,False,False,False
2014-12-15,0,28,42,0,3,3,0,23,4813,100,0,23,0,0,0,0,0,0,False,False,False
2014-12-16,0,28,42,0,3,3,0,23,4837,100,0,23,0,0,0,0,0,0,False,False,False
2014-12-17,0,29,42,0,3,3,0,23,4862,100,0,23,0,0,0,0,0,0,False,False,False
2014-12-18,0,29,42,0,3,3,0,23,4886,100,0,23,0,0,0,0,0,0,False,False,False
2014-12-19,0,29,42,0,3,3,0,23,4909,100,0,23,0,0,0,0,0,0,False,False,False
2014-12-20,0,29,42,0,3,3,0,23,4934,100,0,23,0,0,0,0,0,0,False,False,False
2014-12-21,0,29,42,0,3,3,0,23,4958,100,0,23,0,0,0,0,0,0,False,False,False
2014-12-22,0,28,42,0,3,3,0,23,4981,100,0,23,0,0,0,0,0,0,False,False,False
2014-12-23,0,28,42,0,3,3,0,23,5005,100,0,23,0,0,0,0,0,0,False,False,False
2014-12-24,0,29,42,0,3,3,0,23,5030,100,0,23,0,0,0,0,0,0,False,False,False
2014-12-25,0,29,42,0,3,3,0,23,5053,100,0,23,0,0,0,0,0,0,False,False,False
2014-12-26,0,29,42,0,3,3,0,23,5077,100,0,23,0,0,0,0,0,0,False,False,False
2014-12-27,0,29,42,0,3,3,0,23,5102,100,0,23,0,0,0,0,0,0,False,False,False
2014-12-28,0,28,42,0,3,3,0,23,5125,100,0,23,0,0,0,0,0,0,False,False,False
2014-12-29,0,29,42,0,3,3,0,23,5149,100,0,23,0,0,0,0,0,0,False,False,False
2014-12-30,0,29,42,0,3,3,0,23,5174,100,0,23,0,0,0,0,0,0,False,False,False
2014-12-31,0,28,42,0,3,3,0,23,5198,100,0,23,0,0,0,0,0,0,False,False,False
2015-01-01,0,29,42,0,3,3,0,23,5221,100,0,23,0,0,0,0,0,0,False,False,False
2015-01-02,0,29,42,0,3,3,0,23,5245,100,0,23,0,0,0,0,0,0,False,False,False
2015-01-03,0,29,42,0,3,3,0,23,5270,100,0,23,0,0,0,0,0,0,False,False,False
2015-01-04,0,28,42,0,3,3,0,23,5293,100,0,23,0,0,0,0,0,0,False,False,False
2015-01-05,0,29,42,0,3,3,0,23,5317,100,0,23,0,0,0,0,0,0,False,False,False
2015-01-06,0,28,42,0,3,3,0,23,5342,100,0,23,0,0,0,0,0,0,False,False,False
2015-01-07,0,28,42,0,3,3,0,23,5365,100,0,23,0,0,0,0,0,0,False,False,False
2015-01-08,0,28,42,0,3,3,0,23,5389,100,0,23,0,0,0,0,0,0,False,False,False
2015-01-09,0,29,42,0,3,3,0,23,5414,100,0,23,0,0,0,0,0,0,False,False,False
2015-01-10,0,29,42,0,3,3,0,23,5438,100,0,23,0,0,0,0,0,0,False,False,False
2015-01-11,0,29,42,0,3,3,0,23,5461,100,0,23,0,0,0,0,0,0,False,False,False
2015-01-12,0,28,42,0,3,3,0,23,5485,100,0,23,0,0,0,0,0,0,False,False,False
2015-01-13,0,29,42,0,3,3,0,23,5510,100,0,23,0,0,0,0,0,0,False,False,False
2015-01-14,0,29,42,0,3,3,0,23,5533,100,0,23,0,0,0,0,0,0,False,False,False
2015-01-15,0,28,42,0,3,3,0,23,5557,100,0,23,0,0,0,0,0,0,False,False,False
2015-01-16,0,28,42,0,3,3,0,23,5582,100,0,23,0,0,0,0,0,0,False,False,False
2015-01-17,0,29,42,0,3,3,0,23,5606,100,0,23,0,0,0,0,0,0,False,False,False
2015-01-18,0,29,42,0,3,3,0,23,5629,100,0,23,0,0,0,0,0,0,False,False,False
2015-01-19,0,29,42,0,3,3,0,23,5654,100,0,23,0,0,0,0,0,0,False,False,False
2015-01-20,0,29,42,0,3,3,0,23,5678,100,0,23,0,0,0,0,0,0,False,False,False
2015-01-21,0,29,42,0,3,3,0,23,5701,100,0,23,0,0,0,0,0,0,False,False,False
2015-01-22,0,29,42,0,3,3,0,23,5725,100,0,23,0,0,0,0,0,0,False,False,False
2015-01-23,0,28,42,0,3,3,0,23,5750,100,0,23,0,0,0,0,0,0,False,False,False
2015-01-24,0,28,42,0,3,3,0,23,5773,100,0,23,0,0,0,0,0,0,False,False,False
2015-01-25,0,28,42,0,3,3,0,23,5797,100,0,23,0,0,0,0,0,0,False,False,False
2015-01-26,0,28,42,0,3,3,0,23,5822,100,0,23,0,0,0,0,0,0,False,False,False
2015-01-27,0,28,42,0,3,3,0,23,5846,100,0,23,0,0,0,0,0,0,False,False,False
2015-01-28,0,29,42,0,3,3,0,23,5869,100,0,23,0,0,0,0,0,0,False,False,False
2015-01-29,0,29,42,0,3,3,0,23,5894,100,0,23,0,0,0,0,0,0,False,False,False
2015-01-30,0,29,42,0,3,3,0,23,5918,100,0,23,0,0,0,0,0,0,False,False,False
2015-01-31,0,29,42,0,3,3,0,23,5941,100,0,23,0,0,0,0,0,0,False,False,False
2015-02-01,0,29,42,0,3,3,0,23,5965,100,0,23,0,0,0,0,0,0,False,False,False
2015-02-02,0,29,42,0,3,3,0,23,5990,100,0,23,0,0,0,0,0,0,False,False,False
2015-02-03,0,29,42,0,3,3,0,23,6013,100,0,23,0,0,0,0,0,0,False,False,False
2015-02-04,0,29,42,0,3,3,0,23,6037,100,0,23,0,0,0,0,0,0,False,False,False
2015-02-05,0,29,42,0,3,3,0,23,6062,100,0,23,0,0,0,0,0,0,False,False,False
2015-02-06,0,29,42,0,3,3,0,23,6085,100,0,23,0,0,0,0,0,0,False,False,False
2015-02-07,0,29,42,0,3,3,0,23,6109,100,0,23,0,0,0,0,0,0,False,False,False
2015-02-08,0,30,42,0,3,3,0,23,6134,100,0,23,0,0,0,0,0,0,False,False,False
2015-02-09,0,30,42,0,3,3,0,23,6158,100,0,23,0,0,0,0,0,0,False,False,False
2015-02-10,0,29,42,0,3,3,0,23,6181,100,0,23,0,0,0,0,0,0,False,False,False
2015-02-11,0,29,42,0,3,3,0,23,6205,100,0,23,0,0,0,0,0,0,False,False,False
2015-02-12,0,29,44,0,3,3,0,24,6230,100,0,24,0,0,0,0,0,0,False,False,False
2015-02-13,0,29,44,0,3,3,0,25,6253,100,0,25,0,0,0,0,0,0,False,False,False
2015-02-14,0,29,44,0,3,3,0,25,6277,100,0,25,0,0,0,0,0,0,False,False,False
2015-02-15,0,29,44,0,3,3,0,25,6302,100,0,25,0,0,0,0,0,0,False,False,False
2015-02-16,0,29,44,0,3,3,0,25,6325,100,0,25,0,0,0,0,0,0,False,False,False
2015-02-17,0,29,44,0,3,3,0,25,6349,100,0,25,0,0,0,0,0,0,False,False,False
2015-02-18,0,29,44,0,3,3,0,25,6374,100,0,25,0,0,0,0,0,0,False,False,False
2015-02-19,0,29,44,0,3,3,0,25,6398,100,0,25,0,0,0,0,0,0,False,False,False
2015-02-20,0,28,44,0,3,3,0,25,6421,100,0,25,0,0,0,0,0,0,False,False,False
2015-02-21,0,29,44,0,3,3,0,25,6445,100,0,25,0,0,0,0,0,0,False,False,False
2015-02-22,0,29,44,0,3,3,0,25,6470,100,0,25,0,0,0,0,0,0,False,False,False
2015-02-23,0,29,44,0,3,3,0,25,6493,100,0,25,0,0,0,0,0,0,False,False,False
2015-02-24,0,28,44,0,3,3,0,25,6517,100,0,25,0,0,0,0,0,0,False,False,False
2015-02-25,0,29,44,0,3,3,0,25,6542,100,0,25,0,0,0,0,0,0,False,False,False
2015-02-26,0,28,44,0,3,3,0,25,6565,100,0,25,0,0,0,0,0,0,False,False,False
2015-02-27,0,29,43,0,3,3,0,26,6589,100,0,26,0,0,0,0,0,0,False,False,False
2015-02-28,0,29,43,0,3,3,0,26,6614,100,0,26,0,0,0,0,0,0,False,False,False
2015-03-01,0,28,43,0,3,3,0,26,6638,100,0,26,0,0,0,0,0,0,False,False,False
2015-03-02,0,28,43,0,3,3,0,26,6661,100,0,26,0,0,0,0,0,0,False,False,False
2015-03-03,0,29,43,0,3,3,0,26,6686,100,0,26,0,0,0,0,0,0,False,False,False
2015-03-04,0,28,43,0,3,3,0,26,6710,100,0,26,0,0,0,0,0,0,False,False,False
2015-03-05,0,28,43,0,3,3,0,26,6733,100,0,26,0,0,0,0,0,0,False,False,False
2015-03-06,0,29,43,0,3,3,0,26,6757,100,0,26,0,0,0,0,0,0,False,False,False
2015-03-07,0,29,43,0,3,3,0,26,6782,100,0,26,0,0,0,0,0,0,False,False,False
2015-03-08,0,29,43,0,3,3,0,26,6805,100,0,26,0,0,0,0,0,0,False,False,False
2015-03-09,0,29,43,0,3,3,0,26,6829,100,0,26,0,0,0,0,0,0,False,False,False
2015-03-10,0,29,43,0,3,3,0,26,6852,100,0,26,0,0,0,0,0,0,False,False,False
2015-03-11,0,29,43,0,3,3,0,26,6877,100,0,26,0,0,0,0,0,0,False,False,False
2015-03-12,0,29,45,0,3,3,0,27,6901,100,0,27,0,0,0,0,0,0,False,False,False
2015-03-13,0,29,45,0,3,3,0,27,6924,100,0,27,0,0,0,0,0,0,False,False,False
2015-03-14,0,29,45,0,3,3,0,27,6949,100,0,27,0,0,0,0,0,0,False,False,False
2015-03-15,0,30,45,0,3,3,0,27,6973,100,0,27,0,0,0,0,0,0,False,False,False
2015-03-16,0,29,45,0,3,3,0,27,6996,100,0,27,0,0,0,0,0,0,False,False,False
2015-03-17,0,29,45,0,3,3,0,27,7020,100,0,27,0,0,0,0,0,0,False,False,False
2015-03-18,0,29,45,0,3,3,0,27,7045,100,0,27,0,0,0,0,0,0,False,False,False
2015-03-19,0,30,45,0,3,3,0,27,7068,100,0,27,0,0,0,0,0,0,False,False,False
2015-03-20,0,30,45,0,3,3,0,27,7092,100,0,27,0,0,0,0,0,0,False,False,False
2015-03-21,0,29,45,0,3,3,0,27,7117,100,0,27,0,0,0,0,0,0,False,False,False
2015-03-22,0,30,45,0,3,3,0,27,7141,100,0,27,0,0,0,0,0,0,False,False,False
2015-03-23,0,30,45,0,3,3,0,27,7164,100,0,27,0,0,0,0,0,0,False,False,False
2015-03-24,0,29,45,0,3,3,0,27,7189,100,0,27,0,0,0,0,0,0,False,False,False
2015-03-25,0,29,45,0,3,3,0,27,7213,100,0,27,0,0,0,0,0,0,False,False,False
2015-03-26,0,30,45,0,3,3,0,27,7236,100,0,27,0,0,0,0,0,0,False,False,False
2015-03-27,0,30,45,0,3,3,0,27,7260,100,0,27,0,0,0,0,0,0,False,False,False
2015-03-28,0,30,43,0,3,3,0,28,7285,100,0,28,0,0,0,0,0,0,False,False,False
2015-03-29,0,29,43,0,3,3,0,28,7308,100,0,28,0,0,0,0,0,0,False,False,False
2015-03-30,0,30,43,0,3,3,0,28,7332,100,0,28,0,0,0,0,0,0,False,False,False
2015-03-31,0,30,43,0,3,3,0,28,7357,100,0,28,0,0,0,0,0,0,False,False,False
2015-04-01,0,29,43,0,3,3,0,28,7381,100,0,28,0,0,0,0,0,0,False,False,False
2015-04-02,0,29,43,0,3,3,0,28,7404,100,0,28,0,0,0,0,0,0,False,False,False
2015-04-03,0,29,43,0,3,3,0,28,7429,100,0,28,0,0,0,0,0,0,False,False,False
2015-04-04,0,29,43,0,3,3,0,28,7453,100,0,28,0,0,0,0,0,0,False,False,False
2015-04-05,0,29,43,0,3,3,0,28,7476,100,0,28,0,0,0,0,0,0,False,False,False
2015-04-06,0,29,43,0,3,3,0,28,7501,100,0,28,0,0,0,0,0,0,False,False,False
2015-04-07,0,29,43,0,3,3,0,28,7525,100,0,28,0,0,0,0,0,0,False,False,False
2015-04-08,0,29,43,0,3,3,0,28,7548,100,0,28,0,0,0,0,0,0,False,False,False
2015-04-09,0,30,43,0,3,3,0,28,7572,100,0,28,0,0,0,0,0,0,False,False,False
2015-04-10,0,30,43,0,3,3,0,28,7597,100,0,28,0,0,0,0,0,0,False,False,False
2015-04-11,0,29,43,0,3,3,0,28,7620,100,0,28,0,0,0,0,0,0,False,False,False
2015-04-12,0,30,43,0,3,3,0,28,7644,100,0,28,0,0,0,0,0,0,False,False,False
2015-04-13,0,29,45,0,3,3,0,29,7669,100,0,29,0,0,0,0,0,0,False,False,False
2015-04-14,0,30,45,0,3,3,0,30,7693,100,0,30,0,0,0,0,0,0,False,False,False
2015-04-15,0,29,45,0,3,3,0,30,7716,100,0,30,0,0,0,0,0,0,False,False,False
2015-04-16,0,29,45,0,3,3,0,30,7741,100,0,30,0,0,0,0,0,0,False,False,False
2015-04-17,0,30,45,0,3,3,0,30,7765,100,0,30,0,0,0,0,0,0,False,False,False
2015-04-18,0,28,44,0,3,3,0,31,7788,100,0,31,0,0,0,0,0,0,False,False,False
2015-04-19,0,29,44,0,3,3,0,31,7812,100,0,31,0,0,0,0,0,0,False,False,False
2015-04-20,0,30,43,0,3,3,0,32,7837,100,0,32,0,0,0,0,0,0,False,False,False
2015-04-21,0,30,43,0,3,3,0,33,7860,100,0,33,0,0,0,0,0,0,False,False,False
2015-04-22,0,31,43,0,3,3,0,33,7884,100,0,33,0,0,0,0,0,0,False,False,False
2015-04-23,0,29,43,0,3,3,0,33,7909,100,0,33,0,0,0,0,0,0,False,False,False
2015-04-24,0,30,43,0,3,3,0,33,7933,100,0,33,0,0,0,0,0,0,False,False,False
2015-04-25,0,30,43,0,3,3,0,33,7956,100,0,33,0,0,0,0,0,0,False,False,False
2015-04-26,0,30,42,0,3,3,0,33,7981,100,0,33,0,0,0,0,0,0,False,False,False
2015-04-27,0,30,42,0,3,3,0,34,8005,100,0,34,0,0,0,0,0,0,False,False,False
2015-04-28,0,29,42,0,3,3,0,34,8028,100,0,34,0,0,0,0,0,0,False,False,False
2015-04-29,0,30,42,0,3,3,0,35,8053,100,0,35,0,0,0,0,0,0,False,False,False
2015-04-30,0,29,42,0,3,3,0,35,8077,100,0,35,0,0,0,0,0,0,False,False,False
2015-05-01,0,29,42,0,3,3,0,36,8100,100,0,36,0,0,0,0,0,0,False,False,False
2015-05-02,0,28,42,0,3,3,0,36,8124,100,0,36,0,0,0,0,0,0,False,False,False
2015-05-03,0,28,42,0,3,3,0,36,8149,100,0,36,0,0,0,0,0,0,False,False,False
2015-05-04,0,29,42,0,3,3,0,36,8173,100,0,36,0,0,0,0,0,0,False,False,False
2015-05-05,0,29,42,0,3,3,0,36,8196,100,0,36,0,0,0,0,0,0,False,False,False
2015-05-06,0,28,42,0,3,3,0,36,8221,100,0,36,0,0,0,0,0,0,False,False,False
2015-05-07,0,28,43,0,3,3,0,37,8245,100,0,37,0,0,0,0,0,0,False,False,False
2015-05-08,0,29,43,0,3,3,0,37,8268,100,0,37,0,0,0,0,0,0,False,False,False
2015-05-09,0,28,43,0,3,3,0,37,8292,100,0,37,0,0,0,0,0,0,False,False,False
2015-05-10,0,29,43,0,3,3,0,37,8317,100,0,37,0,0,0,0,0,0,False,False,False
2015-05-11,0,29,43,0,3,3,0,37,8341,100,0,37,0,0,0,0,0,0,False,False,False
2015-05-12,0,30,43,0,3,3,0,37,8364,100,0,37,0,0,0,0,0,0,False,False,False
2015-05-13,0,30,44,0,3,3,0,38,8389,100,0,38,0,0,0,0,0,0,False,False,False
2015-05-14,0,30,44,0,3,3,0,38,8413,100,0,38,0,0,0,0,0,0,False,False,False
2015-05-15,0,30,44,0,3,3,0,38,8436,100,0,38,0,0,0,0,0,0,False,False,False
2015-05-16,0,30,44,0,3,3,0,38,8460,100,0,38,0,0,0,0,0,0,False,False,False
2015-05-17,0,29,42,0,3,3,0,39,8485,100,0,39,0,0,0,0,0,0,False,False,False
2015-05-18,0,30,42,0,3,3,0,39,8508,100,0,39,0,0,0,0,0,0,False,False,False
2015-05-19,0,29,42,0,3,3,0,39,8532,100,0,39,0,0,0,0,0,0,False,False,False
2015-05-20,0,29,42,0,3,3,0,39,8557,100,0,39,0,0,0,0,0,0,False,False,False
2015-05-21,0,30,42,0,3,3,0,39,8581,100,0,39,0,0,0,0,0,0,False,False,False
2015-05-22,0,30,42,0,3,3,0,39,8604,100,0,39,0,0,0,0,0,0,False,False,False
2015-05-23,0,29,42,0,3,3,0,40,8629,100,0,40,0,0,0,0,0,0,False,False,False
2015-05-24,0,29,42,0,3,3,0,40,8653,100,0,40,0,0,0,0,0,0,False,False,False
2015-05-25,0,30,42,0,3,3,0,40,8676,100,0,40,0,0,0,0,0,0,False,False,False
2015-05-26,0,30,42,0,3,3,0,40,8701,100,0,40,0,0,0,0,0,0,False,False,False
2015-05-27,0,29,42,0,3,3,0,40,8725,100,0,40,0,0,0,0,0,0,False,False,False
2015-05-28,0,29,43,0,3,3,0,41,8748,100,0,41,0,0,0,0,0,0,False,False,False
2015-05-29,0,29,43,0,3,3,0,41,8773,100,0,41,0,0,0,0,0,0,False,False,False
2015-05-30,0,29,43,0,3,3,0,41,8797,100,0,41,0,0,0,0,0,0,False,False,False
2015-05-31,0,29,43,0,3,3,0,41,8820,100,0,41,0,0,0,0,0,0,False,False,False
2015-06-01,0,29,43,0,3,3,0,41,8844,100,0,41,0,0,0,0,0,0,False,False,False
2015-06-02,0,29,43,0,3,3,0,41,8869,100,0,41,0,0,0,0,0,0,False,False,False
2015-06-03,0,29,43,0,3,3,0,41,8893,100,0,41,0,0,0,0,0,0,False,False,False
2015-06-04,0,30,43,0,3,3,0,41,8916,100,0,41,0,0,0,0,0,0,False,False,False
2015-06-05,0,30,43,0,3,3,0,41,8941,100,0,41,0,0,0,0,0,0,False,False,False
2015-06-06,0,29,43,0,3,3,0,41,8965,100,0,41,0,0,0,0,0,0,False,False,False
2015-06-07,0,29,43,0,3,3,0,41,8988,100,0,41,0,0,0,0,0,0,False,False,False
2015-06-08,0,29,43,0,3,3,0,42,9012,100,0,42,0,0,0,0,0,0,False,False,False
2015-06-09,0,29,43,0,3,3,0,42,9037,100,0,42,0,0,0,0,0,0,False,False,False
2015-06-10,0,28,43,0,3,3,0,42,9060,100,0,42,0,0,0,0,0,0,False,False,False
2015-06-11,0,30,43,0,3,3,0,42,9084,100,0,42,0,0,0,0,0,0,False,False,False
2015-06-12,0,29,43,0,3,3,0,42,9109,100,0,42,0,0,0,0,0,0,False,False,False
2015-06-13,0,29,43,0,3,3,0,42,9133,100,0,42,0,0,0,0,0,0,False,False,False
2015-06-14,0,29,43,0,3,3,0,42,9156,100,0,42,0,0,0,0,0,0,False,False,False
2015-06-15,0,29,43,0,3,3,0,42,9181,100,0,42,0,0,0,0,0,0,False,False,False
2015-06-16,0,29,43,0,3,3,0,42,9205,100,0,42,0,0,0,0,0,0,False,False,False
2015-06-17,0,28,43,0,3,3,0,42,9228,100,0,42,0,0,0,0,0,0,False,False,False
2015-06-18,0,29,43,0,3,3,0,43,9253,100,0,43,0,0,0,0,0,0,False,False,False
2015-06-19,0,29,43,0,3,3,0,43,9277,100,0,43,0,0,0,0,0,0,False,False,False
2015-06-20,0,29,43,0,3,3,0,43,9300,100,0,43,0,0,0,0,0,0,False,False,False
2015-06-21,0,29,43,0,3,3,0,43,9324,100,0,43,0,0,0,0,0,0,False,False,False
2015-06-22,0,29,43,0,3,3,0,43,9349,100,0,43,0,0,0,0,0,0,False,False,False
2015-06-23,0,30,43,0,3,3,0,43,9373,100,0,43,0,0,0,0,0,0,False,False,False
2015-06-24,0,30,43,0,3,3,0,43,9397,100,0,43,0,0,0,0,0,0,False,False,False
2015-06-25,0,29,43,0,3,3,0,43,9421,100,0,43,0,0,0,0,0,0,False,False,False
2015-06-26,0,28,43,0,3,3,0,43,9445,100,0,43,0,0,0,0,0,0,False,False,False
2015-06-27,0,29,43,0,3,3,0,43,9468,100,0,43,0,0,0,0,0,0,False,False,False
2015-06-28,0,29,42,0,3,3,0,43,9493,100,0,43,0,0,0,0,0,0,False,False,False
2015-06-29,0,28,42,0,3,3,0,44,9517,100,0,44,0,0,0,0,0,0,False,False,False
2015-06-30,0,29,42,0,3,3,0,44,9540,100,0,44,0,0,0,0,0,0,False,False,False
2015-07-01,0,28,42,0,3,3,0,44,9564,100,0,44,0,0,0,0,0,0,False,False,False
2015-07-02,0,29,42,0,3,3,0,44,9589,100,0,44,0,0,0,0,0,0,False,False,False
2015-07-03,0,29,42,0,3,3,0,44,9612,100,0,44,0,0,0,0,0,0,False,False,False
2015-07-04,0,29,42,0,3,3,0,44,9636,100,0,44,0,0,0,0,0,0,False,False,False
2015-07-05,0,28,42,0,3,3,0,44,9661,100,0,44,0,0,0,0,0,0,False,False,False
2015-07-06,0,29,42,0,3,3,0,44,9685,100,0,44,0,0,0,0,0,0,False,False,False
2015-07-07,0,29,42,0,3,3,0,44,9708,100,0,44,0,0,0,0,0,0,False,False,False
2015-07-08,0,28,42,0,3,3,0,44,9733,100,0,44,0,0,0,0,0,0,False,False,False
2015-07-09,0,30,42,0,3,3,0,44,9757,100,0,44,0,0,0,0,0,0,False,False,False
2015-07-10,0,31,42,0,3,3,0,44,9780,100,0,44,0,0,0,0,0,0,False,False,False
2015-07-11,0,30,42,0,3,3,0,45,9805,100,0,45,0,0,0,0,0,0,False,False,False
2015-07-12,0,30,42,0,3,3,0,46,9829,100,0,46,0,0,0,0,0,0,False,False,False
2015-07-13,0,30,42,0,3,3,0,46,9852,100,0,46,0,0,0,0,0,0,False,False,False
2015-07-14,0,30,42,0,3,3,0,46,9877,100,0,46,0,0,0,0,0,0,False,False,False
2015-07-15,0,30,42,0,3,3,0,46,9901,100,0,46,0,0,0,0,0,0,False,False,False
2015-07-16,0,28,42,0,3,3,0,46,9925,100,0,46,0,0,0,0,0,0,False,False,False
2015-07-17,0,28,42,0,3,3,0,46,9948,100,0,46,0,0,0,0,0,0,False,False,False
2015-07-18,0,28,42,0,3,3,0,46,9973,100,0,46,0,0,0,0,0,0,False,False,False
2015-07-19,0,28,42,0,3,3,0,47,9997,100,0,47,0,0,0,0,0,0,False,False,False
2015-07-20,0,28,42,0,3,3,0,47,10020,100,0,47,0,0,0,0,0,0,False,False,False
2015-07-21,0,28,42,0,3,3,0,47,10044,100,0,47,0,0,0,0,0,0,False,False,False
2015-07-22,0,29,42,0,3,3,0,47,10069,100,0,47,0,0,0,0,0,0,False,False,False
2015-07-23,0,28,43,0,3,3,0,48,10093,100,0,48,0,0,0,0,0,0,False,False,False
2015-07-24,0,28,43,0,3,3,0,49,10116,100,0,49,0,0,0,0,0,0,False,False,False
2015-07-25,0,26,43,0,3,3,0,50,10141,100,0,50,0,0,0,0,0,0,False,False,False
2015-07-26,0,26,43,0,3,3,0,50,10165,100,0,50,0,0,0,0,0,0,False,False,False
2015-07-27,0,26,42,0,3,3,0,51,10188,100,0,51,0,0,0,0,0,0,False,False,False
2015-07-28,0,26,42,0,3,3,0,52,10212,100,0,52,0,0,0,0,0,0,False,False,False
2015-07-29,0,26,43,0,3,3,0,53,10237,100,0,53,0,0,0,0,0,0,False,False,False
2015-07-30,0,26,43,0,3,3,0,53,10261,100,0,53,0,0,0,0,0,0,False,False,False
2015-07-31,0,26,42,0,3,3,0,54,10284,99,0,54,0,0,0,0,0,0,False,False,False
2015-08-01,0,27,42,0,3,3,0,54,10309,100,0,54,0,0,0,0,0,0,False,False,False
2015-08-02,0,27,44,0,3,3,0,55,10333,100,0,55,0,0,0,0,0,0,False,False,False
2015-08-03,0,26,44,0,3,3,0,56,10356,100,0,56,0,0,0,0,0,0,False,False,False
2015-08-04,0,27,44,0,3,3,0,56,10381,100,0,56,0,0,0,0,0,0,False,False,False
2015-08-05,0,26,44,0,3,3,0,56,10405,100,0,56,0,0,0,0,0,0,False,False,False
2015-08-06,0,27,44,0,3,3,0,56,10428,100,0,56,0,0,0,0,0,0,False,False,False
2015-08-07,0,26,44,0,3,3,0,56,10453,100,0,56,0,0,0,0,0,0,False,False,False
2015-08-08,0,26,44,0,3,3,0,56,10477,100,0,56,0,0,0,0,0,0,False,False,False
2015-08-09,0,26,43,0,3,3,0,57,10501,100,0,57,0,0,0,0,0,0,False,False,False
2015-08-10,0,27,43,0,3,3,0,57,10524,100,0,57,0,0,0,0,0,0,False,False,False
2015-08-11,0,26,43,0,3,3,0,57,10549,100,0,57,0,0,0,0,0,0,False,False,False
2015-08-12,0,27,43,0,3,3,0,57,10573,100,0,57,0,0,0,0,0,0,False,False,False
2015-08-13,0,26,43,0,3,3,0,57,10596,100,0,57,0,0,0,0,0,0,False,False,False
2015-08-14,0,26,43,0,3,3,0,57,10621,100,0,57,0,0,0,0,0,0,False,False,False
2015-08-15,0,27,43,0,3,3,0,57,10645,100,0,57,0,0,0,0,0,0,False,False,False
2015-08-16,0,26,43,0,3,3,0,57,10669,100,0,57,0,0,0,0,0,0,False,False,False
2015-08-17,0,27,43,0,3,3,0,57,10693,100,0,57,0,0,0,0,0,0,False,False,False
2015-08-18,0,26,43,0,3,3,0,57,10717,100,0,57,0,0,0,0,0,0,False,False,False
2015-08-19,0,26,43,0,3,3,0,57,10741,100,0,57,0,0,0,0,0,0,False,False,False
2015-08-20,0,26,43,0,3,3,0,57,10764,100,0,57,0,0,0,0,0,0,False,False,False
2015-08-21,0,26,43,0,3,3,0,57,10789,100,0,57,0,0,0,0,0,0,False,False,False
2015-08-22,0,26,43,0,3,3,0,57,10813,100,0,57,0,0,0,0,0,0,False,False,False
2015-08-23,0,26,43,0,3,3,0,57,10837,100,0,57,0,0,0,0,0,0,False,False,False
2015-08-24,0,26,43,0,3,3,0,57,10860,100,0,57,0,0,0,0,0,0,False,False,False
2015-08-25,0,26,43,0,3,3,0,57,10885,100,0,57,0,0,0,0,0,0,False,False,False
2015-08-26,0,26,43,0,3,3,0,57,10909,100,0,57,0,0,0,0,0,0,False,False,False
2015-08-27,0,26,43,0,3,3,0,57,10932,100,0,57,0,0,0,0,0,0,False,False,False
2015-08-28,0,26,43,0,3,3,0,58,10957,100,0,58,0,0,0,0,0,0,False,False,False
2015-08-29,0,26,43,0,3,3,0,58,10981,100,0,58,0,0,0,0,0,0,False,False,False
2015-08-30,0,26,43,0,3,3,0,58,11004,100,0,58,0,0,0,0,0,0,False,False,False
2015-08-31,0,26,43,0,3,3,0,58,11028,100,0,58,0,0,0,0,0,0,False,False,False
2015-09-01,0,26,43,0,3,3,0,58,11053,100,0,58,0,0,0,0,0,0,False,False,False
2015-09-02,0,26,43,0,3,3,0,58,11077,100,0,58,0,0,0,0,0,0,False,False,False
2015-09-03,0,26,43,0,3,3,0,58,11101,100,0,58,0,0,0,0,0,0,False,False,False
2015-09-04,0,26,43,0,3,3,0,58,11125,100,0,58,0,0,0,0,0,0,False,False,False
2015-09-05,0,26,43,0,3,3,0,58,11149,100,0,58,0,0,0,0,0,0,False,False,False
2015-09-06,0,26,43,0,3,3,0,58,11172,100,0,58,0,0,0,0,0,0,False,False,False
2015-09-07,0,26,43,0,3,3,0,58,11197,100,0,58,0,0,0,0,0,0,False,False,False
2015-09-08,0,26,43,0,3,3,0,58,11221,100,0,58,0,0,0,0,0,0,False,False,False
2015-09-09,0,26,43,0,3,3,0,58,11244,100,0,58,0,0,0,0,0,0,False,False,False
2015-09-10,0,26,43,0,3,3,0,59,11269,100,0,59,0,0,0,0,0,0,False,False,False
2015-09-11,0,26,43,0,3,3,0,59,11293,100,0,59,0,0,0,0,0,0,False,False,False
2015-09-12,0,26,43,0,3,3,0,59,11317,100,0,59,0,0,0,0,0,0,False,False,False
2015-09-13,0,26,43,0,3,3,0,59,11340,100,0,59,0,0,0,0,0,0,False,False,False
2015-09-14,0,26,42,0,3,3,0,60,11365,100,0,60,0,0,0,0,0,0,False,False,False
2015-09-15,0,26,42,0,3,3,0,60,11389,100,0,60,0,0,0,0,0,0,False,False,False
2015-09-16,0,26,42,0,3,3,0,60,11412,100,0,60,0,0,0,0,0,0,False,False,False
2015-09-17,0,26,42,0,3,3,0,60,11437,100,0,60,0,0,0,0,0,0,False,False,False
2015-09-18,0,26,42,0,3,3,0,60,11461,100,0,60,0,0,0,0,0,0,False,False,False
2015-09-19,0,26,44,0,3,3,0,61,11484,100,0,61,0,0,0,0,0,0,False,False,False
2015-09-20,0,26,44,0,3,3,0,61,11509,100,0,61,0,0,0,0,0,0,False,False,False
2015-09-21,0,26,44,0,3,3,0,61,11533,100,0,61,0,0,0,0,0,0,False,False,False
2015-09-22,0,26,42,0,3,3,0,62,11557,100,0,62,0,0,0,0,0,0,False,False,False
2015-09-23,0,26,42,0,3,3,0,62,11581,100,0,62,0,0,0,0,0,0,False,False,False
2015-09-24,0,26,42,0,3,3,0,62,11605,100,0,62,0,0,0,0,0,0,False,False,False
2015-09-25,0,26,42,0,3,3,0,63,11629,100,0,63,0,0,0,0,0,0,False,False,False
2015-09-26,0,26,42,0,3,3,0,63,11653,100,0,63,0,0,0,0,0,0,False,False,False
2015-09-27,0,26,42,0,3,3,0,63,11677,100,0,63,0,0,0,0,0,0,False,False,False
2015-09-28,0,26,42,0,3,3,0,63,11701,100,0,63,0,0,0,0,0,0,False,False,False
2015-09-29,0,26,42,0,3,3,0,63,11724,100,0,63,0,0,0,0,0,0,False,False,False
2015-09-30,0,26,42,0,3,3,0,63,11749,100,0,63,0,0,0,0,0,0,False,False,False
2015-10-01,0,26,42,0,3,3,0,63,11773,100,0,63,0,0,0,0,0,0,False,False,False
2015-10-02,0,26,42,0,3,3,0,63,11796,100,0,63,0,0,0,0,0,0,False,False,False
2015-10-03,0,26,42,0,3,3,0,64,11821,100,0,64,0,0,0,0,0,0,False,False,False
2015-10-04,0,26,42,0,3,3,0,64,11845,100,0,64,0,0,0,0,0,0,False,False,False
2015-10-05,0,26,42,0,3,3,0,64,11869,100,0,64,0,0,0,0,0,0,False,False,False
2015-10-06,0,26,43,0,3,3,0,65,11892,100,0,65,0,0,0,0,0,0,False,False,False
2015-10-07,0,26,43,0,3,3,0,65,11917,100,0,65,0,0,0,0,0,0,False,False,False
2015-10-08,0,26,43,0,3,3,0,65,11941,100,0,65,0,0,0,0,0,0,False,False,False
2015-10-09,0,26,43,0,3,3,0,65,11964,100,0,65,0,0,0,0,0,0,False,False,False
2015-10-10,0,26,43,0,3,3,0,65,11989,100,0,65,0,0,0,0,0,0,False,False,False
2015-10-11,0,26,43,0,3,3,0,65,12013,100,0,65,0,0,0,0,0,0,False,False,False
2015-10-12,0,26,43,0,3,3,0,65,12037,100,0,65,0,0,0,0,0,0,False,False,False
2015-10-13,0,26,43,0,3,3,0,65,12061,100,0,65,0,0,0,0,0,0,False,False,False
2015-10-14,0,26,43,0,3,3,0,65,12085,100,0,65,0,0,0,0,0,0,False,False,False
2015-10-15,0,26,43,0,3,3,0,65,12109,100,0,65,0,0,0,0,0,0,False,False,False
2015-10-16,0,26,43,0,3,3,0,65,12133,100,0,65,0,0,0,0,0,0,False,False,False
2015-10-17,0,26,43,0,3,3,0,65,12157,100,0,65,0,0,0,0,0,0,False,False,False
2015-10-18,0,26,43,0,3,3,0,65,12181,100,0,65,0,0,0,0,0,0,False,False,False
2015-10-19,0,26,43,0,3,3,0,65,12204,100,0,65,0,0,0,0,0,0,False,False,False
2015-10-20,0,26,43,0,3,3,0,65,12229,100,0,65,0,0,0,0,0,0,False,False,False
2015-10-21,0,26,44,0,3,3,0,66,12253,100,0,66,0,0,0,0,0,0,False,False,False
2015-10-22,0,26,43,0,3,3,0,67,12276,100,0,67,0,0,0,0,0,0,False,False,False
2015-10-23,0,26,43,0,3,3,0,67,12301,100,0,67,0,0,0,0,0,0,False,False,False
2015-10-24,0,26,43,0,3,3,0,68,12325,100,0,68,0,0,0,0,0,0,False,False,False
2015-10-25,0,26,43,0,3,3,0,68,12349,100,0,68,0,0,0,0,0,0,False,False,False
2015-10-26,0,26,43,0,3,3,0,68,12372,100,0,68,0,0,0,0,0,0,False,False,False
2015-10-27,0,26,43,0,3,3,0,69,12397,100,0,69,0,0,0,0,0,0,False,False,False
2015-10-29,0,26,43,0,3,3,0,70,12444,100,0,70,0,0,0,0,0,0,False,False,False
2015-10-30,0,27,43,0,3,3,0,71,12469,100,0,71,0,0,0,0,0,0,False,False,False
2015-10-31,0,26,42,0,3,3,0,72,12493,100,0,72,0,0,0,0,0,0,False,False,False
2015-11-02,0,26,44,0,3,3,0,73,12542,100,0,73,0,0,0,0,0,0,False,False,False
2015-11-03,0,26,44,0,3,3,0,73,12566,100,0,73,0,0,0,0,0,0,False,False,False
2015-11-04,0,27,44,0,3,3,0,73,12590,100,0,73,0,0,0,0,0,0,False,False,False
2015-11-05,0,27,44,0,3,3,0,73,12614,100,0,73,0,0,0,0,0,0,False,False,False
2015-11-06,0,28,44,0,3,3,0,73,12638,100,0,73,0,0,0,0,0,0,False,False,False
2015-11-07,0,29,44,0,3,3,0,73,12661,100,0,73,0,0,0,0,0,0,False,False,False
2015-11-08,0,26,42,0,3,3,0,74,12686,100,0,74,0,0,0,0,0,0,False,False,False
2015-11-09,0,26,42,0,3,3,0,75,12710,100,0,75,0,0,0,0,0,0,False,False,False
2015-11-10,0,26,42,0,3,3,0,76,12733,100,0,76,0,0,0,0,0,0,False,False,False
2015-11-11,0,26,42,0,3,3,0,76,12758,100,0,76,0,0,0,0,0,0,False,False,False
2015-11-12,0,26,42,0,3,3,0,76,12782,100,0,76,0,0,0,0,0,0,False,False,False
2015-11-13,0,26,42,0,3,3,0,76,12806,100,0,76,0,0,0,0,0,0,False,False,False
2015-11-14,0,26,41,0,3,3,0,77,12830,100,0,77,0,0,0,0,0,0,False,False,False
2015-11-15,0,26,41,0,3,3,0,77,12854,100,0,77,0,0,0,0,0,0,False,False,False
2015-11-16,0,26,41,0,3,3,0,77,12878,100,0,77,0,0,0,0,0,0,False,False,False
2015-11-17,0,28,41,0,3,3,0,77,12902,100,0,77,0,0,0,0,0,0,False,False,False
2015-11-18,0,29,41,0,3,3,0,77,12926,100,0,77,0,0,0,0,0,0,False,False,False
2015-11-19,0,29,43,0,3,3,0,77,12950,100,0,77,0,0,0,0,0,0,False,False,False
2015-11-20,0,29,43,0,3,3,0,78,12974,100,0,78,0,0,0,0,0,0,False,False,False
2015-11-21,0,29,43,0,3,3,0,78,12998,100,0,78,0,0,0,0,0,0,False,False,False
2015-11-22,0,27,43,0,3,3,0,78,13022,100,0,78,0,0,0,0,0,0,False,False,False
2015-11-23,0,26,43,0,3,3,0,78,13046,100,0,78,0,0,0,0,0,0,False,False,False
2015-11-24,0,29,42,0,3,3,0,79,13070,100,0,79,0,0,0,0,0,0,False,False,False
2015-11-25,0,29,42,0,3,3,0,79,13094,100,0,79,0,0,0,0,0,0,False,False,False
2015-11-26,0,28,42,0,3,3,0,79,13118,100,0,79,0,0,0,0,0,0,False,False,False
2015-11-27,0,28,42,0,3,3,0,79,13141,100,0,79,0,0,0,0,0,0,False,False,False
2015-11-28,0,28,43,0,3,3,0,80,13166,100,0,80,0,0,0,0,0,0,False,False,False
2015-11-29,0,28,43,0,3,3,0,80,13190,100,0,80,0,0,0,0,0,0,False,False,False
2015-11-30,0,28,43,0,3,3,0,81,13213,100,0,81,0,0,0,0,0,0,False,False,False
2015-12-01,0,27,43,0,3,3,0,81,13238,100,0,81,0,0,0,0,0,0,False,False,False
2015-12-02,0,27,43,0,3,3,0,81,13262,100,0,81,0,0,0,0,0,0,False,False,False
2015-12-03,0,28,42,0,3,3,0,82,13285,100,0,82,0,0,0,0,0,0,False,False,False
2015-12-04,0,27,42,0,3,3,0,83,13310,100,0,83,0,0,0,0,0,0,False,False,False
2015-12-05,0,27,42,0,3,3,0,83,13334,100,0,83,0,0,0,0,0,0,False,False,False
2015-12-06,0,28,42,0,3,3,0,83,13358,100,0,83,0,0,0,0,0,0,False,False,False
2015-12-07,0,28,42,0,3,3,0,83,13382,100,0,83,0,0,0,0,0,0,False,False,False
2015-12-08,0,27,44,0,3,3,0,84,13406,100,0,84,0,0,0,0,0,0,False,False,False
2015-12-09,0,28,43,0,3,3,0,85,13430,100,0,85,0,0,0,0,0,0,False,False,False
2015-12-10,0,29,43,0,3,3,0,86,13454,100,0,86,0,0,0,0,0,0,False,False,False
2015-12-11,0,27,43,0,3,3,0,86,13478,100,0,86,0,0,0,0,0,0,False,False,False
2015-12-12,0,27,42,0,3,3,0,87,13502,100,0,87,0,0,0,0,0,0,False,False,False
2015-12-13,0,27,42,0,3,3,0,87,13525,100,0,87,0,0,0,0,0,0,False,False,False
2015-12-14,0,27,42,0,3,3,0,87,13550,100,0,87,0,0,0,0,0,0,False,False,False
2015-12-15,0,27,42,0,3,3,0,88,13574,100,0,88,0,0,0,0,0,0,False,False,False
2015-12-16,0,27,42,0,3,3,0,88,13598,100,0,88,0,0,0,0,0,0,False,False,False
2015-12-17,0,26,42,0,3,3,0,88,13622,100,0,88,0,0,0,0,0,0,False,False,False
2015-12-18,0,27,43,0,3,3,0,89,13646,100,0,89,0,0,0,0,0,0,False,False,False
2015-12-19,0,26,43,0,3,3,0,90,13670,100,0,90,0,0,0,0,0,0,False,False,False
2015-12-20,0,26,43,0,3,3,0,90,13694,100,0,90,0,0,0,0,0,0,False,False,False
2015-12-21,0,26,43,0,3,3,0,90,13718,100,0,90,0,0,0,0,0,0,False,False,False
2015-12-22,0,26,43,0,3,3,0,90,13742,100,0,90,0,0,0,0,0,0,False,False,False
2015-12-23,0,27,43,0,3,3,0,90,13766,100,0,90,0,0,0,0,0,0,False,False,False
2015-12-24,0,26,42,0,3,3,0,91,13790,100,0,91,0,0,0,0,0,0,False,False,False
2015-12-25,0,26,42,0,3,3,0,91,13814,100,0,91,0,0,0,0,0,0,False,False,False
2015-12-26,0,26,42,0,3,3,0,91,13838,100,0,91,0,0,0,0,0,0,False,False,False
2015-12-27,0,26,43,0,3,3,0,92,13862,100,0,92,0,0,0,0,0,0,False,False,False
2015-12-28,0,26,43,0,3,3,0,92,13886,100,0,92,0,0,0,0,0,0,False,False,False
2015-12-29,0,26,43,0,3,3,0,92,13910,100,0,92,0,0,0,0,0,0,False,False,False
2015-12-30,0,26,44,0,3,3,0,93,13934,100,0,93,0,0,0,0,0,0,False,False,False
2015-12-31,0,26,44,0,3,3,0,93,13958,100,0,93,0,0,0,0,0,0,False,False,False
2016-01-01,0,26,44,0,3,3,0,94,13982,100,0,94,0,0,0,0,0,0,False,False,False
2016-01-02,0,26,44,0,3,3,0,94,14006,100,0,94,0,0,0,0,0,0,False,False,False
2016-01-03,0,26,44,0,3,3,0,94,14030,100,0,94,0,0,0,0,0,0,False,False,False
2016-01-04,0,26,44,0,3,3,0,94,14054,100,0,94,0,0,0,0,0,0,False,False,False
2016-01-05,0,27,44,0,3,3,0,94,14077,100,0,94,0,0,0,0,0,0,False,False,False
2016-01-06,0,27,44,0,3,3,0,94,14102,100,0,94,0,0,0,0,0,0,False,False,False
2016-01-07,0,27,42,0,3,3,0,95,14126,100,0,95,0,0,0,0,0,0,False,False,False
2016-01-08,0,26,42,0,3,3,0,96,14150,100,0,96,0,0,0,0,0,0,False,False,False
2016-01-09,0,27,42,0,3,3,0,96,14174,100,0,96,0,0,0,0,0,0,False,False,False
2016-01-10,0,27,42,0,3,3,0,96,14198,100,0,96,0,0,0,0,0,0,False,False,False
2016-01-11,0,27,42,0,3,3,0,96,14222,100,0,96,0,0,0,0,0,0,False,False,False
2016-01-12,0,26,42,0,3,3,0,96,14246,100,0,96,0,0,0,0,0,0,False,False,False
2016-01-13,0,27,42,0,3,3,0,96,14270,100,0,96,0,0,0,0,0,0,False,False,False
2016-01-14,0,27,43,0,3,3,0,97,14294,100,0,97,0,0,0,0,0,0,False,False,False
2016-01-15,0,27,43,0,3,3,0,97,14317,100,0,97,0,0,0,0,0,0,False,False,False
2016-01-16,0,27,43,0,3,3,0,97,14342,100,0,97,0,0,0,0,0,0,False,False,False
2016-01-17,0,28,42,0,3,3,0,98,14366,100,0,98,0,0,0,0,0,0,False,False,False
2016-01-18,0,28,42,0,3,3,0,98,14390,100,0,98,0,0,0,0,0,0,False,False,False
2016-01-19,0,28,44,0,3,3,0,99,14414,100,0,99,0,0,0,0,0,0,False,False,False
2016-01-20,0,28,44,0,3,3,0,99,14438,100,0,99,0,0,0,0,0,0,False,False,False
2016-01-21,0,28,44,0,3,3,0,99,14462,100,0,99,0,0,0,0,0,0,False,False,False
2016-01-22,0,28,44,0,3,3,0,99,14486,100,0,99,0,0,0,0,0,0,False,False,False
2016-01-23,0,28,44,0,3,3,0,99,14510,100,0,99,0,0,0,0,0,0,False,False,False
2016-01-24,0,28,44,0,3,3,0,100,14534,100,0,100,0,0,0,0,0,0,False,False,False
2016-01-25,0,28,44,0,3,3,0,100,14558,100,0,100,0,0,0,0,0,0,False,False,False
2016-01-26,0,27,44,0,3,3,0,100,14582,100,0,100,0,0,0,0,0,0,False,False,False
2016-01-27,0,28,42,0,3,3,0,101,14606,100,0,101,0,0,0,0,0,0,False,False,False
2016-01-28,0,28,42,0,3,3,0,101,14630,100,0,101,0,0,0,0,0,0,False,False,False
2016-01-29,0,28,42,0,3,3,0,101,14654,100,0,101,0,0,0,0,0,0,False,False,False
2016-01-30,0,28,42,0,3,3,0,101,14678,100,0,101,0,0,0,0,0,0,False,False,False
2016-01-31,0,28,42,0,3,3,0,102,14702,100,0,102,0,0,0,0,0,0,False,False,False
2016-02-01,0,27,42,0,3,3,0,102,14726,100,0,102,0,0,0,0,0,0,False,False,False
2016-02-02,0,27,42,0,3,3,0,102,14750,100,0,102,0,0,0,0,0,0,False,False,False
2016-02-03,0,27,43,0,3,3,0,103,14774,100,0,103,0,0,0,0,0,0,False,False,False
2016-02-04,0,27,43,0,3,3,0,103,14798,100,0,103,0,0,0,0,0,0,False,False,False
2016-02-05,0,28,44,0,3,3,0,104,14822,100,0,104,0,0,0,0,0,0,False,False,False
2016-02-06,0,28,44,0,3,3,0,104,14846,100,0,104,0,0,0,0,0,0,False,False,False
2016-02-07,0,29,44,0,3,3,0,104,14869,100,0,104,0,0,0,0,0,0,False,False,False
2016-02-08,0,29,44,0,3,3,0,104,14894,100,0,104,0,0,0,0,0,0,False,False,False
2016-02-09,0,28,42,0,3,3,0,105,14918,100,0,105,0,0,0,0,0,0,False,False,False
2016-02-10,0,26,42,0,3,3,0,105,14942,100,0,105,0,0,0,0,0,0,False,False,False
2016-02-11,0,29,43,0,3,3,0,106,14966,100,0,106,0,0,0,0,0,0,False,False,False
2016-02-12,0,28,43,0,3,3,0,106,14990,100,0,106,0,0,0,0,0,0,False,False,False
2016-02-13,0,28,43,0,3,3,0,106,15014,100,0,106,0,0,0,0,0,0,False,False,False
2016-02-14,0,28,42,0,3,3,0,107,15038,100,0,107,0,0,0,0,0,0,False,False,False
2016-02-15,0,28,42,0,3,3,0,107,15062,100,0,107,0,0,0,0,0,0,False,False,False
2016-02-16,0,28,42,0,3,3,0,107,15086,100,0,107,0,0,0,0,0,0,False,False,False
2016-02-17,0,28,42,0,3,3,0,107,15109,100,0,107,0,0,0,0,0,0,False,False,False
2016-02-18,0,29,42,0,3,3,0,108,15134,100,0,108,0,0,0,0,0,0,False,False,False
2016-02-19,0,29,42,0,3,3,0,108,15158,100,0,108,0,0,0,0,0,0,False,False,False
2016-02-20,0,29,42,0,3,3,0,108,15182,100,0,108,0,0,0,0,0,0,False,False,False
2016-02-21,0,28,43,0,3,3,0,109,15206,100,0,109,0,0,0,0,0,0,False,False,False
2016-02-22,0,29,43,0,3,3,0,110,15230,100,0,110,0,0,0,0,0,0,False,False,False
2016-02-23,0,29,43,0,3,3,0,110,15254,100,0,110,0,0,0,0,0,0,False,False,False
2016-02-24,0,29,43,0,3,3,0,111,15278,100,0,111,0,0,0,0,0,0,False,False,False
2016-02-25,0,28,43,0,3,3,0,111,15302,100,0,111,0,0,0,0,0,0,False,False,False
2016-02-26,0,28,43,0,3,3,0,111,15326,100,0,111,0,0,0,0,0,0,False,False,False
2016-02-27,0,27,42,0,3,3,0,111,15349,100,0,111,0,0,0,0,0,0,False,False,False
2016-02-28,0,29,42,0,3,3,0,112,15374,100,0,112,0,0,0,0,0,0,False,False,False
2016-02-29,0,27,42,0,3,3,0,113,15398,100,0,113,0,0,0,0,0,0,False,False,False
2016-03-01,0,28,42,0,3,3,0,114,15422,100,0,114,0,0,0,0,0,0,False,False,False
2016-03-02,0,27,42,0,3,3,0,114,15446,100,0,114,0,0,0,0,0,0,False,False,False
2016-03-03,0,27,43,0,3,3,0,115,15470,100,0,115,0,0,0,0,0,0,False,False,False
2016-03-04,0,27,43,0,3,3,0,115,15494,100,0,115,0,0,0,0,0,0,False,False,False
2016-03-05,0,27,43,0,3,3,0,115,15518,100,0,115,0,0,0,0,0,0,False,False,False
2016-03-06,0,28,42,0,3,3,0,116,15542,100,0,116,0,0,0,0,0,0,False,False,False
2016-03-07,0,29,42,0,3,3,0,116,15566,100,0,116,0,0,0,0,0,0,False,False,False
2016-03-08,0,28,42,0,3,3,0,116,15589,100,0,116,0,0,0,0,0,0,False,False,False
2016-03-09,0,28,42,0,3,3,0,116,15614,100,0,116,0,0,0,0,0,0,False,False,False
2016-03-10,0,28,42,0,3,3,0,116,15638,100,0,116,0,0,0,0,0,0,False,False,False
2016-03-11,0,29,42,0,3,3,0,116,15662,100,0,116,0,0,0,0,0,0,False,False,False
2016-03-12,0,29,42,0,3,3,0,117,15686,100,0,117,0,0,0,0,0,0,False,False,False
2016-03-13,0,29,42,0,3,3,0,118,15710,100,0,118,0,0,0,0,0,0,False,False,False
2016-03-14,0,29,42,0,3,3,0,118,15734,100,0,118,0,0,0,0,0,0,False,False,False
2016-03-15,0,28,42,0,3,3,0,118,15757,100,0,118,0,0,0,0,0,0,False,False,False
2016-03-16,0,28,43,0,3,3,0,119,15781,100,0,119,0,0,0,0,0,0,False,False,False
2016-03-17,0,28,43,0,3,3,0,119,15805,100,0,119,0,0,0,0,0,0,False,False,False
2016-03-18,0,29,43,0,3,3,0,119,15829,100,0,119,0,0,0,0,0,0,False,False,False
2016-03-19,0,28,43,0,3,3,0,119,15853,100,0,119,0,0,0,0,0,0,False,False,False
2016-03-20,0,27,43,0,3,3,0,120,15877,100,0,120,0,0,0,0,0,0,False,False,False
2016-03-21,0,27,43,0,3,3,0,120,15901,100,0,120,0,0,0,0,0,0,False,False,False
2016-03-22,0,28,43,0,3,3,0,120,15925,100,0,120,0,0,0,0,0,0,False,False,False
2016-03-23,0,27,43,0,3,3,0,120,15949,100,0,120,0,0,0,0,0,0,False,False,False
2016-03-24,0,28,43,0,3,3,0,120,15973,100,0,120,0,0,0,0,0,0,False,False,False
2016-03-25,0,28,42,0,3,3,0,121,15997,100,0,121,0,0,0,0,0,0,False,False,False
2016-03-26,0,28,42,0,3,3,0,121,16021,100,0,121,0,0,0,0,0,0,False,False,False
2016-03-27,0,28,42,0,3,3,0,121,16045,100,0,121,0,0,0,0,0,0,False,False,False
2016-03-28,0,28,43,0,3,3,0,122,16069,100,0,122,0,0,0,0,0,0,False,False,False
2016-03-29,0,27,43,0,3,3,0,123,16093,100,0,123,0,0,0,0,0,0,False,False,False
2016-03-30,0,27,43,0,3,3,0,123,16117,100,0,123,0,0,0,0,0,0,False,False,False
2016-03-31,0,28,43,0,3,3,0,124,16141,100,0,124,0,0,0,0,0,0,False,False,False
2016-04-01,0,28,43,0,3,3,0,124,16164,100,0,124,0,0,0,0,0,0,False,False,False
2016-04-02,0,28,43,0,3,3,0,125,16189,100,0,125,0,0,0,0,0,0,False,False,False
2016-04-03,0,28,43,0,3,3,0,125,16213,100,0,125,0,0,0,0,0,0,False,False,False
2016-04-04,0,28,44,0,3,3,0,126,16237,100,0,126,0,0,0,0,0,0,False,False,False
2016-04-05,0,28,44,0,3,3,0,126,16261,100,0,126,0,0,0,0,0,0,False,False,False
2016-04-06,0,27,44,0,3,3,0,126,16285,100,0,126,0,0,0,0,0,0,False,False,False
2016-04-07,0,26,44,0,3,3,0,127,16309,100,0,127,0,0,0,0,0,0,False,False,False
2016-04-08,0,29,44,0,3,3,0,128,16333,100,0,128,0,0,0,0,0,0,False,False,False
2016-04-09,0,29,44,0,3,3,0,128,16357,100,0,128,0,0,0,0,0,0,False,False,False
2016-04-10,0,29,44,0,3,3,0,128,16381,100,0,128,0,0,0,0,0,0,False,False,False
2016-04-11,0,29,44,0,3,3,0,128,16404,100,0,128,0,0,0,0,0,0,False,False,False
2016-04-12,0,29,44,0,3,3,0,128,16429,100,0,128,0,0,0,0,0,0,False,False,False
2016-04-13,0,28,43,0,3,3,0,129,16453,100,0,129,0,0,0,0,0,0,False,False,False
2016-04-14,0,28,43,0,3,3,0,129,16477,100,0,129,0,0,0,0,0,0,False,False,False
2016-04-15,0,28,43,0,3,3,0,129,16501,100,0,129,0,0,0,0,0,0,False,False,False
2016-04-16,0,28,43,0,3,3,0,130,16525,100,0,130,0,0,0,0,0,0,False,False,False
2016-04-17,0,27,43,0,3,3,0,131,16549,100,0,131,0,0,0,0,0,0,False,False,False
2016-04-18,0,28,43,0,3,3,0,132,16573,100,0,132,0,0,0,0,0,0,False,False,False
2016-04-19,0,26,43,0,3,3,0,132,16597,100,0,132,0,0,0,0,0,0,False,False,False
2016-04-20,0,27,43,0,3,3,0,132,16621,100,0,132,0,0,0,0,0,0,False,False,False
2016-04-21,0,27,43,0,3,3,0,132,16645,100,0,132,0,0,0,0,0,0,False,False,False
2016-04-22,0,28,42,0,3,3,0,133,16669,100,0,133,0,0,0,0,0,0,False,False,False
2016-04-23,0,28,42,0,3,3,0,133,16693,100,0,133,0,0,0,0,0,0,False,False,False
2016-04-24,0,28,42,0,3,3,0,133,16717,100,0,133,0,0,0,0,0,0,False,False,False
2016-04-25,0,28,42,0,3,3,0,133,16741,100,0,133,0,0,0,0,0,0,False,False,False
2016-04-26,0,28,42,0,3,3,0,134,16765,100,0,134,0,0,0,0,0,0,False,False,False
2016-04-27,0,28,42,0,3,3,0,135,16789,100,0,135,0,0,0,0,0,0,False,False,False
2016-04-28,0,28,42,0,3,3,0,135,16813,100,0,135,0,0,0,0,0,0,False,False,False
2016-04-29,0,27,42,0,3,3,0,135,16837,100,0,135,0,0,0,0,0,0,False,False,False
2016-04-30,0,28,43,0,3,3,0,136,16861,100,0,136,0,0,0,0,0,0,False,False,False
2016-05-01,0,27,43,0,3,3,0,136,16885,100,0,136,0,0,0,0,0,0,False,False,False
2016-05-02,0,26,43,0,3,3,0,136,16909,100,0,136,0,0,0,0,0,0,False,False,False
2016-05-03,0,26,44,0,3,3,0,137,16933,100,0,137,0,0,0,0,0,0,False,False,False
2016-05-04,0,26,44,0,3,3,0,137,16956,100,0,137,0,0,0,0,0,0,False,False,False
2016-05-05,0,27,42,0,3,3,0,138,16981,100,0,138,0,0,0,0,0,0,False,False,False
2016-05-06,0,27,42,0,3,3,0,138,17005,100,0,138,0,0,0,0,0,0,False,False,False
2016-05-07,0,28,42,0,3,3,0,139,17029,100,0,139,0,0,0,0,0,0,False,False,False
2016-05-08,0,27,42,0,3,3,0,140,17053,100,0,140,0,0,0,0,0,0,False,False,False
2016-05-09,0,27,42,0,3,3,0,140,17077,100,0,140,0,0,0,0,0,0,False,False,False
2016-05-10,0,27,42,0,3,3,0,140,17101,100,0,140,0,0,0,0,0,0,False,False,False
2016-05-11,0,27,43,0,3,3,0,141,17125,100,0,141,0,0,0,0,0,0,False,False,False
2016-05-12,0,27,43,0,3,3,0,142,17149,100,0,142,0,0,0,0,0,0,False,False,False
2016-05-13,0,28,43,0,3,3,0,142,17173,100,0,142,0,0,0,0,0,0,False,False,False
2016-05-14,0,27,43,0,3,3,0,142,17197,100,0,142,0,0,0,0,0,0,False,False,False
2016-05-15,0,28,42,0,3,3,0,143,17221,100,0,143,0,0,0,0,0,0,False,False,False
2016-05-16,0,28,42,0,3,3,0,143,17245,100,0,143,0,0,0,0,0,0,False,False,False
2016-05-17,0,27,42,0,3,3,0,143,17269,100,0,143,0,0,0,0,0,0,False,False,False
2016-05-18,0,28,44,0,3,3,0,144,17293,100,0,144,0,0,0,0,0,0,False,False,False
2016-05-19,0,27,44,0,3,3,0,144,17317,100,0,144,0,0,0,0,0,0,False,False,False
2016-05-20,0,27,42,0,3,3,0,145,17341,100,0,145,0,0,0,0,0,0,False,False,False
2016-05-21,0,27,42,0,3,3,0,145,17365,100,0,145,0,0,0,0,0,0,False,False,False
2016-05-22,0,28,43,0,3,3,0,146,17389,100,0,146,0,0,0,0,0,0,False,False,False
2016-05-23,0,27,43,0,3,3,0,146,17413,100,0,146,0,0,0,0,0,0,False,False,False
2016-05-24,0,27,43,0,3,3,0,146,17437,100,0,146,0,0,0,0,0,0,False,False,False
2016-05-25,0,28,44,0,3,3,0,147,17461,100,0,147,0,0,0,0,0,0,False,False,False
2016-05-26,0,27,44,0,3,3,0,147,17485,100,0,147,0,0,0,0,0,0,False,False,False
2016-05-27,0,26,42,0,3,3,0,148,17509,100,0,148,0,0,0,0,0,0,False,False,False
2016-05-28,0,26,42,0,3,3,0,148,17533,100,0,148,0,0,0,0,0,0,False,False,False
2016-05-29,0,26,42,0,3,3,0,149,17557,100,0,149,0,0,0,0,0,0,False,False,False
2016-05-30,0,26,42,0,3,3,0,150,17581,100,0,150,0,0,0,0,0,0,False,False,False
2016-05-31,0,26,43,0,3,3,0,151,17605,100,0,151,0,0,0,0,0,0,False,False,False
2016-06-01,0,25,43,0,3,3,0,151,17629,100,0,151,0,0,0,0,0,0,False,False,False
2016-06-02,0,27,43,0,3,3,0,152,17653,100,0,152,0,0,0,0,0,0,False,False,False
2016-06-03,0,26,43,0,3,3,0,152,17677,100,0,152,0,0,0,0,0,0,False,False,False
2016-06-04,0,26,43,0,3,3,0,153,17701,100,0,153,0,0,0,0,0,0,False,False,False
2016-06-05,0,27,43,0,3,3,0,153,17725,100,0,153,0,0,0,0,0,0,False,False,False
2016-06-06,0,26,43,0,3,3,0,153,17749,100,0,153,0,0,0,0,0,0,False,False,False
2016-06-07,0,27,43,0,3,3,0,154,17773,100,0,154,0,0,0,0,0,0,False,False,False
2016-06-08,0,27,43,0,3,3,0,154,17797,100,0,154,0,0,0,0,0,0,False,False,False
2016-06-09,0,26,43,0,3,3,0,155,17821,100,0,155,0,0,0,0,0,0,False,False,False
2016-06-10,0,26,43,0,3,3,0,155,17844,100,0,155,0,0,0,0,0,0,False,False,False
2016-06-11,0,26,43,0,3,3,0,155,17869,100,0,155,0,0,0,0,0,0,False,False,False
2016-06-12,0,26,43,0,3,3,0,155,17893,100,0,155,0,0,0,0,0,0,False,False,False
2016-06-13,0,26,44,0,3,3,0,156,17917,100,0,156,0,0,0,0,0,0,False,False,False
2016-06-14,0,27,44,0,3,3,0,156,17941,100,0,156,0,0,0,0,0,0,False,False,False
2016-06-15,0,26,44,0,3,3,0,156,17965,100,0,156,0,0,0,0,0,0,False,False,False
2016-06-16,0,26,43,0,3,3,0,157,17989,100,0,157,0,0,0,0,0,0,False,False,False
2016-06-17,0,27,43,0,3,3,0,158,18013,100,0,158,0,0,0,0,0,0,False,False,False
2016-06-18,0,26,43,0,3,3,0,158,18037,100,0,158,0,0,0,0,0,0,False,False,False
2016-06-19,0,25,42,0,3,3,0,159,18061,100,0,159,0,0,0,0,0,0,False,False,False
2016-06-20,0,25,42,0,3,3,0,160,18085,100,0,160,0,0,0,0,0,0,False,False,False
2016-06-21,0,25,42,0,3,3,0,160,18109,100,0,160,0,0,0,0,0,0,False,False,False
2016-06-22,0,25,42,0,3,3,0,161,18133,100,0,161,0,0,0,0,0,0,False,False,False
2016-06-23,0,25,42,0,3,3,0,161,18157,100,0,161,0,0,0,0,0,0,False,False,False
2016-06-24,0,25,42,0,3,3,0,161,18181,100,0,161,0,0,0,0,0,0,False,False,False
2016-06-25,0,25,42,0,3,3,0,162,18205,100,0,162,0,0,0,0,0,0,False,False,False
2016-06-26,0,25,42,0,3,3,0,162,18229,100,0,162,0,0,0,0,0,0,False,False,False
2016-06-27,0,25,44,0,3,3,0,163,18253,100,0,163,0,0,0,0,0,0,False,False,False
2016-06-28,0,25,44,0,3,3,0,163,18277,100,0,163,0,0,0,0,0,0,False,False,False
2016-06-29,0,24,44,0,3,3,0,163,18301,100,0,163,0,0,0,0,0,0,False,False,False
2016-06-30,0,25,41,0,3,3,0,164,18325,100,0,164,0,0,0,0,0,0,False,False,False
