date,failure,Smart 194: Temperature_Celsius (Raw Value),Smart 8: Seek_Time_Performance (Raw Value),Smart 1: Raw_Read_Error_Rate (Raw Value),Smart 12: Power_Cycle_Count (Raw Value),Smart 4: Start_Stop_Count (Raw Value),Smart 10: Spin_Retry_Count (Raw Value),Smart 192: Power-Off_Retract_Count (Raw Value),Smart 9: Power_On_Hours (Raw Value),Smart 2: Throughput_Performance (Raw Value),Smart 7: Seek_Error_Rate (Raw Value),Smart 193: Load_Cycle_Count (Raw Value),Smart 3: Spin_Up_Time (Raw Value),Smart 5: Reallocated_Sector_Ct (Raw Value),Smart 197: Current_Pending_Sector (Raw Value),Smart 198: Offline_Uncorrectable (Raw Value),Smart 199: UDMA_CRC_Error_Count (Raw Value),Smart 196: Reallocated_Event_Count (Raw Value),op_fail_30,op_fail_15,op_fail_1
2014-05-01,0,28,0,0,3,3,0,3,9,0,0,3,0,0,0,0,0,0,False,False,False
2014-05-02,0,27,0,0,3,3,0,3,33,0,0,3,0,0,0,0,0,0,False,False,False
2014-05-03,0,29,0,0,3,3,0,4,57,0,0,4,0,0,0,0,0,0,False,False,False
2014-05-04,0,28,0,0,3,3,0,4,81,0,0,4,0,0,0,0,0,0,False,False,False
2014-05-05,0,29,0,0,3,3,0,5,105,0,0,5,0,0,0,0,0,0,False,False,False
2014-05-06,0,28,0,0,3,3,0,5,129,0,0,5,0,0,0,0,0,0,False,False,False
2014-05-07,0,28,0,0,3,3,0,5,153,0,0,5,0,0,0,0,0,0,False,False,False
2014-05-08,0,28,0,0,3,3,0,5,177,0,0,5,0,0,0,0,0,0,False,False,False
2014-05-09,0,27,0,0,3,3,0,5,201,0,0,5,0,0,0,0,0,0,False,False,False
2014-05-10,0,28,0,0,3,3,0,5,225,0,0,5,0,0,0,0,0,0,False,False,False
2014-05-11,0,28,0,0,3,3,0,5,249,0,0,5,0,0,0,0,0,0,False,False,False
2014-05-12,0,28,0,0,3,3,0,5,273,0,0,5,0,0,0,0,0,0,False,False,False
2014-05-13,0,28,0,0,3,3,0,5,297,0,0,5,0,0,0,0,0,0,False,False,False
2014-05-14,0,28,0,0,3,3,0,5,321,0,0,5,0,0,0,0,0,0,False,False,False
2014-05-15,0,28,0,0,3,3,0,5,345,0,0,5,0,0,0,0,0,0,False,False,False
2014-05-16,0,27,0,0,3,3,0,5,369,0,0,5,0,0,0,0,0,0,False,False,False
2014-05-17,0,27,0,0,3,3,0,5,393,0,0,5,0,0,0,0,0,0,False,False,False
2014-05-18,0,28,0,0,3,3,0,5,417,0,0,5,0,0,0,0,0,0,False,False,False
2014-05-19,0,28,0,0,3,3,0,5,441,0,0,5,0,0,0,0,0,0,False,False,False
2014-05-20,0,30,0,0,3,3,0,5,465,0,0,5,0,0,0,0,0,0,False,False,False
2014-05-21,0,29,0,0,3,3,0,5,489,0,0,5,0,0,0,0,0,0,False,False,False
2014-05-22,0,29,0,0,3,3,0,5,513,0,0,5,0,0,0,0,0,0,False,False,False
2014-05-23,0,29,0,0,3,3,0,5,537,0,0,5,0,0,0,0,0,0,False,False,False
2014-05-24,0,29,0,0,3,3,0,5,561,0,0,5,0,0,0,0,0,0,False,False,False
2014-05-25,0,29,0,0,3,3,0,5,585,0,0,5,0,0,0,0,0,0,False,False,False
2014-05-26,0,29,0,0,3,3,0,5,609,0,0,5,0,0,0,0,0,0,False,False,False
2014-05-27,0,30,0,0,3,3,0,5,633,0,0,5,0,0,0,0,0,0,False,False,False
2014-05-28,0,29,0,0,3,3,0,5,657,0,0,5,0,0,0,0,0,0,False,False,False
2014-05-29,0,29,0,0,3,3,0,5,681,0,0,5,0,0,0,0,0,0,False,False,False
2014-05-30,0,29,0,0,3,3,0,5,705,0,0,5,0,0,0,0,0,0,False,False,False
2014-05-31,0,30,0,0,3,3,0,5,729,0,0,5,0,0,0,0,0,0,False,False,False
2014-06-01,0,30,0,0,3,3,0,5,753,0,0,5,0,0,0,0,0,0,False,False,False
2014-06-02,0,30,0,0,3,3,0,5,777,0,0,5,0,0,0,0,0,0,False,False,False
2014-06-03,0,29,0,0,3,3,0,5,801,0,0,5,0,0,0,0,0,0,False,False,False
2014-06-04,0,30,0,0,3,3,0,5,825,0,0,5,0,0,0,0,0,0,False,False,False
2014-06-05,0,30,0,0,3,3,0,5,849,0,0,5,0,0,0,0,0,0,False,False,False
2014-06-06,0,30,0,0,3,3,0,5,873,0,0,5,0,0,0,0,0,0,False,False,False
2014-06-07,0,30,0,0,3,3,0,5,897,0,0,5,0,0,0,0,0,0,False,False,False
2014-06-08,0,30,0,0,3,3,0,5,921,0,0,5,0,0,0,0,0,0,False,False,False
2014-06-09,0,30,0,0,3,3,0,5,945,0,0,5,0,0,0,0,0,0,False,False,False
2014-06-10,0,31,0,0,3,3,0,5,969,0,0,5,0,0,0,0,0,0,False,False,False
2014-06-11,0,31,0,0,3,3,0,5,993,0,0,5,0,0,0,0,0,0,False,False,False
2014-06-12,0,30,0,0,3,3,0,5,1017,0,0,5,0,0,0,0,0,0,False,False,False
2014-06-13,0,30,0,0,3,3,0,5,1041,0,0,5,0,0,0,0,0,0,False,False,False
2014-06-14,0,30,0,0,3,3,0,5,1065,0,0,5,0,0,0,0,0,0,False,False,False
2014-06-15,0,30,0,0,3,3,0,5,1089,0,0,5,0,0,0,0,0,0,False,False,False
2014-06-16,0,30,0,0,3,3,0,5,1113,0,0,5,0,0,0,0,0,0,False,False,False
2014-06-17,0,30,0,0,3,3,0,5,1137,0,0,5,0,0,0,0,0,0,False,False,False
2014-06-18,0,30,0,0,3,3,0,5,1161,0,0,5,0,0,0,0,0,0,False,False,False
2014-06-19,0,30,0,0,3,3,0,5,1185,0,0,5,0,0,0,0,0,0,False,False,False
2014-06-20,0,31,0,0,3,3,0,5,1209,0,0,5,0,0,0,0,0,0,False,False,False
2014-06-21,0,31,0,0,3,3,0,5,1233,0,0,5,0,0,0,0,0,0,False,False,False
2014-06-22,0,31,0,0,3,3,0,5,1257,0,0,5,0,0,0,0,0,0,False,False,False
2014-06-23,0,31,0,0,3,3,0,5,1281,0,0,5,0,0,0,0,0,0,False,False,False
2014-06-24,0,31,0,0,3,3,0,5,1305,0,0,5,0,0,0,0,0,0,False,False,False
2014-06-25,0,30,0,0,3,3,0,5,1329,0,0,5,0,0,0,0,0,0,False,False,False
2014-06-26,0,30,0,0,3,3,0,5,1353,0,0,5,0,0,0,0,0,0,False,False,False
2014-06-27,0,29,0,0,3,3,0,5,1377,0,0,5,0,0,0,0,0,0,False,False,False
2014-06-28,0,29,0,0,3,3,0,5,1401,0,0,5,0,0,0,0,0,0,False,False,False
2014-06-29,0,29,0,0,3,3,0,5,1425,0,0,5,0,0,0,0,0,0,False,False,False
2014-06-30,0,30,0,0,3,3,0,5,1449,0,0,5,0,0,0,0,0,0,False,False,False
2014-07-01,0,30,0,0,3,3,0,5,1473,0,0,5,0,0,0,0,0,0,False,False,False
2014-07-02,0,29,0,0,3,3,0,5,1497,0,0,5,0,0,0,0,0,0,False,False,False
2014-07-03,0,29,0,0,3,3,0,5,1521,0,0,5,0,0,0,0,0,0,False,False,False
2014-07-04,0,29,0,0,3,3,0,5,1545,0,0,5,0,0,0,0,0,0,False,False,False
2014-07-05,0,29,0,0,3,3,0,5,1569,0,0,5,0,0,0,0,0,0,False,False,False
2014-07-06,0,29,0,0,3,3,0,5,1593,0,0,5,0,0,0,0,0,0,False,False,False
2014-07-07,0,29,0,0,3,3,0,5,1617,0,0,5,0,0,0,0,0,0,False,False,False
2014-07-08,0,30,0,0,3,3,0,5,1641,0,0,5,0,0,0,0,0,0,False,False,False
2014-07-09,0,31,0,0,3,3,0,5,1665,0,0,5,0,0,0,0,0,0,False,False,False
2014-07-10,0,29,0,0,3,3,0,5,1689,0,0,5,0,0,0,0,0,0,False,False,False
2014-07-11,0,29,0,0,3,3,0,5,1713,0,0,5,0,0,0,0,0,0,False,False,False
2014-07-12,0,29,0,0,3,3,0,5,1737,0,0,5,0,0,0,0,0,0,False,False,False
2014-07-13,0,29,0,0,3,3,0,5,1761,0,0,5,0,0,0,0,0,0,False,False,False
2014-07-14,0,30,0,0,3,3,0,5,1785,0,0,5,0,0,0,0,0,0,False,False,False
2014-07-15,0,30,0,0,3,3,0,5,1809,0,0,5,0,0,0,0,0,0,False,False,False
2014-07-16,0,29,0,0,3,3,0,5,1833,0,0,5,0,0,0,0,0,0,False,False,False
2014-07-17,0,29,0,0,3,3,0,5,1857,0,0,5,0,0,0,0,0,0,False,False,False
2014-07-18,0,30,0,0,3,3,0,5,1881,0,0,5,0,0,0,0,0,0,False,False,False
2014-07-19,0,30,0,0,3,3,0,5,1905,0,0,5,0,0,0,0,0,0,False,False,False
2014-07-20,0,31,0,0,3,3,0,5,1929,0,0,5,0,0,0,0,0,0,False,False,False
2014-07-21,0,30,0,0,3,3,0,5,1953,0,0,5,0,0,0,0,0,0,False,False,False
2014-07-22,0,30,0,0,3,3,0,5,1978,0,0,5,0,0,0,0,0,0,False,False,False
2014-07-23,0,31,0,0,3,3,0,5,2001,0,0,5,0,0,0,0,0,0,False,False,False
2014-07-24,0,31,0,0,3,3,0,5,2025,0,0,5,0,0,0,0,0,0,False,False,False
2014-07-25,0,31,0,0,3,3,0,5,2049,0,0,5,0,0,0,0,0,0,False,False,False
2014-07-26,0,31,0,0,3,3,0,5,2073,0,0,5,0,0,0,0,0,0,False,False,False
2014-07-27,0,31,0,0,3,3,0,5,2097,0,0,5,0,0,0,0,0,0,False,False,False
2014-07-28,0,31,42,0,4,4,0,6,2121,104,0,6,0,0,0,0,0,0,False,False,False
2014-07-29,0,31,42,0,4,4,0,6,2145,104,0,6,0,0,0,0,0,0,False,False,False
2014-07-30,0,31,42,0,4,4,0,7,2169,104,0,7,0,0,0,0,0,0,False,False,False
2014-07-31,0,31,42,0,4,4,0,7,2193,104,0,7,0,0,0,0,0,0,False,False,False
2014-08-01,0,31,42,0,4,4,0,7,2217,104,0,7,0,0,0,0,0,0,False,False,False
2014-08-02,0,31,42,0,4,4,0,7,2241,104,0,7,0,0,0,0,0,0,False,False,False
2014-08-03,0,31,42,0,4,4,0,7,2264,104,0,7,0,0,0,0,0,0,False,False,False
2014-08-04,0,31,42,0,4,4,0,7,2289,104,0,7,0,0,0,0,0,0,False,False,False
2014-08-05,0,32,42,0,4,4,0,7,2313,104,0,7,0,0,0,0,0,0,False,False,False
2014-08-06,0,31,42,0,4,4,0,7,2337,104,0,7,0,0,0,0,0,0,False,False,False
2014-08-07,0,31,42,0,4,4,0,7,2361,104,0,7,0,0,0,0,0,0,False,False,False
2014-08-08,0,31,42,0,4,4,0,7,2385,104,0,7,0,0,0,0,0,0,False,False,False
2014-08-09,0,31,42,0,4,4,0,7,2409,104,0,7,0,0,0,0,0,0,False,False,False
2014-08-10,0,32,42,0,4,4,0,7,2432,104,0,7,0,0,0,0,0,0,False,False,False
2014-08-11,0,33,42,0,4,4,0,7,2457,104,0,7,0,0,0,0,0,0,False,False,False
2014-08-12,0,33,42,0,4,4,0,7,2481,104,0,7,0,0,0,0,0,0,False,False,False
2014-08-13,0,31,42,0,4,4,0,7,2504,104,0,7,0,0,0,0,0,0,False,False,False
2014-08-14,0,31,42,0,4,4,0,7,2529,104,0,7,0,0,0,0,0,0,False,False,False
2014-08-15,0,31,42,0,4,4,0,7,2553,104,0,7,0,0,0,0,0,0,False,False,False
2014-08-16,0,31,42,0,4,4,0,7,2576,104,0,7,0,0,0,0,0,0,False,False,False
2014-08-17,0,31,42,0,4,4,0,7,2601,104,0,7,0,0,0,0,0,0,False,False,False
2014-08-18,0,31,42,0,4,4,0,7,2625,104,0,7,0,0,0,0,0,0,False,False,False
2014-08-19,0,31,42,0,4,4,0,7,2649,104,0,7,0,0,0,0,0,0,False,False,False
2014-08-20,0,31,42,0,4,4,0,7,2672,104,0,7,0,0,0,0,0,0,False,False,False
2014-08-21,0,31,42,0,4,4,0,7,2697,104,0,7,0,0,0,0,0,0,False,False,False
2014-08-22,0,31,42,0,4,4,0,7,2721,104,0,7,0,0,0,0,0,0,False,False,False
2014-08-23,0,31,42,0,4,4,0,7,2744,104,0,7,0,0,0,0,0,0,False,False,False
2014-08-24,0,31,42,0,4,4,0,7,2769,104,0,7,0,0,0,0,0,0,False,False,False
2014-08-25,0,31,42,0,4,4,0,7,2793,104,0,7,0,0,0,0,0,0,False,False,False
2014-08-26,0,31,42,0,4,4,0,7,2816,104,0,7,0,0,0,0,0,0,False,False,False
2014-08-27,0,31,41,0,4,4,0,7,2840,104,0,7,0,0,0,0,0,0,False,False,False
2014-08-28,0,31,41,0,4,4,0,8,2865,104,0,8,0,0,0,0,0,0,False,False,False
2014-08-29,0,31,41,0,4,4,0,9,2889,104,0,9,0,0,0,0,0,0,False,False,False
2014-08-30,0,31,41,0,4,4,0,10,2912,104,0,10,0,0,0,0,0,0,False,False,False
2014-08-31,0,31,41,0,4,4,0,10,2937,104,0,10,0,0,0,0,0,0,False,False,False
2014-09-01,0,31,41,0,4,4,0,11,2961,104,0,11,0,0,0,0,0,0,False,False,False
2014-09-02,0,32,41,0,4,4,0,11,2984,104,0,11,0,0,0,0,0,0,False,False,False
2014-09-03,0,31,41,0,4,4,0,12,3008,104,0,12,0,0,0,0,0,0,False,False,False
2014-09-04,0,31,41,0,4,4,0,13,3033,104,0,13,0,0,0,0,0,0,False,False,False
2014-09-05,0,31,41,0,4,4,0,14,3057,104,0,14,0,0,0,0,0,0,False,False,False
2014-09-06,0,31,41,0,4,4,0,14,3080,104,0,14,0,0,0,0,0,0,False,False,False
2014-09-07,0,31,41,0,4,4,0,15,3105,104,0,15,0,0,0,0,0,0,False,False,False
2014-09-08,0,31,41,0,4,4,0,16,3129,104,0,16,0,0,0,0,0,0,False,False,False
2014-09-09,0,31,41,0,4,4,0,17,3152,104,0,17,0,0,0,0,0,0,False,False,False
2014-09-10,0,31,41,0,4,4,0,17,3177,104,0,17,0,0,0,0,0,0,False,False,False
2014-09-11,0,31,41,0,4,4,0,17,3201,104,0,17,0,0,0,0,0,0,False,False,False
2014-09-12,0,31,41,0,4,4,0,17,3224,104,0,17,0,0,0,0,0,0,False,False,False
2014-09-13,0,31,41,0,4,4,0,17,3249,104,0,17,0,0,0,0,0,0,False,False,False
2014-09-14,0,31,41,0,4,4,0,18,3273,104,0,18,0,0,0,0,0,0,False,False,False
2014-09-15,0,32,41,0,4,4,0,18,3297,104,0,18,0,0,0,0,0,0,False,False,False
2014-09-16,0,32,41,0,4,4,0,19,3320,104,0,19,0,0,0,0,0,0,False,False,False
2014-09-17,0,32,41,0,4,4,0,20,3345,104,0,20,0,0,0,0,0,0,False,False,False
2014-09-18,0,32,41,0,4,4,0,21,3369,104,0,21,0,0,0,0,0,0,False,False,False
2014-09-19,0,32,41,0,4,4,0,21,3392,104,0,21,0,0,0,0,0,0,False,False,False
2014-09-20,0,32,41,0,4,4,0,21,3417,104,0,21,0,0,0,0,0,0,False,False,False
2014-09-21,0,32,41,0,4,4,0,22,3441,104,0,22,0,0,0,0,0,0,False,False,False
2014-09-22,0,31,41,0,4,4,0,23,3464,104,0,23,0,0,0,0,0,0,False,False,False
2014-09-23,0,31,41,0,4,4,0,24,3489,104,0,24,0,0,0,0,0,0,False,False,False
2014-09-24,0,31,41,0,4,4,0,25,3513,104,0,25,0,0,0,0,0,0,False,False,False
2014-09-25,0,30,41,0,4,4,0,26,3537,104,0,26,0,0,0,0,0,0,False,False,False
2014-09-26,0,30,41,0,4,4,0,26,3561,104,0,26,0,0,0,0,0,0,False,False,False
2014-09-27,0,30,41,0,4,4,0,27,3585,104,0,27,0,0,0,0,0,0,False,False,False
2014-09-28,0,31,41,0,4,4,0,28,3609,104,0,28,0,0,0,0,0,0,False,False,False
2014-09-29,0,31,41,0,4,4,0,29,3632,104,0,29,0,0,0,0,0,0,False,False,False
2014-09-30,0,31,41,0,4,4,0,29,3657,104,0,29,0,0,0,0,0,0,False,False,False
2014-10-01,0,32,41,0,4,4,0,29,3681,104,0,29,0,0,0,0,0,0,False,False,False
2014-10-02,0,32,41,0,4,4,0,30,3704,104,0,30,0,0,0,0,0,0,False,False,False
2014-10-03,0,32,41,0,4,4,0,31,3729,104,0,31,0,0,0,0,0,0,False,False,False
2014-10-04,0,32,41,0,4,4,0,32,3753,104,0,32,0,0,0,0,0,0,False,False,False
2014-10-05,0,32,41,0,4,4,0,33,3777,104,0,33,0,0,0,0,0,0,False,False,False
2014-10-06,0,32,41,0,4,4,0,34,3801,104,0,34,0,0,0,0,0,0,False,False,False
2014-10-07,0,32,41,0,4,4,0,35,3825,104,0,35,0,0,0,0,0,0,False,False,False
2014-10-08,0,32,41,0,4,4,0,36,3849,104,0,36,0,0,0,0,0,0,False,False,False
2014-10-09,0,32,41,0,4,4,0,36,3873,104,0,36,0,0,0,0,0,0,False,False,False
2014-10-10,0,32,41,0,4,4,0,36,3897,104,0,36,0,0,0,0,0,0,False,False,False
2014-10-11,0,31,41,0,4,4,0,36,3921,104,0,36,0,0,0,0,0,0,False,False,False
2014-10-12,0,32,41,0,4,4,0,36,3944,104,0,36,0,0,0,0,0,0,False,False,False
2014-10-13,0,31,41,0,4,4,0,36,3969,104,0,36,0,0,0,0,0,0,False,False,False
2014-10-14,0,32,41,0,4,4,0,36,3993,104,0,36,0,0,0,0,0,0,False,False,False
2014-10-15,0,31,41,0,5,5,0,37,4017,104,0,37,454,0,0,0,0,0,False,False,False
2014-10-16,0,31,41,0,5,5,0,37,4040,104,0,37,454,0,0,0,0,0,False,False,False
2014-10-17,0,31,41,0,5,5,0,37,4065,104,0,37,454,0,0,0,0,0,False,False,False
2014-10-18,0,31,41,0,5,5,0,37,4089,104,0,37,454,0,0,0,0,0,False,False,False
2014-10-19,0,31,41,0,5,5,0,37,4112,104,0,37,454,0,0,0,0,0,False,False,False
2014-10-20,0,31,41,0,5,5,0,37,4136,104,0,37,454,0,0,0,0,0,False,False,False
2014-10-21,0,31,41,0,5,5,0,37,4161,104,0,37,454,0,0,0,0,0,False,False,False
2014-10-22,0,31,41,0,5,5,0,37,4184,104,0,37,454,0,0,0,0,0,False,False,False
2014-10-23,0,31,41,0,5,5,0,37,4209,104,0,37,454,0,0,0,0,0,False,False,False
2014-10-24,0,30,41,0,5,5,0,37,4233,103,0,37,454,0,0,0,0,0,False,False,False
2014-10-25,0,31,41,0,5,5,0,37,4257,103,0,37,454,0,0,0,0,0,False,False,False
2014-10-26,0,30,41,0,5,5,0,37,4280,103,0,37,454,0,0,0,0,0,False,False,False
2014-10-27,0,30,41,0,5,5,0,37,4305,103,0,37,454,0,0,0,0,0,False,False,False
2014-10-28,0,31,41,0,5,5,0,37,4329,103,0,37,454,0,0,0,0,0,False,False,False
2014-10-29,0,30,41,0,5,5,0,37,4352,103,0,37,454,0,0,0,0,0,False,False,False
2014-10-30,0,30,41,0,5,5,0,37,4377,103,0,37,454,0,0,0,0,0,False,False,False
2014-10-31,0,30,41,0,5,5,0,37,4401,103,0,37,454,0,0,0,0,0,False,False,False
2014-11-01,0,30,41,0,5,5,0,37,4425,103,0,37,454,0,0,0,0,0,False,False,False
2014-11-03,0,30,41,0,5,5,0,37,4474,103,0,37,454,0,0,0,0,0,False,False,False
2014-11-04,0,31,41,0,5,5,0,37,4497,103,0,37,454,0,0,0,0,0,False,False,False
2014-11-05,0,31,41,0,5,5,0,37,4522,103,0,37,454,0,0,0,0,0,False,False,False
2014-11-06,0,31,41,0,5,5,0,37,4546,103,0,37,454,0,0,0,0,0,False,False,False
2014-11-07,0,31,41,0,5,5,0,37,4569,103,0,37,454,0,0,0,0,0,False,False,False
2014-11-08,0,31,41,0,5,5,0,37,4594,103,0,37,454,0,0,0,0,0,False,False,False
2014-11-09,0,30,41,0,5,5,0,37,4618,103,0,37,454,0,0,0,0,0,False,False,False
2014-11-10,0,31,41,0,5,5,0,37,4642,103,0,37,454,0,0,0,0,0,False,False,False
2014-11-11,0,31,41,0,5,5,0,37,4665,103,0,37,454,0,0,0,0,0,False,False,False
2014-11-12,0,31,41,0,5,5,0,37,4690,103,0,37,454,0,0,0,0,0,False,False,False
2014-11-13,0,31,41,0,5,5,0,37,4714,103,0,37,454,0,0,0,0,0,False,False,False
2014-11-14,0,31,41,0,5,5,0,37,4737,103,0,37,454,0,0,0,0,0,False,False,False
2014-11-15,0,30,41,0,5,5,0,37,4762,103,0,37,454,0,0,0,0,0,False,False,False
2014-11-16,0,30,41,0,5,5,0,37,4786,103,0,37,454,0,0,0,0,0,False,False,False
2014-11-17,0,31,41,0,5,5,0,37,4809,103,0,37,454,0,0,0,0,0,False,False,False
2014-11-18,0,31,41,0,5,5,0,37,4834,103,0,37,454,0,0,0,0,0,False,False,False
2014-11-19,0,31,41,0,5,5,0,37,4858,103,0,37,454,0,0,0,0,0,False,False,False
2014-11-20,0,30,41,0,5,5,0,37,4881,103,0,37,454,0,0,0,0,0,False,False,False
2014-11-21,0,30,41,0,5,5,0,37,4905,103,0,37,454,0,0,0,0,0,False,False,False
2014-11-22,0,30,41,0,5,5,0,37,4930,103,0,37,454,0,0,0,0,0,False,False,False
2014-11-23,0,30,41,0,5,5,0,37,4954,103,0,37,454,0,0,0,0,0,False,False,False
2014-11-24,0,31,41,0,5,5,0,37,4977,103,0,37,454,0,0,0,0,0,False,False,False
2014-11-25,0,30,41,0,5,5,0,37,5002,103,0,37,454,0,0,0,0,0,False,False,False
2014-11-26,0,30,41,0,5,5,0,37,5026,103,0,37,454,0,0,0,0,0,False,False,False
2014-11-27,0,30,41,0,5,5,0,37,5049,103,0,37,454,0,0,0,0,0,False,False,False
2014-11-28,0,30,41,0,5,5,0,37,5074,103,0,37,454,0,0,0,0,0,False,False,False
2014-11-29,0,31,41,0,5,5,0,37,5098,103,0,37,454,0,0,0,0,0,False,False,False
2014-11-30,0,30,41,0,5,5,0,37,5121,103,0,37,454,0,0,0,0,0,False,False,False
2014-12-01,0,30,41,0,5,5,0,37,5146,103,0,37,454,0,0,0,0,0,False,False,False
2014-12-02,0,31,41,0,5,5,0,37,5170,103,0,37,454,0,0,0,0,0,False,False,False
2014-12-03,0,31,41,0,5,5,0,37,5194,103,0,37,454,0,0,0,0,0,False,False,False
2014-12-04,0,30,41,0,5,5,0,37,5218,103,0,37,454,0,0,0,0,0,False,False,False
2014-12-05,0,31,41,0,5,5,0,37,5242,103,0,37,454,0,0,0,0,0,False,False,False
2014-12-06,0,31,41,0,5,5,0,37,5266,103,0,37,454,0,0,0,0,0,False,False,False
2014-12-07,0,31,41,0,5,5,0,37,5289,103,0,37,454,0,0,0,0,0,False,False,False
2014-12-08,0,31,41,0,5,5,0,37,5314,103,0,37,454,0,0,0,0,0,False,False,False
2014-12-09,0,31,41,0,5,5,0,37,5338,103,0,37,454,0,0,0,0,0,False,False,False
2014-12-10,0,30,41,0,5,5,0,37,5361,103,0,37,454,0,0,0,0,0,False,False,False
2014-12-11,0,31,41,0,5,5,0,37,5386,103,0,37,454,0,0,0,0,0,False,False,False
2014-12-12,0,31,41,0,5,5,0,37,5410,103,0,37,454,0,0,0,0,0,False,False,False
2014-12-13,0,31,41,0,5,5,0,37,5434,103,0,37,454,0,0,0,0,0,False,False,False
2014-12-14,0,31,41,0,5,5,0,37,5457,103,0,37,454,0,0,0,0,0,False,False,False
2014-12-15,0,31,41,0,5,5,0,37,5482,103,0,37,454,0,0,0,0,0,False,False,False
2014-12-16,0,31,41,0,5,5,0,37,5506,103,0,37,454,0,0,0,0,0,False,False,False
2014-12-17,0,31,41,0,5,5,0,37,5529,103,0,37,454,0,0,0,0,0,False,False,False
2014-12-18,0,31,41,0,5,5,0,37,5554,103,0,37,454,0,0,0,0,0,False,False,False
2014-12-19,0,31,41,0,5,5,0,37,5578,103,0,37,454,0,0,0,0,0,False,False,False
2014-12-20,0,31,42,0,5,5,0,38,5601,103,0,38,454,0,0,0,0,0,False,False,False
2014-12-21,0,31,42,0,5,5,0,39,5626,103,0,39,454,0,0,0,0,0,False,False,False
2014-12-22,0,31,42,0,5,5,0,39,5650,103,0,39,454,0,0,0,0,0,False,False,False
2014-12-23,0,31,42,0,5,5,0,40,5673,103,0,40,454,0,0,0,0,0,False,False,False
2014-12-24,0,31,42,0,5,5,0,41,5698,103,0,41,454,0,0,0,0,0,False,False,False
2014-12-25,0,31,42,0,5,5,0,42,5722,103,0,42,454,0,0,0,0,0,False,False,False
2014-12-26,0,31,42,0,5,5,0,42,5746,103,0,42,454,0,0,0,0,0,False,False,False
2014-12-27,0,31,42,0,5,5,0,42,5770,103,0,42,454,0,0,0,0,0,False,False,False
2014-12-28,0,31,42,0,5,5,0,42,5794,103,0,42,454,0,0,0,0,0,False,False,False
2014-12-29,0,31,42,0,5,5,0,42,5818,103,0,42,454,0,0,0,0,0,False,False,False
2014-12-30,0,31,42,0,5,5,0,42,5841,103,0,42,454,0,0,0,0,0,False,False,False
2014-12-31,0,31,42,0,5,5,0,42,5866,103,0,42,454,0,0,0,0,0,False,False,False
2015-01-01,0,31,42,0,5,5,0,42,5890,103,0,42,454,0,0,0,0,0,False,False,False
2015-01-02,0,31,42,0,5,5,0,42,5913,103,0,42,454,0,0,0,0,0,False,False,False
2015-01-03,0,31,42,0,5,5,0,42,5938,103,0,42,454,0,0,0,0,0,False,False,False
2015-01-04,0,31,42,0,5,5,0,42,5962,103,0,42,454,0,0,0,0,0,False,False,False
2015-01-05,0,31,42,0,5,5,0,42,5986,103,0,42,454,0,0,0,0,0,False,False,False
2015-01-06,0,31,42,0,5,5,0,42,6010,103,0,42,454,0,0,0,0,0,False,False,False
2015-01-07,0,31,42,0,5,5,0,42,6034,103,0,42,454,0,0,0,0,0,False,False,False
2015-01-08,0,31,42,0,5,5,0,42,6058,103,0,42,454,0,0,0,0,0,False,False,False
2015-01-09,0,31,42,0,5,5,0,42,6081,103,0,42,454,0,0,0,0,0,False,False,False
2015-01-10,0,31,42,0,5,5,0,42,6106,103,0,42,454,0,0,0,0,0,False,False,False
2015-01-11,0,31,42,0,5,5,0,42,6130,103,0,42,454,0,0,0,0,0,False,False,False
2015-01-12,0,31,42,0,5,5,0,42,6153,103,0,42,454,0,0,0,0,0,False,False,False
2015-01-13,0,31,42,0,5,5,0,42,6178,103,0,42,454,0,0,0,0,0,False,False,False
2015-01-14,0,31,42,0,5,5,0,42,6202,103,0,42,454,0,0,0,0,0,False,False,False
2015-01-15,0,31,42,0,5,5,0,42,6226,103,0,42,454,0,0,0,0,0,False,False,False
2015-01-16,0,31,42,0,5,5,0,42,6250,103,0,42,454,0,0,0,0,0,False,False,False
2015-01-17,0,31,42,0,5,5,0,42,6274,103,0,42,454,0,0,0,0,0,False,False,False
2015-01-18,0,31,42,0,5,5,0,42,6298,103,0,42,454,0,0,0,0,0,False,False,False
2015-01-19,0,31,42,0,5,5,0,42,6322,103,0,42,454,0,0,0,0,0,False,False,False
2015-01-20,0,31,42,0,5,5,0,42,6346,103,0,42,454,0,0,0,0,0,False,False,False
2015-01-21,0,31,42,0,5,5,0,42,6370,103,0,42,454,0,0,0,0,0,False,False,False
2015-01-22,0,31,42,0,5,5,0,42,6393,103,0,42,454,0,0,0,0,0,False,False,False
2015-01-23,0,31,42,0,5,5,0,42,6418,103,0,42,454,0,0,0,0,0,False,False,False
2015-01-24,0,31,42,0,5,5,0,42,6442,103,0,42,454,0,0,0,0,0,False,False,False
2015-01-25,0,31,42,0,5,5,0,42,6466,103,0,42,454,0,0,0,0,0,False,False,False
2015-01-26,0,31,42,0,5,5,0,42,6490,103,0,42,454,0,0,0,0,0,False,False,False
2015-01-27,0,31,42,0,5,5,0,42,6514,103,0,42,454,0,0,0,0,0,False,False,False
2015-01-28,0,31,42,0,5,5,0,42,6538,103,0,42,454,0,0,0,0,0,False,False,False
2015-01-29,0,31,42,0,5,5,0,42,6562,103,0,42,454,0,0,0,0,0,False,False,False
2015-01-30,0,31,42,0,5,5,0,42,6586,103,0,42,454,0,0,0,0,0,False,False,False
2015-01-31,0,32,42,0,5,5,0,42,6610,103,0,42,454,0,0,0,0,0,False,False,False
2015-02-01,0,32,42,0,5,5,0,42,6633,103,0,42,454,0,0,0,0,0,False,False,False
2015-02-02,0,31,42,0,5,5,0,42,6658,103,0,42,454,0,0,0,0,0,False,False,False
2015-02-03,0,32,42,0,5,5,0,42,6682,103,0,42,454,0,0,0,0,0,False,False,False
2015-02-04,0,32,42,0,5,5,0,42,6705,103,0,42,454,0,0,0,0,0,False,False,False
2015-02-05,0,31,42,0,5,5,0,42,6730,103,0,42,454,0,0,0,0,0,False,False,False
2015-02-06,0,31,42,0,5,5,0,42,6754,103,0,42,454,0,0,0,0,0,False,False,False
2015-02-07,0,32,42,0,5,5,0,42,6778,103,0,42,454,0,0,0,0,0,False,False,False
2015-02-08,0,33,42,0,5,5,0,42,6802,103,0,42,454,0,0,0,0,0,False,False,False
2015-02-09,0,32,42,0,5,5,0,42,6826,103,0,42,454,0,0,0,0,0,False,False,False
2015-02-10,0,32,42,0,5,5,0,42,6850,103,0,42,454,0,0,0,0,0,False,False,False
2015-02-11,0,32,42,0,5,5,0,42,6873,103,0,42,454,0,0,0,0,0,False,False,False
2015-02-12,0,32,42,0,5,5,0,42,6898,103,0,42,454,0,0,0,0,0,False,False,False
2015-02-13,0,32,42,0,5,5,0,42,6922,103,0,42,454,0,0,0,0,0,False,False,False
2015-02-14,0,32,42,0,5,5,0,42,6945,103,0,42,454,0,0,0,0,0,False,False,False
2015-02-15,0,32,42,0,5,5,0,42,6970,103,0,42,454,0,0,0,0,0,False,False,False
2015-02-16,0,32,42,0,5,5,0,42,6994,103,0,42,454,0,0,0,0,0,False,False,False
2015-02-17,0,31,42,0,5,5,0,42,7018,103,0,42,454,0,0,0,0,0,False,False,False
2015-02-18,0,32,42,0,5,5,0,42,7042,103,0,42,454,0,0,0,0,0,False,False,False
2015-02-19,0,31,42,0,5,5,0,42,7066,103,0,42,454,0,0,0,0,0,False,False,False
2015-02-20,0,31,42,0,5,5,0,42,7090,103,0,42,454,0,0,0,0,0,False,False,False
2015-02-21,0,31,42,0,5,5,0,42,7114,103,0,42,454,0,0,0,0,0,False,False,False
2015-02-22,0,31,42,0,5,5,0,42,7138,103,0,42,454,0,0,0,0,0,False,False,False
2015-02-23,0,31,42,0,5,5,0,42,7162,103,0,42,454,0,0,0,0,0,False,False,False
2015-02-24,0,31,42,0,5,5,0,42,7186,103,0,42,454,0,0,0,0,0,False,False,False
2015-02-25,0,31,42,0,5,5,0,42,7210,103,0,42,454,0,0,0,0,0,False,False,False
2015-02-26,0,31,42,0,5,5,0,42,7234,103,0,42,454,0,0,0,0,0,False,False,False
2015-02-27,0,31,42,0,5,5,0,43,7258,103,0,43,454,0,0,0,0,0,False,False,False
2015-02-28,0,32,42,0,5,5,0,43,7281,103,0,43,454,0,0,0,0,0,False,False,False
2015-03-01,0,31,42,0,5,5,0,44,7306,103,0,44,454,0,0,0,0,0,False,False,False
2015-03-02,0,31,42,0,5,5,0,44,7330,103,0,44,454,0,0,0,0,0,False,False,False
2015-03-03,0,31,42,0,5,5,0,45,7354,103,0,45,454,0,0,0,0,0,False,False,False
2015-03-04,0,31,42,0,5,5,0,46,7378,103,0,46,454,0,0,0,0,0,False,False,False
2015-03-05,0,31,42,0,5,5,0,46,7402,103,0,46,454,0,0,0,0,0,False,False,False
2015-03-06,0,32,42,0,5,5,0,46,7426,103,0,46,454,0,0,0,0,0,False,False,False
2015-03-07,0,32,42,0,5,5,0,46,7450,103,0,46,454,0,0,0,0,0,False,False,False
2015-03-08,0,32,42,0,5,5,0,46,7474,103,0,46,454,0,0,0,0,0,False,False,False
2015-03-09,0,32,42,0,5,5,0,46,7498,103,0,46,454,0,0,0,0,0,False,False,False
2015-03-10,0,31,42,0,5,5,0,46,7521,103,0,46,454,0,0,0,0,0,False,False,False
2015-03-11,0,32,42,0,5,5,0,46,7545,103,0,46,454,0,0,0,0,0,False,False,False
2015-03-12,0,31,42,0,5,5,0,46,7569,103,0,46,454,0,0,0,0,0,False,False,False
2015-03-13,0,32,42,0,5,5,0,46,7593,103,0,46,454,0,0,0,0,0,False,False,False
2015-03-14,0,32,42,0,5,5,0,46,7617,103,0,46,454,0,0,0,0,0,False,False,False
2015-03-15,0,33,42,0,5,5,0,46,7641,103,0,46,454,0,0,0,0,0,False,False,False
2015-03-16,0,32,42,0,5,5,0,46,7665,103,0,46,454,0,0,0,0,0,False,False,False
2015-03-17,0,32,42,0,5,5,0,46,7688,103,0,46,454,0,0,0,0,0,False,False,False
2015-03-18,0,32,42,0,5,5,0,46,7713,103,0,46,454,0,0,0,0,0,False,False,False
2015-03-19,0,33,42,0,5,5,0,46,7737,103,0,46,454,0,0,0,0,0,False,False,False
2015-03-20,0,32,42,0,5,5,0,46,7761,103,0,46,454,0,0,0,0,0,False,False,False
2015-03-21,0,32,42,0,5,5,0,46,7785,103,0,46,454,0,0,0,0,0,False,False,False
2015-03-22,0,32,42,0,5,5,0,46,7809,103,0,46,454,0,0,0,0,0,False,False,False
2015-03-23,0,32,42,0,5,5,0,46,7833,103,0,46,454,0,0,0,0,0,False,False,False
2015-03-24,0,31,42,0,5,5,0,46,7857,103,0,46,454,0,0,0,0,0,False,False,False
2015-03-25,0,32,42,0,5,5,0,46,7881,103,0,46,454,0,0,0,0,0,False,False,False
2015-03-26,0,32,42,0,5,5,0,46,7905,103,0,46,454,0,0,0,0,0,False,False,False
2015-03-27,0,32,42,0,5,5,0,46,7928,103,0,46,454,0,0,0,0,0,False,False,False
2015-03-28,0,32,42,0,5,5,0,46,7953,103,0,46,454,0,0,0,0,0,False,False,False
2015-03-29,0,32,42,0,5,5,0,46,7977,103,0,46,454,0,0,0,0,0,False,False,False
2015-03-30,0,32,42,0,5,5,0,46,8001,103,0,46,454,0,0,0,0,0,False,False,False
2015-03-31,0,31,42,0,5,5,0,46,8025,103,0,46,454,0,0,0,0,0,False,False,False
2015-04-01,0,31,42,0,5,5,0,46,8049,103,0,46,454,0,0,0,0,0,False,False,False
2015-04-02,0,32,42,0,5,5,0,46,8073,103,0,46,454,0,0,0,0,0,False,False,False
2015-04-03,0,31,42,0,5,5,0,46,8097,103,0,46,454,0,0,0,0,0,False,False,False
2015-04-04,0,31,42,0,5,5,0,46,8121,103,0,46,454,0,0,0,0,0,False,False,False
2015-04-05,0,31,42,0,5,5,0,46,8145,103,0,46,454,0,0,0,0,0,False,False,False
2015-04-06,0,31,42,0,5,5,0,46,8169,103,0,46,454,0,0,0,0,0,False,False,False
2015-04-07,0,31,42,0,5,5,0,46,8193,103,0,46,454,0,0,0,0,0,False,False,False
2015-04-08,0,31,41,0,5,5,0,47,8217,104,0,47,454,0,0,0,0,0,False,False,False
2015-04-09,0,32,41,0,5,5,0,47,8241,104,0,47,454,0,0,0,0,0,False,False,False
2015-04-10,0,32,41,0,5,5,0,48,8265,104,0,48,454,0,0,0,0,0,False,False,False
2015-04-11,0,31,41,0,5,5,0,48,8289,104,0,48,454,0,0,0,0,0,False,False,False
2015-04-12,0,31,41,0,5,5,0,48,8313,104,0,48,454,0,0,0,0,0,False,False,False
2015-04-13,0,31,41,0,5,5,0,48,8337,104,0,48,454,0,0,0,0,0,False,False,False
2015-04-14,0,31,41,0,5,5,0,48,8361,104,0,48,454,0,0,0,0,0,False,False,False
2015-04-15,0,31,41,0,5,5,0,48,8385,104,0,48,454,0,0,0,0,0,False,False,False
2015-04-16,0,31,41,0,5,5,0,48,8409,104,0,48,454,0,0,0,0,0,False,False,False
2015-04-17,0,32,41,0,5,5,0,48,8433,104,0,48,454,0,0,0,0,0,False,False,False
2015-04-18,0,30,41,0,5,5,0,48,8457,104,0,48,454,0,0,0,0,0,False,False,False
2015-04-19,0,32,41,0,5,5,0,48,8481,104,0,48,454,0,0,0,0,0,False,False,False
2015-04-20,0,33,41,0,5,5,0,48,8505,104,0,48,454,0,0,0,0,0,False,False,False
2015-04-21,0,33,41,0,5,5,0,48,8529,104,0,48,454,0,0,0,0,0,False,False,False
2015-04-22,0,33,41,0,5,5,0,48,8553,104,0,48,454,0,0,0,0,0,False,False,False
2015-04-23,0,32,41,0,5,5,0,48,8577,104,0,48,454,0,0,0,0,0,False,False,False
2015-04-24,0,33,41,0,5,5,0,48,8601,104,0,48,454,0,0,0,0,0,False,False,False
2015-04-25,0,32,41,0,5,5,0,48,8625,104,0,48,454,0,0,0,0,0,False,False,False
2015-04-26,0,33,41,0,5,5,0,48,8649,104,0,48,454,0,0,0,0,0,False,False,False
2015-04-27,0,33,41,0,5,5,0,48,8673,104,0,48,454,0,0,0,0,0,False,False,False
2015-04-28,0,32,41,0,5,5,0,48,8697,104,0,48,454,0,0,0,0,0,False,False,False
2015-04-29,0,32,41,0,5,5,0,48,8721,104,0,48,454,0,0,0,0,0,False,False,False
2015-04-30,0,32,42,0,5,5,0,49,8745,103,0,49,454,0,0,0,0,0,False,False,False
2015-05-01,0,33,42,0,5,5,0,49,8769,103,0,49,454,0,0,0,0,0,False,False,False
2015-05-02,0,31,42,0,5,5,0,50,8793,103,0,50,454,0,0,0,0,0,False,False,False
2015-05-03,0,30,42,0,5,5,0,51,8816,103,0,51,454,0,0,0,0,0,False,False,False
2015-05-04,0,31,42,0,5,5,0,51,8841,103,0,51,454,0,0,0,0,0,False,False,False
2015-05-05,0,31,42,0,5,5,0,52,8865,103,0,52,454,0,0,0,0,0,False,False,False
2015-05-06,0,31,42,0,5,5,0,53,8889,103,0,53,454,0,0,0,0,0,False,False,False
2015-05-07,0,31,42,0,5,5,0,54,8913,103,0,54,454,0,0,0,0,0,False,False,False
2015-05-08,0,33,42,0,5,5,0,54,8937,103,0,54,454,0,0,0,0,0,False,False,False
2015-05-09,0,32,42,0,5,5,0,55,8961,103,0,55,454,0,0,0,0,0,False,False,False
2015-05-10,0,31,42,0,5,5,0,56,8985,103,0,56,454,0,0,0,0,0,False,False,False
2015-05-11,0,33,42,0,5,5,0,56,9009,103,0,56,454,0,0,0,0,0,False,False,False
2015-05-12,0,33,42,0,5,5,0,57,9033,103,0,57,454,0,0,0,0,0,False,False,False
2015-05-13,0,33,42,0,5,5,0,58,9057,103,0,58,454,0,0,0,0,0,False,False,False
2015-05-14,0,33,42,0,5,5,0,58,9081,103,0,58,454,0,0,0,0,0,False,False,False
2015-05-15,0,33,42,0,5,5,0,58,9105,103,0,58,454,0,0,0,0,0,False,False,False
2015-05-16,0,33,42,0,5,5,0,58,9129,103,0,58,454,0,0,0,0,0,False,False,False
2015-05-17,0,31,42,0,5,5,0,58,9153,103,0,58,454,0,0,0,0,0,False,False,False
2015-05-18,0,33,42,0,5,5,0,58,9177,103,0,58,454,0,0,0,0,0,False,False,False
2015-05-19,0,32,42,0,5,5,0,58,9201,103,0,58,454,0,0,0,0,0,False,False,False
2015-05-20,0,32,42,0,5,5,0,58,9225,103,0,58,454,0,0,0,0,0,False,False,False
2015-05-21,0,33,42,0,5,5,0,58,9249,103,0,58,454,0,0,0,0,0,False,False,False
2015-05-22,0,33,42,0,5,5,0,58,9273,103,0,58,454,0,0,0,0,0,False,False,False
2015-05-23,0,33,42,0,5,5,0,58,9297,104,0,58,454,0,0,0,0,0,False,False,False
2015-05-24,0,33,42,0,5,5,0,58,9321,104,0,58,454,0,0,0,0,0,False,False,False
2015-05-25,0,33,42,0,5,5,0,58,9345,104,0,58,454,0,0,0,0,0,False,False,False
2015-05-26,0,33,42,0,5,5,0,58,9369,104,0,58,454,0,0,0,0,0,False,False,False
2015-05-27,0,32,42,0,5,5,0,58,9393,104,0,58,454,0,0,0,0,0,False,False,False
2015-05-28,0,32,42,0,5,5,0,58,9417,104,0,58,454,0,0,0,0,0,False,False,False
2015-05-29,0,32,42,0,5,5,0,58,9441,104,0,58,454,0,0,0,0,0,False,False,False
2015-05-30,0,32,42,0,5,5,0,58,9465,104,0,58,454,0,0,0,0,0,False,False,False
2015-05-31,0,32,42,0,5,5,0,58,9489,104,0,58,454,0,0,0,0,0,False,False,False
2015-06-01,0,32,42,0,5,5,0,58,9513,104,0,58,454,0,0,0,0,0,False,False,False
2015-06-02,0,32,42,0,5,5,0,58,9537,104,0,58,454,0,0,0,0,0,False,False,False
2015-06-03,0,32,42,0,5,5,0,58,9561,104,0,58,454,0,0,0,0,0,False,False,False
2015-06-04,0,32,42,0,5,5,0,58,9585,104,0,58,454,0,0,0,0,0,False,False,False
2015-06-05,0,32,42,0,5,5,0,58,9609,104,0,58,454,0,0,0,0,0,False,False,False
2015-06-06,0,32,42,0,5,5,0,58,9633,104,0,58,454,0,0,0,0,0,False,False,False
2015-06-07,0,32,42,0,5,5,0,58,9657,104,0,58,454,0,0,0,0,0,False,False,False
2015-06-08,0,32,42,0,5,5,0,58,9681,104,0,58,454,0,0,0,0,0,False,False,False
2015-06-09,0,32,42,0,5,5,0,58,9705,104,0,58,454,0,0,0,0,0,False,False,False
2015-06-10,0,30,42,0,5,5,0,58,9729,104,0,58,454,0,0,0,0,0,False,False,False
2015-06-11,0,32,42,0,5,5,0,58,9753,104,0,58,454,0,0,0,0,0,False,False,False
2015-06-12,0,32,42,0,5,5,0,58,9777,104,0,58,454,0,0,0,0,0,False,False,False
2015-06-13,0,32,42,0,5,5,0,58,9801,104,0,58,454,0,0,0,0,0,False,False,False
2015-06-14,0,32,42,0,5,5,0,58,9825,104,0,58,454,0,0,0,0,0,False,False,False
2015-06-15,0,32,42,0,5,5,0,58,9848,104,0,58,454,0,0,0,0,0,False,False,False
2015-06-16,0,32,42,0,5,5,0,58,9873,104,0,58,454,0,0,0,0,0,False,False,False
2015-06-17,0,30,42,0,5,5,0,58,9897,104,0,58,454,0,0,0,0,0,False,False,False
2015-06-18,0,31,42,0,5,5,0,58,9921,104,0,58,454,0,0,0,0,0,False,False,False
2015-06-19,0,31,42,0,5,5,0,58,9945,104,0,58,454,0,0,0,0,0,False,False,False
2015-06-20,0,31,42,0,5,5,0,58,9969,104,0,58,454,0,0,0,0,0,False,False,False
2015-06-21,0,31,42,0,5,5,0,58,9993,104,0,58,454,0,0,0,0,0,False,False,False
2015-06-22,0,31,41,0,5,5,0,59,10017,104,0,59,454,0,0,0,0,0,False,False,False
2015-06-23,0,32,41,0,5,5,0,59,10041,104,0,59,454,0,0,0,0,0,False,False,False
2015-06-24,0,31,41,0,5,5,0,60,10065,104,0,60,454,0,0,0,0,0,False,False,False
2015-06-25,0,31,41,0,5,5,0,60,10089,104,0,60,454,0,0,0,0,0,False,False,False
2015-06-26,0,30,41,0,5,5,0,60,10113,104,0,60,454,0,0,0,0,0,False,False,False
2015-06-27,0,31,41,0,5,5,0,60,10137,104,0,60,454,0,0,0,0,0,False,False,False
2015-06-28,0,31,41,0,5,5,0,60,10161,104,0,60,454,0,0,0,0,0,False,False,False
2015-06-29,0,30,41,0,5,5,0,60,10185,104,0,60,454,0,0,0,0,0,False,False,False
2015-06-30,0,31,41,0,5,5,0,60,10209,104,0,60,454,0,0,0,0,0,False,False,False
2015-07-01,0,30,41,0,5,5,0,60,10233,104,0,60,454,0,0,0,0,0,False,False,False
2015-07-02,0,31,41,0,5,5,0,60,10257,104,0,60,454,0,0,0,0,0,False,False,False
2015-07-03,0,31,41,0,5,5,0,60,10281,104,0,60,454,0,0,0,0,0,False,False,False
2015-07-04,0,30,41,0,5,5,0,60,10305,104,0,60,454,0,0,0,0,0,False,False,False
2015-07-05,0,30,41,0,5,5,0,60,10329,104,0,60,454,0,0,0,0,0,False,False,False
2015-07-06,0,31,41,0,5,5,0,60,10353,104,0,60,454,0,0,0,0,0,False,False,False
2015-07-07,0,31,41,0,5,5,0,60,10377,104,0,60,454,0,0,0,0,0,False,False,False
2015-07-08,0,30,41,0,5,5,0,60,10401,104,0,60,454,0,0,0,0,0,False,False,False
2015-07-09,0,33,41,0,5,5,0,60,10425,104,0,60,454,0,0,0,0,0,False,False,False
2015-07-10,0,33,41,0,5,5,0,60,10449,104,0,60,454,0,0,0,0,0,False,False,False
2015-07-11,0,33,41,0,5,5,0,60,10473,104,0,60,454,0,0,0,0,0,False,False,False
2015-07-12,0,33,41,0,5,5,0,60,10497,104,0,60,454,0,0,0,0,0,False,False,False
2015-07-13,0,33,41,0,5,5,0,60,10521,104,0,60,454,0,0,0,0,0,False,False,False
2015-07-14,0,33,41,0,5,5,0,60,10545,104,0,60,454,0,0,0,0,0,False,False,False
2015-07-15,0,33,41,0,5,5,0,60,10569,104,0,60,454,0,0,0,0,0,False,False,False
2015-07-16,0,30,41,0,5,5,0,60,10593,104,0,60,454,0,0,0,0,0,False,False,False
2015-07-17,0,30,41,0,5,5,0,60,10617,104,0,60,454,0,0,0,0,0,False,False,False
2015-07-18,0,29,41,0,5,5,0,60,10641,104,0,60,454,0,0,0,0,0,False,False,False
2015-07-19,0,30,41,0,5,5,0,60,10665,104,0,60,454,0,0,0,0,0,False,False,False
2015-07-20,0,29,41,0,5,5,0,60,10689,104,0,60,454,0,0,0,0,0,False,False,False
2015-07-21,0,30,41,0,5,5,0,60,10713,104,0,60,454,0,0,0,0,0,False,False,False
2015-07-22,0,30,41,0,5,5,0,60,10737,104,0,60,454,0,0,0,0,0,False,False,False
2015-07-23,0,28,41,0,5,5,0,60,10761,104,0,60,454,0,0,0,0,0,False,False,False
2015-07-24,0,29,41,0,5,5,0,60,10785,104,0,60,454,0,0,0,0,0,False,False,False
2015-07-25,0,29,41,0,5,5,0,60,10809,104,0,60,454,0,0,0,0,0,False,False,False
2015-07-26,0,29,41,0,5,5,0,60,10833,104,0,60,454,0,0,0,0,0,False,False,False
2015-07-27,0,29,41,0,5,5,0,60,10857,104,0,60,454,0,0,0,0,0,False,False,False
2015-07-28,0,30,42,0,6,6,0,62,10880,104,0,62,454,0,0,0,0,0,False,False,False
2015-07-29,0,29,42,0,6,6,0,63,10905,104,0,63,454,0,0,0,0,0,False,False,False
2015-07-30,0,29,42,0,6,6,0,63,10929,104,0,63,454,0,0,0,0,0,False,False,False
2015-07-31,0,29,42,0,6,6,0,63,10953,104,0,63,454,0,0,0,0,0,False,False,False
2015-08-01,0,29,42,0,6,6,0,63,10977,104,0,63,454,0,0,0,0,0,False,False,False
2015-08-02,0,29,42,0,6,6,0,63,11001,104,0,63,454,0,0,0,0,0,False,False,False
2015-08-03,0,29,42,0,6,6,0,63,11025,104,0,63,454,0,0,0,0,0,False,False,False
2015-08-04,0,30,42,0,6,6,0,63,11049,104,0,63,454,0,0,0,0,0,False,False,False
2015-08-05,0,29,42,0,6,6,0,64,11073,104,0,64,454,0,0,0,0,0,False,False,False
2015-08-06,0,29,42,0,6,6,0,65,11097,104,0,65,454,0,0,0,0,0,False,False,False
2015-08-07,0,29,42,0,6,6,0,65,11121,104,0,65,454,0,0,0,0,0,False,False,False
2015-08-08,0,29,42,0,6,6,0,66,11145,104,0,66,454,0,0,0,0,0,False,False,False
2015-08-09,0,29,42,0,6,6,0,66,11169,104,0,66,454,0,0,0,0,0,False,False,False
2015-08-10,0,29,42,0,6,6,0,66,11193,104,0,66,454,0,0,0,0,0,False,False,False
2015-08-11,0,31,42,0,6,6,0,66,11217,104,0,66,454,0,0,0,0,0,False,False,False
2015-08-12,0,29,42,0,6,6,0,66,11241,104,0,66,454,0,0,0,0,0,False,False,False
2015-08-13,0,30,42,0,6,6,0,66,11265,104,0,66,454,0,0,0,0,0,False,False,False
2015-08-14,0,29,42,0,6,6,0,66,11289,104,0,66,454,0,0,0,0,0,False,False,False
2015-08-15,0,30,42,0,6,6,0,66,11313,104,0,66,454,0,0,0,0,0,False,False,False
2015-08-16,0,29,42,0,6,6,0,66,11337,104,0,66,454,0,0,0,0,0,False,False,False
2015-08-17,0,29,42,0,6,6,0,66,11361,104,0,66,454,0,0,0,0,0,False,False,False
2015-08-18,0,30,42,0,6,6,0,66,11384,104,0,66,454,0,0,0,0,0,False,False,False
2015-08-19,0,29,42,0,6,6,0,66,11409,104,0,66,454,0,0,0,0,0,False,False,False
2015-08-20,0,29,42,0,6,6,0,67,11433,104,0,67,454,0,0,0,0,0,False,False,False
2015-08-21,0,29,42,0,6,6,0,68,11457,104,0,68,454,0,0,0,0,0,False,False,False
2015-08-22,0,29,42,0,6,6,0,68,11481,104,0,68,454,0,0,0,0,0,False,False,False
2015-08-23,0,29,42,0,6,6,0,69,11505,104,0,69,454,0,0,0,0,0,False,False,False
2015-08-24,0,29,42,0,6,6,0,69,11529,104,0,69,454,0,0,0,0,0,False,False,False
2015-08-25,0,29,42,0,6,6,0,69,11552,104,0,69,454,0,0,0,0,0,False,False,False
2015-08-26,0,29,42,0,6,6,0,69,11577,104,0,69,454,0,0,0,0,0,False,False,False
2015-08-27,0,29,42,0,6,6,0,69,11601,104,0,69,454,0,0,0,0,0,False,False,False
2015-08-28,0,29,42,0,6,6,0,69,11625,104,0,69,454,0,0,0,0,0,False,False,False
2015-08-29,0,29,42,0,6,6,0,69,11649,104,0,69,454,0,0,0,0,0,False,False,False
2015-08-30,0,29,42,0,6,6,0,69,11673,104,0,69,454,0,0,0,0,0,False,False,False
2015-08-31,0,29,42,0,6,6,0,69,11697,104,0,69,454,0,0,0,0,0,False,False,False
2015-09-01,0,29,42,0,6,6,0,69,11721,104,0,69,454,0,0,0,0,0,False,False,False
2015-09-02,0,29,42,0,6,6,0,69,11745,104,0,69,454,0,0,0,0,0,False,False,False
2015-09-03,0,29,42,0,6,6,0,69,11769,104,0,69,454,0,0,0,0,0,False,False,False
2015-09-04,0,29,42,0,6,6,0,69,11793,104,0,69,454,0,0,0,0,0,False,False,False
2015-09-05,0,29,42,0,6,6,0,69,11817,104,0,69,454,0,0,0,0,0,False,False,False
2015-09-06,0,29,42,0,6,6,0,70,11841,104,0,70,454,0,0,0,0,0,False,False,False
2015-09-07,0,29,42,0,6,6,0,71,11865,104,0,71,454,0,0,0,0,0,False,False,False
2015-09-08,0,29,42,0,6,6,0,72,11889,104,0,72,454,0,0,0,0,0,False,False,False
2015-09-09,0,29,42,0,6,6,0,72,11913,104,0,72,454,0,0,0,0,0,False,False,False
2015-09-10,0,29,42,0,6,6,0,72,11937,104,0,72,454,0,0,0,0,0,False,False,False
2015-09-11,0,29,42,0,6,6,0,72,11961,104,0,72,454,0,0,0,0,0,False,False,False
2015-09-12,0,29,42,0,6,6,0,72,11985,104,0,72,454,0,0,0,0,0,False,False,False
2015-09-13,0,29,42,0,6,6,0,72,12009,104,0,72,454,0,0,0,0,0,False,False,False
2015-09-14,0,29,42,0,6,6,0,72,12033,104,0,72,454,0,0,0,0,0,False,False,False
2015-09-15,0,29,42,0,6,6,0,72,12057,104,0,72,454,0,0,0,0,0,False,False,False
2015-09-16,0,29,42,0,6,6,0,72,12081,104,0,72,454,0,0,0,0,0,False,False,False
2015-09-17,0,29,42,0,6,6,0,72,12105,104,0,72,454,0,0,0,0,0,False,False,False
2015-09-18,0,29,42,0,6,6,0,72,12129,104,0,72,454,0,0,0,0,0,False,False,False
2015-09-19,0,29,42,0,6,6,0,72,12153,104,0,72,454,0,0,0,0,0,False,False,False
2015-09-20,0,29,42,0,6,6,0,72,12177,104,0,72,454,0,0,0,0,0,False,False,False
2015-09-21,0,30,42,0,6,6,0,72,12201,104,0,72,454,0,0,0,0,0,False,False,False
2015-09-22,0,30,42,0,6,6,0,73,12225,104,0,73,454,0,0,0,0,0,False,False,False
2015-09-23,0,30,42,0,6,6,0,73,12249,104,0,73,454,0,0,0,0,0,False,False,False
2015-09-24,0,29,42,0,6,6,0,73,12273,104,0,73,454,0,0,0,0,0,False,False,False
2015-09-25,0,29,42,0,6,6,0,73,12297,104,0,73,454,0,0,0,0,0,False,False,False
2015-09-26,0,29,42,0,6,6,0,73,12321,104,0,73,454,0,0,0,0,0,False,False,False
2015-09-27,0,29,42,0,6,6,0,73,12345,104,0,73,454,0,0,0,0,0,False,False,False
2015-09-28,0,29,42,0,6,6,0,73,12369,104,0,73,454,0,0,0,0,0,False,False,False
2015-09-29,0,29,42,0,6,6,0,73,12393,104,0,73,454,0,0,0,0,0,False,False,False
2015-09-30,0,29,42,0,6,6,0,73,12417,104,0,73,454,0,0,0,0,0,False,False,False
2015-10-01,0,29,42,0,6,6,0,73,12441,104,0,73,454,0,0,0,0,0,False,False,False
2015-10-02,0,30,42,0,6,6,0,73,12465,104,0,73,454,0,0,0,0,0,False,False,False
2015-10-03,0,29,42,0,6,6,0,73,12489,104,0,73,454,0,0,0,0,0,False,False,False
2015-10-04,0,29,42,0,6,6,0,73,12513,104,0,73,454,0,0,0,0,0,False,False,False
2015-10-05,0,30,42,0,6,6,0,73,12537,104,0,73,454,0,0,0,0,0,False,False,False
2015-10-06,0,30,42,0,6,6,0,73,12561,104,0,73,454,0,0,0,0,0,False,False,False
2015-10-07,0,29,42,0,6,6,0,73,12585,104,0,73,454,0,0,0,0,0,False,False,False
2015-10-08,0,28,42,0,6,6,0,73,12609,104,0,73,454,0,0,0,0,0,False,False,False
2015-10-09,0,28,42,0,6,6,0,73,12633,104,0,73,454,0,0,0,0,0,False,False,False
2015-10-10,0,29,42,0,6,6,0,73,12657,104,0,73,454,0,0,0,0,0,False,False,False
2015-10-11,0,29,42,0,6,6,0,73,12681,104,0,73,454,0,0,0,0,0,False,False,False
2015-10-12,0,29,42,0,6,6,0,73,12705,104,0,73,454,0,0,0,0,0,False,False,False
2015-10-13,0,29,42,0,6,6,0,73,12729,104,0,73,454,0,0,0,0,0,False,False,False
2015-10-14,0,28,42,0,6,6,0,73,12753,104,0,73,454,0,0,0,0,0,False,False,False
2015-10-15,0,29,42,0,6,6,0,73,12777,104,0,73,454,0,0,0,0,0,False,False,False
2015-10-16,0,29,42,0,6,6,0,73,12801,104,0,73,454,0,0,0,0,0,False,False,False
2015-10-17,0,29,42,0,6,6,0,73,12825,104,0,73,454,0,0,0,0,0,False,False,False
2015-10-18,0,29,42,0,6,6,0,73,12849,104,0,73,454,0,0,0,0,0,False,False,False
2015-10-19,0,28,42,0,6,6,0,73,12873,104,0,73,454,0,0,0,0,0,False,False,False
2015-10-20,0,29,42,0,6,6,0,73,12897,104,0,73,454,0,0,0,0,0,False,False,False
2015-10-21,0,29,42,0,6,6,0,73,12921,104,0,73,454,0,0,0,0,0,False,False,False
2015-10-22,0,29,42,0,6,6,0,73,12945,104,0,73,454,0,0,0,0,0,False,False,False
2015-10-23,0,29,42,0,6,6,0,73,12969,104,0,73,454,0,0,0,0,0,False,False,False
2015-10-24,0,29,42,0,6,6,0,73,12993,104,0,73,454,0,0,0,0,0,False,False,False
2015-10-25,0,29,42,0,6,6,0,73,13017,104,0,73,454,0,0,0,0,0,False,False,False
2015-10-26,0,29,42,0,6,6,0,73,13041,104,0,73,454,0,0,0,0,0,False,False,False
2015-10-27,0,29,42,0,6,6,0,73,13065,104,0,73,454,0,0,0,0,0,False,False,False
2015-10-28,0,29,42,0,6,6,0,73,13089,104,0,73,454,0,0,0,0,0,False,False,False
2015-10-29,0,29,42,0,6,6,0,73,13113,104,0,73,454,0,0,0,0,0,False,False,False
2015-10-30,0,29,42,0,6,6,0,73,13137,104,0,73,454,0,0,0,0,0,False,False,False
2015-10-31,0,29,42,0,6,6,0,73,13161,104,0,73,454,0,0,0,0,0,False,False,False
2015-11-02,0,29,41,0,6,6,0,74,13210,104,0,74,454,0,0,0,0,0,False,False,False
2015-11-03,0,29,41,0,6,6,0,74,13234,104,0,74,454,0,0,0,0,0,False,False,False
2015-11-04,0,30,41,0,6,6,0,74,13258,104,0,74,454,0,0,0,0,0,False,False,False
2015-11-05,0,31,41,0,6,6,0,74,13282,104,0,74,454,0,0,0,0,0,False,False,False
2015-11-06,0,31,41,0,6,6,0,74,13306,104,0,74,454,0,0,0,0,0,False,False,False
2015-11-07,0,32,41,0,6,6,0,74,13330,104,0,74,454,0,0,0,0,0,False,False,False
2015-11-08,0,29,41,0,6,6,0,74,13354,104,0,74,454,0,0,0,0,0,False,False,False
2015-11-09,0,29,41,0,6,6,0,74,13378,104,0,74,454,0,0,0,0,0,False,False,False
2015-11-10,0,29,41,0,6,6,0,74,13402,104,0,74,454,0,0,0,0,0,False,False,False
2015-11-11,0,30,41,0,6,6,0,74,13426,104,0,74,454,0,0,0,0,0,False,False,False
2015-11-12,0,29,41,0,6,6,0,74,13450,104,0,74,454,0,0,0,0,0,False,False,False
2015-11-13,0,30,41,0,6,6,0,74,13474,104,0,74,454,0,0,0,0,0,False,False,False
2015-11-14,0,29,41,0,6,6,0,74,13498,104,0,74,454,0,0,0,0,0,False,False,False
2015-11-15,0,29,41,0,6,6,0,74,13522,104,0,74,454,0,0,0,0,0,False,False,False
2015-11-16,0,29,41,0,6,6,0,74,13546,104,0,74,454,0,0,0,0,0,False,False,False
2015-11-17,0,31,41,0,6,6,0,74,13570,104,0,74,454,0,0,0,0,0,False,False,False
2015-11-18,0,31,41,0,6,6,0,74,13594,104,0,74,454,0,0,0,0,0,False,False,False
2015-11-19,0,32,41,0,6,6,0,74,13618,104,0,74,454,0,0,0,0,0,False,False,False
2015-11-20,0,32,41,0,6,6,0,74,13642,104,0,74,454,0,0,0,0,0,False,False,False
2015-11-21,0,32,41,0,6,6,0,74,13666,104,0,74,454,0,0,0,0,0,False,False,False
2015-11-22,0,31,41,0,6,6,0,74,13690,104,0,74,454,0,0,0,0,0,False,False,False
2015-11-23,0,30,41,0,6,6,0,74,13714,104,0,74,454,0,0,0,0,0,False,False,False
2015-11-24,0,31,41,0,6,6,0,74,13738,104,0,74,454,0,0,0,0,0,False,False,False
2015-11-25,0,31,41,0,6,6,0,74,13762,104,0,74,454,0,0,0,0,0,False,False,False
2015-11-26,0,31,41,0,6,6,0,74,13786,104,0,74,454,0,0,0,0,0,False,False,False
2015-11-27,0,31,42,0,6,6,0,75,13810,104,0,75,454,0,0,0,0,0,False,False,False
2015-11-28,0,31,42,0,6,6,0,75,13834,104,0,75,454,0,0,0,0,0,False,False,False
2015-11-29,0,31,42,0,6,6,0,75,13858,104,0,75,454,0,0,0,0,0,False,False,False
2015-11-30,0,31,42,0,6,6,0,75,13882,104,0,75,454,0,0,0,0,0,False,False,False
2015-12-01,0,30,42,0,6,6,0,75,13906,104,0,75,454,0,0,0,0,0,False,False,False
2015-12-02,0,30,42,0,6,6,0,75,13930,104,0,75,454,0,0,0,0,0,False,False,False
2015-12-03,0,31,42,0,6,6,0,75,13954,104,0,75,454,0,0,0,0,0,False,False,False
2015-12-04,0,31,42,0,6,6,0,75,13978,104,0,75,454,0,0,0,0,0,False,False,False
2015-12-05,0,30,42,0,6,6,0,75,14002,104,0,75,454,0,0,0,0,0,False,False,False
2015-12-06,0,31,42,0,6,6,0,75,14026,104,0,75,454,0,0,0,0,0,False,False,False
2015-12-07,0,31,42,0,6,6,0,75,14050,104,0,75,454,0,0,0,0,0,False,False,False
2015-12-08,0,31,42,0,6,6,0,75,14074,104,0,75,454,0,0,0,0,0,False,False,False
2015-12-09,0,31,42,0,6,6,0,75,14098,104,0,75,454,0,0,0,0,0,False,False,False
2015-12-10,0,32,42,0,6,6,0,75,14122,104,0,75,454,0,0,0,0,0,False,False,False
2015-12-11,0,30,42,0,6,6,0,75,14146,104,0,75,454,0,0,0,0,0,False,False,False
2015-12-12,0,30,42,0,6,6,0,75,14170,104,0,75,454,0,0,0,0,0,False,False,False
2015-12-13,0,30,42,0,6,6,0,75,14194,104,0,75,454,0,0,0,0,0,False,False,False
2015-12-14,0,30,42,0,6,6,0,75,14218,104,0,75,454,0,0,0,0,0,False,False,False
2015-12-15,0,30,42,0,6,6,0,76,14240,104,0,76,454,0,0,0,0,0,False,False,False
2015-12-16,0,30,42,0,6,6,0,77,14266,104,0,77,454,0,0,0,0,0,False,False,False
2015-12-17,0,30,42,0,6,6,0,77,14290,104,0,77,454,0,0,0,0,0,False,False,False
2015-12-18,0,30,42,0,6,6,0,77,14314,104,0,77,454,0,0,0,0,0,False,False,False
2015-12-19,0,30,42,0,6,6,0,78,14338,103,0,78,454,0,0,0,0,0,False,False,False
2015-12-20,0,30,42,0,6,6,0,78,14362,103,0,78,454,0,0,0,0,0,False,False,False
2015-12-21,0,30,42,0,6,6,0,78,14386,103,0,78,454,0,0,0,0,0,False,False,False
2015-12-22,0,30,42,0,6,6,0,78,14410,103,0,78,454,0,0,0,0,0,False,False,False
2015-12-23,0,31,42,0,6,6,0,78,14434,103,0,78,454,0,0,0,0,0,False,False,False
2015-12-24,0,30,42,0,6,6,0,78,14458,103,0,78,454,0,0,0,0,0,False,False,False
2015-12-25,0,30,42,0,6,6,0,78,14481,103,0,78,454,0,0,0,0,0,False,False,False
2015-12-26,0,30,42,0,6,6,0,78,14506,103,0,78,454,0,0,0,0,0,False,False,False
2015-12-27,0,30,42,0,6,6,0,78,14530,104,0,78,454,0,0,0,0,0,False,False,False
2015-12-28,0,30,42,0,6,6,0,78,14554,104,0,78,454,0,0,0,0,0,False,False,False
2015-12-29,0,30,42,0,6,6,0,78,14578,104,0,78,454,0,0,0,0,0,False,False,False
2015-12-30,0,30,42,0,6,6,0,78,14602,104,0,78,454,0,0,0,0,0,False,False,False
2015-12-31,0,30,42,0,6,6,0,78,14626,104,0,78,454,0,0,0,0,0,False,False,False
2016-01-01,0,30,42,0,6,6,0,78,14650,104,0,78,454,0,0,0,0,0,False,False,False
2016-01-02,0,30,41,0,6,6,0,79,14674,104,0,79,454,0,0,0,0,0,False,False,False
2016-01-03,0,30,41,0,6,6,0,79,14698,104,0,79,454,0,0,0,0,0,False,False,False
2016-01-04,0,30,41,0,6,6,0,79,14722,104,0,79,454,0,0,0,0,0,False,False,False
2016-01-05,0,31,41,0,6,6,0,79,14746,104,0,79,454,0,0,0,0,0,False,False,False
2016-01-06,0,31,41,0,6,6,0,79,14770,104,0,79,454,0,0,0,0,0,False,False,False
2016-01-07,0,30,41,0,6,6,0,79,14794,104,0,79,454,0,0,0,0,0,False,False,False
2016-01-08,0,30,41,0,6,6,0,79,14818,104,0,79,454,0,0,0,0,0,False,False,False
2016-01-09,0,30,41,0,6,6,0,79,14842,104,0,79,454,0,0,0,0,0,False,False,False
2016-01-10,0,30,41,0,6,6,0,79,14866,104,0,79,454,0,0,0,0,0,False,False,False
2016-01-11,0,30,41,0,6,6,0,79,14890,104,0,79,454,0,0,0,0,0,False,False,False
2016-01-12,0,30,41,0,6,6,0,79,14914,104,0,79,454,0,0,0,0,0,False,False,False
2016-01-13,0,31,41,0,6,6,0,79,14938,104,0,79,454,0,0,0,0,0,False,False,False
2016-01-14,0,30,41,0,6,6,0,79,14962,104,0,79,454,0,0,0,0,0,False,False,False
2016-01-15,0,30,41,0,6,6,0,79,14986,104,0,79,454,0,0,0,0,0,False,False,False
2016-01-16,0,30,41,0,6,6,0,79,15010,104,0,79,454,0,0,0,0,0,False,False,False
2016-01-17,0,31,41,0,6,6,0,79,15034,104,0,79,454,0,0,0,0,0,False,False,False
2016-01-18,0,31,41,0,6,6,0,79,15058,104,0,79,454,0,0,0,0,0,False,False,False
2016-01-19,0,31,41,0,6,6,0,79,15082,104,0,79,454,0,0,0,0,0,False,False,False
2016-01-20,0,32,41,0,6,6,0,79,15106,104,0,79,454,0,0,0,0,0,False,False,False
2016-01-21,0,32,41,0,6,6,0,79,15130,104,0,79,454,0,0,0,0,0,False,False,False
2016-01-22,0,32,41,0,6,6,0,79,15154,104,0,79,454,0,0,0,0,0,False,False,False
2016-01-23,0,32,41,0,6,6,0,79,15178,104,0,79,454,0,0,0,0,0,False,False,False
2016-01-24,0,31,41,0,6,6,0,79,15202,104,0,79,454,0,0,0,0,0,False,False,False
2016-01-25,0,31,41,0,6,6,0,79,15226,104,0,79,454,0,0,0,0,0,False,False,False
2016-01-26,0,31,41,0,6,6,0,79,15250,104,0,79,454,0,0,0,0,0,False,False,False
2016-01-27,0,31,41,0,6,6,0,79,15274,104,0,79,454,0,0,0,0,0,False,False,False
2016-01-28,0,31,41,0,6,6,0,79,15298,104,0,79,454,0,0,0,0,0,False,False,False
2016-01-29,0,32,41,0,6,6,0,79,15322,104,0,79,454,0,0,0,0,0,False,False,False
2016-01-30,0,32,41,0,6,6,0,79,15346,104,0,79,454,0,0,0,0,0,False,False,False
2016-01-31,0,31,41,0,6,6,0,79,15370,104,0,79,454,0,0,0,0,0,False,False,False
2016-02-01,0,31,41,0,6,6,0,80,15394,104,0,80,454,0,0,0,0,0,False,False,False
2016-02-02,0,31,41,0,6,6,0,81,15418,104,0,81,454,0,0,0,0,0,False,False,False
2016-02-03,0,31,41,0,6,6,0,81,15442,104,0,81,454,0,0,0,0,0,False,False,False
2016-02-04,0,32,41,0,6,6,0,81,15466,104,0,81,454,0,0,0,0,0,False,False,False
2016-02-05,0,32,41,0,6,6,0,81,15490,104,0,81,454,0,0,0,0,0,False,False,False
2016-02-06,0,32,41,0,6,6,0,81,15514,104,0,81,454,0,0,0,0,0,False,False,False
2016-02-07,0,31,41,0,6,6,0,81,15538,104,0,81,454,0,0,0,0,0,False,False,False
2016-02-08,0,32,41,0,6,6,0,81,15562,104,0,81,454,0,0,0,0,0,False,False,False
2016-02-09,0,33,41,0,6,6,0,81,15586,104,0,81,454,0,0,0,0,0,False,False,False
2016-02-10,0,30,41,0,6,6,0,81,15610,104,0,81,454,0,0,0,0,0,False,False,False
2016-02-11,0,32,41,0,6,6,0,81,15634,104,0,81,454,0,0,0,0,0,False,False,False
2016-02-12,0,31,42,0,6,6,0,82,15658,104,0,82,454,0,0,0,0,0,False,False,False
2016-02-13,0,32,42,0,6,6,0,83,15682,104,0,83,454,0,0,0,0,0,False,False,False
2016-02-14,0,31,42,0,6,6,0,83,15706,104,0,83,454,0,0,0,0,0,False,False,False
2016-02-15,0,30,42,0,6,6,0,83,15730,104,0,83,454,0,0,0,0,0,False,False,False
2016-02-16,0,32,42,0,6,6,0,83,15754,104,0,83,454,0,0,0,0,0,False,False,False
2016-02-17,0,31,42,0,6,6,0,83,15778,104,0,83,454,0,0,0,0,0,False,False,False
2016-02-18,0,32,42,0,6,6,0,83,15802,104,0,83,454,0,0,0,0,0,False,False,False
2016-02-19,0,32,42,0,6,6,0,83,15826,104,0,83,454,0,0,0,0,0,False,False,False
2016-02-20,0,32,42,0,6,6,0,83,15850,104,0,83,454,0,0,0,0,0,False,False,False
2016-02-21,0,31,42,0,6,6,0,83,15874,104,0,83,454,0,0,0,0,0,False,False,False
2016-02-22,0,31,42,0,6,6,0,83,15898,104,0,83,454,0,0,0,0,0,False,False,False
2016-02-23,0,32,42,0,6,6,0,83,15922,104,0,83,454,0,0,0,0,0,False,False,False
2016-02-24,0,32,42,0,6,6,0,83,15946,104,0,83,454,0,0,0,0,0,False,False,False
2016-02-25,0,31,41,0,6,6,0,84,15970,104,0,84,454,0,0,0,0,0,False,False,False
2016-02-26,0,32,41,0,6,6,0,84,15994,104,0,84,454,0,0,0,0,0,False,False,False
2016-02-27,0,31,41,0,6,6,0,84,16018,104,0,84,454,0,0,0,0,0,False,False,False
2016-02-28,0,32,41,0,6,6,0,84,16042,104,0,84,454,0,0,0,0,0,False,False,False
2016-02-29,0,31,41,0,6,6,0,84,16066,104,0,84,454,0,0,0,0,0,False,False,False
2016-03-01,0,32,41,0,6,6,0,84,16090,104,0,84,454,0,0,0,0,0,False,False,False
2016-03-02,0,31,41,0,6,6,0,84,16114,104,0,84,454,0,0,0,0,0,False,False,False
2016-03-03,0,31,41,0,6,6,0,85,16138,104,0,85,454,0,0,0,0,0,False,False,False
2016-03-04,0,31,41,0,6,6,0,86,16162,104,0,86,454,0,0,0,0,0,False,False,False
2016-03-05,0,31,41,0,6,6,0,86,16186,104,0,86,454,0,0,0,0,0,False,False,False
2016-03-06,0,30,41,0,6,6,0,86,16210,104,0,86,454,0,0,0,0,0,False,False,False
2016-03-07,0,31,41,0,6,6,0,86,16234,104,0,86,454,0,0,0,0,0,False,False,False
2016-03-08,0,32,41,0,6,6,0,86,16258,104,0,86,454,0,0,0,0,0,False,False,False
2016-03-09,0,32,41,0,6,6,0,86,16282,104,0,86,454,0,0,0,0,0,False,False,False
2016-03-10,0,31,41,0,6,6,0,86,16306,104,0,86,454,0,0,0,0,0,False,False,False
2016-03-11,0,32,41,0,6,6,0,86,16330,104,0,86,454,0,0,0,0,0,False,False,False
2016-03-12,0,32,41,0,6,6,0,86,16354,104,0,86,454,0,0,0,0,0,False,False,False
2016-03-13,0,31,42,0,6,6,0,87,16378,104,0,87,454,0,0,0,0,0,False,False,False
2016-03-14,0,31,42,0,6,6,0,87,16402,104,0,87,454,0,0,0,0,0,False,False,False
2016-03-15,0,32,42,0,6,6,0,87,16425,104,0,87,454,0,0,0,0,0,False,False,False
2016-03-16,0,32,42,0,6,6,0,87,16449,104,0,87,454,0,0,0,0,0,False,False,False
2016-03-17,0,32,42,0,6,6,0,88,16473,104,0,88,454,0,0,0,0,0,False,False,False
2016-03-18,0,32,42,0,6,6,0,89,16497,104,0,89,454,0,0,0,0,0,False,False,False
2016-03-19,0,32,42,0,6,6,0,89,16521,104,0,89,454,0,0,0,0,0,False,False,False
2016-03-20,0,30,42,0,6,6,0,89,16545,104,0,89,454,0,0,0,0,0,False,False,False
2016-03-21,0,30,42,0,6,6,0,89,16569,104,0,89,454,0,0,0,0,0,False,False,False
2016-03-22,0,32,42,0,6,6,0,89,16593,104,0,89,454,0,0,0,0,0,False,False,False
2016-03-23,0,31,42,0,6,6,0,89,16617,104,0,89,454,0,0,0,0,0,False,False,False
2016-03-24,0,31,42,0,6,6,0,89,16641,104,0,89,454,0,0,0,0,0,False,False,False
2016-03-25,0,32,42,0,6,6,0,89,16665,104,0,89,454,0,0,0,0,0,False,False,False
2016-03-26,0,32,42,0,6,6,0,89,16689,104,0,89,454,0,0,0,0,0,False,False,False
2016-03-27,0,31,42,0,6,6,0,89,16713,104,0,89,454,0,0,0,0,0,False,False,False
2016-03-28,0,31,42,0,6,6,0,89,16737,104,0,89,454,0,0,0,0,0,False,False,False
2016-03-29,0,31,42,0,6,6,0,89,16761,104,0,89,454,0,0,0,0,0,False,False,False
2016-03-30,0,31,42,0,6,6,0,89,16785,104,0,89,454,0,0,0,0,0,False,False,False
2016-03-31,0,31,42,0,6,6,0,89,16809,104,0,89,454,0,0,0,0,0,False,False,False
2016-04-01,0,32,42,0,6,6,0,89,16833,104,0,89,454,0,0,0,0,0,False,False,False
2016-04-02,0,32,42,0,6,6,0,89,16857,104,0,89,454,0,0,0,0,0,False,False,False
2016-04-03,0,31,42,0,6,6,0,89,16881,104,0,89,454,0,0,0,0,0,False,False,False
2016-04-04,0,31,41,0,6,6,0,90,16905,104,0,90,454,0,0,0,0,0,False,False,False
2016-04-05,0,32,41,0,6,6,0,91,16929,104,0,91,454,0,0,0,0,0,False,False,False
2016-04-06,0,31,41,0,6,6,0,92,16953,104,0,92,454,0,0,0,0,0,False,False,False
2016-04-07,0,30,41,0,6,6,0,93,16977,104,0,93,454,0,0,0,0,0,False,False,False
2016-04-08,0,32,41,0,6,6,0,93,17001,104,0,93,454,0,0,0,0,0,False,False,False
2016-04-09,0,32,41,0,6,6,0,93,17025,104,0,93,454,0,0,0,0,0,False,False,False
2016-04-10,0,32,41,0,6,6,0,93,17049,104,0,93,454,0,0,0,0,0,False,False,False
2016-04-11,0,32,41,0,6,6,0,93,17073,104,0,93,454,0,0,0,0,0,False,False,False
2016-04-12,0,32,41,0,6,6,0,93,17097,104,0,93,454,0,0,0,0,0,False,False,False
2016-04-13,0,32,41,0,6,6,0,94,17121,104,0,94,454,0,0,0,0,0,False,False,False
2016-04-14,0,32,41,0,6,6,0,94,17145,104,0,94,454,0,0,0,0,0,False,False,False
2016-04-15,0,32,42,0,6,6,0,95,17169,104,0,95,454,0,0,0,0,0,False,False,False
2016-04-16,0,32,42,0,6,6,0,95,17193,104,0,95,454,0,0,0,0,0,False,False,False
2016-04-17,0,31,41,0,6,6,0,95,17217,104,0,95,454,0,0,0,0,0,False,False,False
2016-04-18,0,31,41,0,6,6,0,96,17241,104,0,96,454,0,0,0,0,0,False,False,False
2016-04-19,0,30,41,0,6,6,0,96,17265,104,0,96,454,0,0,0,0,0,False,False,False
2016-04-20,0,31,42,0,6,6,0,97,17289,104,0,97,454,0,0,0,0,0,False,False,False
2016-04-21,0,30,42,0,6,6,0,97,17313,104,0,97,454,0,0,0,0,0,False,False,False
2016-04-22,0,32,42,0,6,6,0,97,17337,104,0,97,454,0,0,0,0,0,False,False,False
2016-04-23,0,32,42,0,6,6,0,97,17361,104,0,97,454,0,0,0,0,0,False,False,False
2016-04-24,0,31,42,0,6,6,0,97,17385,104,0,97,454,0,0,0,0,0,False,False,False
2016-04-25,0,31,41,0,6,6,0,98,17409,104,0,98,454,0,0,0,0,0,False,False,False
2016-04-26,0,32,41,0,6,6,0,98,17433,104,0,98,454,0,0,0,0,0,False,False,False
2016-04-27,0,32,41,0,6,6,0,98,17457,104,0,98,454,0,0,0,0,0,False,False,False
2016-04-28,0,31,41,0,6,6,0,98,17481,104,0,98,454,0,0,0,0,0,False,False,False
2016-04-29,0,31,41,0,6,6,0,98,17505,104,0,98,454,0,0,0,0,0,False,False,False
2016-04-30,0,32,41,0,6,6,0,98,17529,104,0,98,454,0,0,0,0,0,False,False,False
2016-05-01,0,30,41,0,6,6,0,99,17553,104,0,99,454,0,0,0,0,0,False,False,False
2016-05-02,0,30,41,0,6,6,0,100,17577,104,0,100,454,0,0,0,0,0,False,False,False
2016-05-03,0,30,41,0,6,6,0,100,17601,104,0,100,454,0,0,0,0,0,False,False,False
2016-05-04,0,30,41,0,6,6,0,101,17625,104,0,101,454,0,0,0,0,0,False,False,False
2016-05-05,0,32,41,0,6,6,0,102,17649,104,0,102,454,0,0,0,0,0,False,False,False
2016-05-06,0,31,41,0,6,6,0,102,17673,104,0,102,454,0,0,0,0,0,False,False,False
2016-05-07,0,32,41,0,6,6,0,102,17697,104,0,102,454,0,0,0,0,0,False,False,False
2016-05-08,0,32,42,0,6,6,0,103,17721,104,0,103,454,0,0,0,0,0,False,False,False
2016-05-09,0,32,42,0,6,6,0,103,17745,104,0,103,454,0,0,0,0,0,False,False,False
2016-05-10,0,31,42,0,6,6,0,103,17768,104,0,103,454,0,0,0,0,0,False,False,False
2016-05-11,0,30,42,0,6,6,0,103,17793,104,0,103,454,0,0,0,0,0,False,False,False
2016-05-12,0,30,42,0,6,6,0,103,17817,104,0,103,454,0,0,0,0,0,False,False,False
2016-05-13,0,30,41,0,6,6,0,104,17841,104,0,104,454,0,0,0,0,0,False,False,False
2016-05-14,0,31,41,0,6,6,0,104,17865,104,0,104,454,0,0,0,0,0,False,False,False
2016-05-15,0,32,41,0,6,6,0,104,17889,104,0,104,454,0,0,0,0,0,False,False,False
2016-05-16,0,30,41,0,6,6,0,104,17913,104,0,104,454,0,0,0,0,0,False,False,False
2016-05-17,0,30,41,0,6,6,0,104,17937,104,0,104,454,0,0,0,0,0,False,False,False
2016-05-18,0,30,42,0,6,6,0,105,17961,104,0,105,454,0,0,0,0,0,False,False,False
2016-05-19,0,30,42,0,6,6,0,105,17985,104,0,105,454,0,0,0,0,0,False,False,False
2016-05-20,0,31,42,0,6,6,0,105,18009,104,0,105,454,0,0,0,0,0,False,False,False
2016-05-21,0,31,40,0,6,6,0,106,18033,104,0,106,454,0,0,0,0,0,False,False,False
2016-05-22,0,32,40,0,6,6,0,106,18057,104,0,106,454,0,0,0,0,0,False,False,False
2016-05-23,0,32,40,0,6,6,0,106,18081,104,0,106,454,0,0,0,0,0,False,False,False
2016-05-24,0,31,40,0,6,6,0,106,18105,104,0,106,454,0,0,0,0,0,False,False,False
2016-05-25,0,32,40,0,6,6,0,106,18129,104,0,106,454,0,0,0,0,0,False,False,False
2016-05-26,0,31,40,0,6,6,0,106,18153,104,0,106,454,0,0,0,0,0,False,False,False
2016-05-27,0,30,40,0,6,6,0,106,18177,104,0,106,454,0,0,0,0,0,False,False,False
2016-05-28,0,30,42,0,6,6,0,107,18201,104,0,107,454,0,0,0,0,0,False,False,False
2016-05-29,0,30,42,0,6,6,0,107,18225,104,0,107,454,0,0,0,0,0,False,False,False
2016-05-30,0,30,42,0,6,6,0,107,18249,104,0,107,454,0,0,0,0,0,False,False,False
2016-05-31,0,30,42,0,6,6,0,107,18273,104,0,107,454,0,0,0,0,0,False,False,False
2016-06-01,0,29,42,0,6,6,0,107,18297,104,0,107,454,0,0,0,0,0,False,False,False
2016-06-02,0,30,42,0,6,6,0,108,18321,104,0,108,454,0,0,0,0,0,False,False,False
2016-06-03,0,30,42,0,6,6,0,109,18345,104,0,109,454,0,0,0,0,0,False,False,False
2016-06-04,0,30,42,0,6,6,0,110,18369,104,0,110,454,0,0,0,0,0,False,False,False
2016-06-05,0,30,42,0,6,6,0,110,18393,104,0,110,454,0,0,0,0,0,False,False,False
2016-06-06,0,30,42,0,6,6,0,110,18417,104,0,110,454,0,0,0,0,0,False,False,False
2016-06-07,0,30,42,0,6,6,0,110,18441,104,0,110,454,0,0,0,0,0,False,False,False
2016-06-08,0,31,42,0,6,6,0,110,18465,104,0,110,454,0,0,0,0,0,False,False,False
2016-06-09,0,30,42,0,6,6,0,110,18489,104,0,110,454,0,0,0,0,0,False,False,False
2016-06-10,0,30,42,0,6,6,0,111,18513,104,0,111,454,0,0,0,0,0,False,False,False
2016-06-11,0,30,42,0,6,6,0,112,18537,104,0,112,454,0,0,0,0,0,False,False,False
2016-06-12,0,30,42,0,6,6,0,112,18561,104,0,112,454,0,0,0,0,0,False,False,False
2016-06-13,0,30,42,0,6,6,0,112,18585,104,0,112,454,0,0,0,0,0,False,False,False
2016-06-14,0,30,42,0,6,6,0,112,18609,104,0,112,454,0,0,0,0,0,False,False,False
2016-06-15,0,30,42,0,6,6,0,112,18633,104,0,112,454,0,0,0,0,0,False,False,False
2016-06-16,0,31,42,0,6,6,0,112,18657,104,0,112,454,0,0,0,0,0,False,False,False
2016-06-17,0,30,42,0,6,6,0,113,18681,103,0,113,454,0,0,0,0,0,False,False,False
2016-06-18,0,30,42,0,6,6,0,113,18705,103,0,113,454,0,0,0,0,0,False,False,False
2016-06-19,0,30,42,0,6,6,0,113,18729,104,0,113,454,0,0,0,0,0,False,False,False
2016-06-20,0,30,42,0,6,6,0,114,18753,104,0,114,454,0,0,0,0,0,False,False,False
2016-06-21,0,30,42,0,6,6,0,114,18777,104,0,114,454,0,0,0,0,0,False,False,False
2016-06-22,0,30,39,0,6,6,0,115,18801,104,0,115,454,0,0,0,0,0,False,False,False
2016-06-23,0,30,39,0,6,6,0,115,18825,104,0,115,454,0,0,0,0,0,False,False,False
2016-06-24,0,30,39,0,6,6,0,115,18850,104,0,115,454,0,0,0,0,0,False,False,False
2016-06-25,0,30,39,0,6,6,0,115,18873,104,0,115,454,0,0,0,0,0,False,False,False
2016-06-26,0,30,39,0,6,6,0,115,18897,104,0,115,454,0,0,0,0,0,False,False,False
2016-06-27,0,30,41,0,6,6,0,115,18921,104,0,115,454,0,0,0,0,0,False,False,False
2016-06-28,0,30,41,0,6,6,0,116,18945,104,0,116,454,0,0,0,0,0,False,False,False
2016-06-29,0,30,44,0,6,6,0,117,18969,104,0,117,454,0,0,0,0,0,False,False,False
2016-06-30,0,30,44,0,6,6,0,117,18993,104,0,117,454,0,0,0,0,0,False,False,False
