date,failure,Smart 194: Temperature_Celsius (Raw Value),Smart 8: Seek_Time_Performance (Raw Value),Smart 1: Raw_Read_Error_Rate (Raw Value),Smart 12: Power_Cycle_Count (Raw Value),Smart 4: Start_Stop_Count (Raw Value),Smart 10: Spin_Retry_Count (Raw Value),Smart 192: Power-Off_Retract_Count (Raw Value),Smart 9: Power_On_Hours (Raw Value),Smart 2: Throughput_Performance (Raw Value),Smart 7: Seek_Error_Rate (Raw Value),Smart 193: Load_Cycle_Count (Raw Value),Smart 3: Spin_Up_Time (Raw Value),Smart 5: Reallocated_Sector_Ct (Raw Value),Smart 197: Current_Pending_Sector (Raw Value),Smart 198: Offline_Uncorrectable (Raw Value),Smart 199: UDMA_CRC_Error_Count (Raw Value),Smart 196: Reallocated_Event_Count (Raw Value),op_fail_30,op_fail_15,op_fail_1
2014-07-16,0,30,42,0,5,5,0,6,104,101,0,6,436,0,0,0,0,0,False,False,False
2014-07-17,0,30,42,0,5,5,0,7,128,101,0,7,436,0,0,0,0,0,False,False,False
2014-07-18,0,30,42,0,5,5,0,8,152,101,0,8,436,0,0,0,0,0,False,False,False
2014-07-19,0,28,42,0,5,5,0,8,176,101,0,8,436,0,0,0,0,0,False,False,False
2014-07-20,0,29,42,0,5,5,0,8,200,101,0,8,436,0,0,0,0,0,False,False,False
2014-07-21,0,28,42,0,5,5,0,8,224,101,0,8,436,0,0,0,0,0,False,False,False
2014-07-22,0,28,42,0,5,5,0,8,248,101,0,8,436,0,0,0,0,0,False,False,False
2014-07-23,0,29,42,0,5,5,0,8,272,101,0,8,436,0,0,0,0,0,False,False,False
2014-07-24,0,29,42,0,5,5,0,8,296,101,0,8,436,0,0,0,0,0,False,False,False
2014-07-25,0,29,42,0,5,5,0,8,320,101,0,8,436,0,0,0,0,0,False,False,False
2014-07-26,0,29,43,0,5,5,0,9,345,101,0,9,436,0,0,0,0,0,False,False,False
2014-07-27,0,29,43,0,5,5,0,10,368,101,0,10,436,0,0,0,0,0,False,False,False
2014-07-28,0,28,42,0,5,5,0,11,392,103,0,11,436,0,0,0,0,0,False,False,False
2014-07-29,0,28,42,0,5,5,0,12,416,101,0,12,436,0,0,0,0,0,False,False,False
2014-07-30,0,28,41,0,5,5,0,13,440,101,0,13,436,0,0,0,0,0,False,False,False
2014-07-31,0,28,43,0,5,5,0,14,465,101,0,14,436,0,0,0,0,0,False,False,False
2014-08-01,0,28,42,0,5,5,0,15,488,101,0,15,436,0,0,0,0,0,False,False,False
2014-08-02,0,29,42,0,5,5,0,15,512,101,0,15,436,0,0,0,0,0,False,False,False
2014-08-03,0,28,42,0,5,5,0,16,536,103,0,16,436,0,0,0,0,0,False,False,False
2014-08-04,0,28,42,0,5,5,0,17,560,101,0,17,436,0,0,0,0,0,False,False,False
2014-08-05,0,28,42,0,5,5,0,18,584,101,0,18,436,0,0,0,0,0,False,False,False
2014-08-06,0,28,43,0,5,5,0,19,608,101,0,19,436,0,0,0,0,0,False,False,False
2014-08-07,0,29,43,0,5,5,0,20,632,101,0,20,436,0,0,0,0,0,False,False,False
2014-08-08,0,29,43,0,5,5,0,20,656,101,0,20,436,0,0,0,0,0,False,False,False
2014-08-09,0,29,43,0,5,5,0,20,680,101,0,20,436,0,0,0,0,0,False,False,False
2014-08-10,0,34,43,0,5,5,0,20,704,101,0,20,436,0,0,0,0,0,False,False,False
2014-08-11,0,35,43,0,5,5,0,20,728,101,0,20,436,0,0,0,0,0,False,False,False
2014-08-12,0,35,43,0,5,5,0,20,752,101,0,20,436,0,0,0,0,0,False,False,False
2014-08-13,0,27,43,0,5,5,0,20,776,101,0,20,436,0,0,0,0,0,False,False,False
2014-08-14,0,27,42,0,5,5,0,21,800,102,0,21,436,0,0,0,0,0,False,False,False
2014-09-03,0,32,42,0,5,5,0,38,1280,101,0,38,436,0,0,0,0,0,False,False,False
2014-09-04,0,32,42,0,5,5,0,39,1304,101,0,39,436,0,0,0,0,0,False,False,False
2014-09-05,0,32,42,0,5,5,0,39,1328,101,0,39,436,0,0,0,0,0,False,False,False
2014-09-06,0,31,42,0,5,5,0,40,1352,101,0,40,436,0,0,0,0,0,False,False,False
2014-09-07,0,31,42,0,5,5,0,41,1376,101,0,41,436,0,0,0,0,0,False,False,False
2014-09-08,0,31,42,0,5,5,0,41,1400,101,0,41,436,0,0,0,0,0,False,False,False
2014-09-09,0,31,42,0,5,5,0,41,1423,101,0,41,436,0,0,0,0,0,False,False,False
2014-09-10,0,32,42,0,5,5,0,41,1448,101,0,41,436,0,0,0,0,0,False,False,False
2014-09-11,0,30,42,0,5,5,0,41,1472,101,0,41,436,0,0,0,0,0,False,False,False
2014-09-12,0,30,42,0,5,5,0,41,1495,104,0,41,436,0,0,0,0,0,False,False,False
2014-09-13,0,30,42,0,5,5,0,41,1520,104,0,41,436,0,0,0,0,0,False,False,False
2014-09-14,0,30,41,0,5,5,0,42,1543,104,0,42,436,0,0,0,0,0,False,False,False
2014-09-17,0,30,42,0,5,5,0,45,1616,103,0,45,436,0,0,0,0,0,False,False,False
2014-09-18,0,30,42,0,5,5,0,46,1640,103,0,46,436,0,0,0,0,0,False,False,False
2014-09-19,0,30,42,0,5,5,0,46,1664,103,0,46,436,0,0,0,0,0,False,False,False
2014-09-20,0,30,42,0,5,5,0,46,1688,103,0,46,436,0,0,0,0,0,False,False,False
2014-09-21,0,30,42,0,5,5,0,46,1712,103,0,46,436,0,0,0,0,0,False,False,False
2014-09-22,0,30,42,0,5,5,0,46,1736,103,0,46,436,0,0,0,0,0,False,False,False
2014-09-23,0,30,42,0,5,5,0,46,1760,103,0,46,436,0,0,0,0,0,False,False,False
2014-09-24,0,29,42,0,5,5,0,46,1784,103,0,46,436,0,0,0,0,0,False,False,False
2014-09-25,0,33,42,0,5,5,0,46,1808,103,0,46,436,0,0,0,0,0,False,False,False
2014-09-26,0,34,42,0,5,5,0,46,1832,103,0,46,436,0,0,0,0,0,False,False,False
2014-09-27,0,34,42,0,5,5,0,46,1857,103,0,46,436,0,0,0,0,0,False,False,False
2014-09-28,0,33,42,0,5,5,0,47,1880,101,0,47,436,0,0,0,0,0,False,False,False
2014-09-29,0,33,42,0,5,5,0,48,1904,102,0,48,436,0,0,0,0,0,False,False,False
2014-09-30,0,33,42,0,5,5,0,49,1928,102,0,49,436,0,0,0,0,0,False,False,False
2014-10-01,0,32,42,0,5,5,0,49,1952,102,0,49,436,0,0,0,0,0,False,False,False
2014-10-02,0,30,42,0,5,5,0,49,1976,102,0,49,436,0,0,0,0,0,False,False,False
2014-10-03,0,31,42,0,5,5,0,49,2000,102,0,49,436,0,0,0,0,0,False,False,False
2014-10-04,0,31,42,0,5,5,0,49,2024,102,0,49,436,0,0,0,0,0,False,False,False
2014-10-05,0,31,42,0,5,5,0,49,2048,101,0,49,436,0,0,0,0,0,False,False,False
2014-10-21,0,30,43,0,7,7,0,67,2432,101,0,67,436,0,0,0,0,0,False,False,False
2014-10-22,0,29,42,0,8,8,0,70,2455,102,0,70,436,0,0,0,0,0,False,False,False
2014-10-23,0,30,42,0,9,9,0,71,2476,102,0,71,436,0,0,0,0,0,False,False,False
2014-10-24,0,30,42,0,9,9,0,71,2500,102,0,71,436,0,0,0,0,0,False,False,False
2014-10-25,0,30,42,0,9,9,0,72,2524,102,0,72,436,0,0,0,0,0,False,False,False
2014-10-26,0,30,42,0,9,9,0,73,2548,102,0,73,436,0,0,0,0,0,False,False,False
2014-10-27,0,29,41,0,9,9,0,74,2571,102,0,74,436,0,0,0,0,0,False,False,False
2014-10-28,0,29,43,0,9,9,0,75,2596,101,0,75,436,0,0,0,0,0,False,False,False
2014-10-29,0,29,42,0,9,9,0,76,2620,101,0,76,436,0,0,0,0,0,False,False,False
2014-10-30,0,29,43,0,9,9,0,77,2643,101,0,77,436,0,0,0,0,0,False,False,False
2014-10-31,0,29,42,0,9,9,0,78,2668,101,0,78,436,0,0,0,0,0,False,False,False
2014-11-01,0,29,42,0,9,9,0,79,2692,101,0,79,436,0,0,0,0,0,False,False,False
2014-11-03,0,29,43,0,9,9,0,81,2741,101,0,81,436,0,0,0,0,0,False,False,False
2014-11-04,0,29,42,0,9,9,0,82,2765,101,0,82,436,0,0,0,0,0,False,False,False
2014-11-05,0,27,42,0,9,9,0,83,2789,101,0,83,436,0,0,0,0,0,False,False,False
2014-11-06,0,29,40,0,9,9,0,84,2813,102,0,84,436,0,0,0,0,0,False,False,False
2014-11-07,0,29,42,0,9,9,0,85,2837,101,0,85,436,0,0,0,0,0,False,False,False
2014-11-08,0,29,42,0,9,9,0,86,2860,101,0,86,436,0,0,0,0,0,False,False,False
2014-11-09,0,29,42,0,9,9,0,87,2885,101,0,87,436,0,0,0,0,0,False,False,False
2014-11-10,0,29,42,0,9,9,0,88,2909,101,0,88,436,0,0,0,0,0,False,False,False
2014-11-11,0,30,42,0,9,9,0,89,2933,101,0,89,436,0,0,0,0,0,False,False,False
2014-11-12,0,30,42,0,9,9,0,90,2956,101,0,90,436,0,0,0,0,0,False,False,False
2014-11-13,0,30,42,0,9,9,0,91,2981,101,0,91,436,0,0,0,0,0,False,False,False
2014-11-14,0,30,42,0,9,9,0,91,3005,101,0,91,436,0,0,0,0,0,False,False,False
2014-11-15,0,30,42,0,9,9,0,92,3028,103,0,92,436,0,0,0,0,0,False,False,False
2014-11-16,0,30,42,0,9,9,0,93,3053,102,0,93,436,0,0,0,0,0,False,False,False
2014-11-17,0,30,42,0,9,9,0,94,3077,102,0,94,436,0,0,0,0,0,False,False,False
2014-11-18,0,30,43,0,9,9,0,95,3100,102,0,95,436,0,0,0,0,0,False,False,False
2014-11-19,0,30,42,0,9,9,0,96,3125,102,0,96,436,0,0,0,0,0,False,False,False
2014-11-20,0,30,42,0,9,9,0,97,3149,102,0,97,436,0,0,0,0,0,False,False,False
2014-11-21,0,30,42,0,9,9,0,97,3173,102,0,97,436,0,0,0,0,0,False,False,False
2014-11-22,0,30,42,0,9,9,0,97,3197,102,0,97,436,0,0,0,0,0,False,False,False
2014-11-23,0,30,42,0,9,9,0,97,3221,102,0,97,436,0,0,0,0,0,False,False,False
2014-11-24,0,30,42,0,9,9,0,97,3245,102,0,97,436,0,0,0,0,0,False,False,False
2014-11-25,0,31,42,0,9,9,0,97,3268,102,0,97,436,0,0,0,0,0,False,False,False
2014-11-26,0,30,42,0,9,9,0,97,3293,102,0,97,436,0,0,0,0,0,False,False,False
2014-11-27,0,30,42,0,9,9,0,97,3317,102,0,97,436,0,0,0,0,0,False,False,False
2014-11-28,0,30,42,0,9,9,0,97,3340,102,0,97,436,0,0,0,0,0,False,False,False
2014-11-29,0,30,42,0,9,9,0,97,3365,102,0,97,436,0,0,0,0,0,False,False,False
2014-11-30,0,30,42,0,9,9,0,97,3389,102,0,97,436,0,0,0,0,0,False,False,False
2014-12-01,0,30,42,0,9,9,0,97,3413,102,0,97,436,0,0,0,0,0,False,False,False
2014-12-02,0,31,42,0,9,9,0,97,3437,102,0,97,436,0,0,0,0,0,False,False,False
2014-12-03,0,29,42,0,9,9,0,98,3461,103,0,98,436,0,0,0,0,0,False,False,False
2014-12-04,0,30,42,0,9,9,0,99,3485,102,0,99,436,0,0,0,0,0,False,False,False
2014-12-05,0,30,42,0,9,9,0,100,3509,102,0,100,436,0,0,0,0,0,False,False,False
2014-12-06,0,29,42,0,9,9,0,101,3533,102,0,101,436,0,0,0,0,0,False,False,False
2014-12-07,0,30,42,0,9,9,0,102,3557,102,0,102,436,0,0,0,0,0,False,False,False
2014-12-08,0,30,42,0,9,9,0,103,3580,102,0,103,436,0,0,0,0,0,False,False,False
2014-12-09,0,30,42,0,9,9,0,104,3605,102,0,104,436,0,0,0,0,0,False,False,False
2014-12-10,0,30,42,0,9,9,0,105,3629,102,0,105,436,0,0,0,0,0,False,False,False
2014-12-11,0,30,42,0,9,9,0,106,3653,102,0,106,436,0,0,0,0,0,False,False,False
2014-12-12,0,29,42,0,9,9,0,107,3677,102,0,107,436,0,0,0,0,0,False,False,False
2014-12-13,0,29,42,0,9,9,0,108,3701,102,0,108,436,0,0,0,0,0,False,False,False
2014-12-14,0,30,42,0,9,9,0,109,3725,102,0,109,436,0,0,0,0,0,False,False,False
2014-12-15,0,30,42,0,9,9,0,110,3749,102,0,110,436,0,0,0,0,0,False,False,False
2014-12-16,0,30,42,0,9,9,0,110,3773,102,0,110,436,0,0,0,0,0,False,False,False
2014-12-17,0,30,42,0,9,9,0,111,3788,102,0,111,436,0,0,0,0,0,False,False,False
2015-01-06,0,31,41,0,9,9,0,119,4277,104,0,119,436,0,0,0,0,0,False,False,False
2015-01-07,0,30,41,0,9,9,0,120,4301,104,0,120,436,0,0,0,0,0,False,False,False
2015-01-08,0,30,41,0,9,9,0,121,4325,104,0,121,436,0,0,0,0,0,False,False,False
2015-01-09,0,30,41,0,9,9,0,121,4349,104,0,121,436,0,0,0,0,0,False,False,False
2015-01-10,0,31,41,0,9,9,0,121,4373,104,0,121,436,0,0,0,0,0,False,False,False
2015-01-11,0,31,42,0,9,9,0,122,4397,104,0,122,436,0,0,0,0,0,False,False,False
2015-01-12,0,30,42,0,9,9,0,123,4421,104,0,123,436,0,0,0,0,0,False,False,False
2015-01-13,0,30,42,0,9,9,0,123,4445,104,0,123,436,0,0,0,0,0,False,False,False
2015-01-14,0,31,42,0,9,9,0,124,4469,104,0,124,436,0,0,0,0,0,False,False,False
2015-01-15,0,31,42,0,9,9,0,125,4492,104,0,125,436,0,0,0,0,0,False,False,False
2015-01-16,0,31,42,0,9,9,0,125,4517,104,0,125,436,0,0,0,0,0,False,False,False
2015-01-17,0,30,43,0,9,9,0,126,4541,104,0,126,436,0,0,0,0,0,False,False,False
2015-01-18,0,30,43,0,9,9,0,127,4565,104,0,127,436,0,0,0,0,0,False,False,False
2015-01-19,0,30,43,0,9,9,0,127,4589,104,0,127,436,0,0,0,0,0,False,False,False
2015-01-20,0,30,43,0,9,9,0,127,4613,104,0,127,436,0,0,0,0,0,False,False,False
2015-01-21,0,30,43,0,9,9,0,128,4637,104,0,128,436,0,0,0,0,0,False,False,False
2015-01-22,0,30,43,0,9,9,0,128,4661,104,0,128,436,0,0,0,0,0,False,False,False
2015-01-23,0,31,43,0,9,9,0,128,4685,104,0,128,436,0,0,0,0,0,False,False,False
2015-01-24,0,30,42,0,9,9,0,129,4709,104,0,129,436,0,0,0,0,0,False,False,False
2015-01-25,0,30,42,0,9,9,0,130,4732,104,0,130,436,0,0,0,0,0,False,False,False
2015-01-26,0,29,42,0,9,9,0,130,4757,104,0,130,436,0,0,0,0,0,False,False,False
2015-01-27,0,29,41,0,9,9,0,131,4781,104,0,131,436,0,0,0,0,0,False,False,False
2015-01-28,0,31,41,0,9,9,0,131,4805,104,0,131,436,0,0,0,0,0,False,False,False
2015-01-29,0,30,41,0,9,9,0,131,4829,104,0,131,436,0,0,0,0,0,False,False,False
2015-01-30,0,30,42,0,9,9,0,132,4853,104,0,132,436,0,0,0,0,0,False,False,False
2015-01-31,0,30,42,0,9,9,0,132,4877,104,0,132,436,0,0,0,0,0,False,False,False
2015-02-01,0,30,42,0,9,9,0,132,4901,104,0,132,436,0,0,0,0,0,False,False,False
2015-02-02,0,30,42,0,9,9,0,132,4925,104,0,132,436,0,0,0,0,0,False,False,False
2015-02-03,0,30,42,0,9,9,0,132,4949,104,0,132,436,0,0,0,0,0,False,False,False
2015-02-04,0,30,42,0,9,9,0,132,4973,104,0,132,436,0,0,0,0,0,False,False,False
2015-02-05,0,30,42,0,9,9,0,133,4997,104,0,133,436,0,0,0,0,0,False,False,False
2015-02-06,0,30,42,0,9,9,0,133,5021,104,0,133,436,0,0,0,0,0,False,False,False
2015-02-07,0,30,42,0,9,9,0,133,5045,104,0,133,436,0,0,0,0,0,False,False,False
2015-02-08,0,30,41,0,9,9,0,134,5069,104,0,134,436,0,0,0,0,0,False,False,False
2015-02-09,0,30,42,0,9,9,0,135,5093,103,0,135,436,0,0,0,0,0,False,False,False
2015-02-10,0,31,42,0,9,9,0,136,5117,103,0,136,436,0,0,0,0,0,False,False,False
2015-02-11,0,31,42,0,9,9,0,136,5141,103,0,136,436,0,0,0,0,0,False,False,False
2015-02-12,0,31,42,0,9,9,0,137,5165,103,0,137,436,0,0,0,0,0,False,False,False
2015-02-13,0,31,42,0,9,9,0,138,5189,103,0,138,436,0,0,0,0,0,False,False,False
2015-02-14,0,31,42,0,9,9,0,138,5213,103,0,138,436,0,0,0,0,0,False,False,False
2015-02-15,0,31,42,0,9,9,0,139,5237,103,0,139,436,0,0,0,0,0,False,False,False
2015-02-16,0,31,42,0,9,9,0,140,5261,103,0,140,436,0,0,0,0,0,False,False,False
2015-02-17,0,30,42,0,9,9,0,141,5284,103,0,141,436,0,0,0,0,0,False,False,False
2015-02-18,0,31,42,0,9,9,0,142,5309,103,0,142,436,0,0,0,0,0,False,False,False
2015-02-19,0,30,42,0,9,9,0,143,5333,103,0,143,436,0,0,0,0,0,False,False,False
2015-02-20,0,30,42,0,9,9,0,143,5357,103,0,143,436,0,0,0,0,0,False,False,False
2015-02-21,0,30,42,0,9,9,0,143,5381,103,0,143,436,0,0,0,0,0,False,False,False
2015-02-22,0,30,42,0,9,9,0,143,5405,103,0,143,436,0,0,0,0,0,False,False,False
2015-02-23,0,30,42,0,9,9,0,143,5429,103,0,143,436,0,0,0,0,0,False,False,False
2015-02-24,0,30,42,0,9,9,0,143,5453,103,0,143,436,0,0,0,0,0,False,False,False
2015-02-25,0,30,41,0,9,9,0,144,5477,101,0,144,436,0,0,0,0,0,False,False,False
2015-02-26,0,30,41,0,9,9,0,145,5501,101,0,145,436,0,0,0,0,0,False,False,False
2015-02-27,0,30,41,0,9,9,0,146,5525,101,0,146,436,0,0,0,0,0,False,False,False
2015-02-28,0,29,41,0,9,9,0,146,5549,101,0,146,436,0,0,0,0,0,False,False,False
2015-03-01,0,30,41,0,9,9,0,146,5573,101,0,146,436,0,0,0,0,0,False,False,False
2015-03-02,0,30,41,0,9,9,0,146,5597,101,0,146,436,0,0,0,0,0,False,False,False
2015-03-03,0,30,41,0,9,9,0,146,5621,101,0,146,436,0,0,0,0,0,False,False,False
2015-03-04,0,30,41,0,9,9,0,146,5645,101,0,146,436,0,0,0,0,0,False,False,False
2015-03-05,0,30,41,0,9,9,0,146,5669,101,0,146,436,0,0,0,0,0,False,False,False
2015-03-06,0,30,41,0,9,9,0,146,5693,101,0,146,436,0,0,0,0,0,False,False,False
2015-03-07,0,30,41,0,9,9,0,146,5717,104,0,146,436,0,0,0,0,0,False,False,False
2015-03-08,0,30,42,0,9,9,0,147,5741,104,0,147,436,0,0,0,0,0,False,False,False
2015-03-09,0,30,42,0,9,9,0,147,5765,104,0,147,436,0,0,0,0,0,False,False,False
2015-03-10,0,29,42,0,9,9,0,147,5788,104,0,147,436,0,0,0,0,0,False,False,False
2015-03-11,0,30,42,0,9,9,0,147,5812,104,0,147,436,0,0,0,0,0,False,False,False
2015-03-12,0,30,42,0,9,9,0,147,5836,104,0,147,436,0,0,0,0,0,False,False,False
2015-03-13,0,30,42,0,9,9,0,147,5860,104,0,147,436,0,0,0,0,0,False,False,False
2015-03-14,0,30,42,0,9,9,0,147,5884,104,0,147,436,0,0,0,0,0,False,False,False
2015-03-15,0,30,43,0,9,9,0,148,5908,104,0,148,436,0,0,0,0,0,False,False,False
2015-03-16,0,30,43,0,9,9,0,148,5932,104,0,148,436,0,0,0,0,0,False,False,False
2015-03-17,0,30,43,0,9,9,0,148,5956,104,0,148,436,0,0,0,0,0,False,False,False
2015-03-18,0,30,43,0,9,9,0,148,5980,104,0,148,436,0,0,0,0,0,False,False,False
2015-03-19,0,31,42,0,9,9,0,149,6004,104,0,149,436,0,0,0,0,0,False,False,False
2015-03-20,0,29,42,0,9,9,0,149,6027,102,0,149,436,0,0,0,0,0,False,False,False
2015-03-21,0,29,41,0,9,9,0,150,6052,102,0,150,436,0,0,0,0,0,False,False,False
2015-03-22,0,29,41,0,9,9,0,150,6076,102,0,150,436,0,0,0,0,0,False,False,False
2015-03-23,0,28,41,0,9,9,0,150,6100,104,0,150,436,0,0,0,0,0,False,False,False
2015-03-24,0,28,41,0,9,9,0,150,6124,104,0,150,436,0,0,0,0,0,False,False,False
2015-03-25,0,29,42,0,9,9,0,151,6148,104,0,151,436,0,0,0,0,0,False,False,False
2015-03-26,0,29,42,0,9,9,0,151,6172,104,0,151,436,0,0,0,0,0,False,False,False
2015-03-27,0,29,42,0,9,9,0,151,6196,104,0,151,436,0,0,0,0,0,False,False,False
2015-03-28,0,29,42,0,9,9,0,151,6220,104,0,151,436,0,0,0,0,0,False,False,False
2015-03-29,0,29,42,0,9,9,0,151,6244,104,0,151,436,0,0,0,0,0,False,False,False
2015-03-30,0,29,42,0,9,9,0,151,6268,104,0,151,436,0,0,0,0,0,False,False,False
2015-03-31,0,28,42,0,9,9,0,151,6292,104,0,151,436,0,0,0,0,0,False,False,False
2015-04-01,0,29,42,0,9,9,0,151,6316,104,0,151,436,0,0,0,0,0,False,False,False
2015-04-02,0,29,42,0,9,9,0,151,6340,104,0,151,436,0,0,0,0,0,False,False,False
2015-04-03,0,29,42,0,9,9,0,151,6364,104,0,151,436,0,0,0,0,0,False,False,False
2015-04-04,0,29,42,0,9,9,0,151,6388,104,0,151,436,0,0,0,0,0,False,False,False
2015-04-05,0,29,41,0,9,9,0,152,6412,104,0,152,436,0,0,0,0,0,False,False,False
2015-04-06,0,29,41,0,9,9,0,152,6436,104,0,152,436,0,0,0,0,0,False,False,False
2015-04-07,0,28,41,0,9,9,0,152,6460,104,0,152,436,0,0,0,0,0,False,False,False
2015-04-08,0,29,41,0,9,9,0,152,6484,104,0,152,436,0,0,0,0,0,False,False,False
2015-04-09,0,31,41,0,9,9,0,152,6508,104,0,152,436,0,0,0,0,0,False,False,False
2015-04-10,0,30,41,0,9,9,0,152,6532,104,0,152,436,0,0,0,0,0,False,False,False
2015-04-11,0,30,41,0,9,9,0,152,6556,104,0,152,436,0,0,0,0,0,False,False,False
2015-04-12,0,30,41,0,9,9,0,152,6580,104,0,152,436,0,0,0,0,0,False,False,False
2015-04-13,0,30,41,0,9,9,0,152,6604,104,0,152,436,0,0,0,0,0,False,False,False
2015-04-14,0,29,41,0,9,9,0,152,6628,104,0,152,436,0,0,0,0,0,False,False,False
2015-04-15,0,29,41,0,9,9,0,152,6652,104,0,152,436,0,0,0,0,0,False,False,False
2015-04-16,0,29,41,0,9,9,0,152,6676,104,0,152,436,0,0,0,0,0,False,False,False
2015-04-17,0,29,41,0,9,9,0,152,6700,104,0,152,436,0,0,0,0,0,False,False,False
2015-04-18,0,28,43,0,9,9,0,153,6724,104,0,153,436,0,0,0,0,0,False,False,False
2015-04-19,0,29,43,0,9,9,0,153,6748,104,0,153,436,0,0,0,0,0,False,False,False
2015-04-20,0,29,43,0,9,9,0,153,6772,104,0,153,436,0,0,0,0,0,False,False,False
2015-04-21,0,28,43,0,9,9,0,153,6796,104,0,153,436,0,0,0,0,0,False,False,False
2015-04-22,0,29,43,0,9,9,0,153,6820,104,0,153,436,0,0,0,0,0,False,False,False
2015-04-23,0,28,43,0,9,9,0,153,6844,104,0,153,436,0,0,0,0,0,False,False,False
2015-04-24,0,29,43,0,9,9,0,153,6868,104,0,153,436,0,0,0,0,0,False,False,False
2015-04-25,0,29,43,0,9,9,0,153,6892,104,0,153,436,0,0,0,0,0,False,False,False
2015-04-26,0,29,43,0,9,9,0,153,6916,104,0,153,436,0,0,0,0,0,False,False,False
2015-04-27,0,29,41,0,9,9,0,153,6940,104,0,153,436,0,0,0,0,0,False,False,False
2015-04-28,0,28,41,0,9,9,0,154,6964,104,0,154,436,0,0,0,0,0,False,False,False
2015-04-29,0,29,42,0,9,9,0,155,6988,103,0,155,436,0,0,0,0,0,False,False,False
2015-04-30,0,27,42,0,9,9,0,155,7012,103,0,155,436,0,0,0,0,0,False,False,False
2015-05-01,0,28,42,0,9,9,0,155,7036,103,0,155,436,0,0,0,0,0,False,False,False
2015-05-02,0,28,42,0,9,9,0,155,7060,103,0,155,436,0,0,0,0,0,False,False,False
2015-05-03,0,29,42,0,9,9,0,155,7084,103,0,155,436,0,0,0,0,0,False,False,False
2015-05-04,0,29,42,0,9,9,0,155,7108,104,0,155,436,0,0,0,0,0,False,False,False
2015-05-05,0,28,42,0,9,9,0,156,7132,104,0,156,436,0,0,0,0,0,False,False,False
2015-05-06,0,28,42,0,9,9,0,156,7156,104,0,156,436,0,0,0,0,0,False,False,False
2015-05-07,0,29,42,0,9,9,0,156,7180,104,0,156,436,0,0,0,0,0,False,False,False
2015-05-08,0,29,42,0,9,9,0,156,7204,104,0,156,436,0,0,0,0,0,False,False,False
2015-05-09,0,28,42,0,9,9,0,156,7228,104,0,156,436,0,0,0,0,0,False,False,False
2015-05-10,0,29,42,0,9,9,0,156,7252,104,0,156,436,0,0,0,0,0,False,False,False
2015-05-11,0,29,42,0,9,9,0,156,7276,104,0,156,436,0,0,0,0,0,False,False,False
2015-05-12,0,29,42,0,9,9,0,156,7300,104,0,156,436,0,0,0,0,0,False,False,False
2015-05-13,0,29,42,0,9,9,0,156,7324,104,0,156,436,0,0,0,0,0,False,False,False
2015-05-14,0,29,42,0,9,9,0,156,7348,104,0,156,436,0,0,0,0,0,False,False,False
2015-05-15,0,29,42,0,9,9,0,156,7372,104,0,156,436,0,0,0,0,0,False,False,False
2015-05-16,0,29,41,0,9,9,0,157,7396,104,0,157,436,0,0,0,0,0,False,False,False
2015-05-17,0,28,41,0,9,9,0,157,7420,104,0,157,436,0,0,0,0,0,False,False,False
2015-05-18,0,29,41,0,9,9,0,157,7444,104,0,157,436,0,0,0,0,0,False,False,False
2015-05-19,0,29,41,0,9,9,0,157,7468,104,0,157,436,0,0,0,0,0,False,False,False
2015-05-20,0,29,41,0,9,9,0,157,7492,104,0,157,436,0,0,0,0,0,False,False,False
2015-05-21,0,29,41,0,9,9,0,157,7516,104,0,157,436,0,0,0,0,0,False,False,False
2015-05-22,0,29,43,0,9,9,0,158,7540,104,0,158,436,0,0,0,0,0,False,False,False
2015-05-23,0,28,43,0,9,9,0,158,7564,104,0,158,436,0,0,0,0,0,False,False,False
2015-05-24,0,28,43,0,9,9,0,159,7588,104,0,159,436,0,0,0,0,0,False,False,False
2015-05-25,0,27,43,0,9,9,0,159,7612,104,0,159,436,0,0,0,0,0,False,False,False
2015-05-26,0,27,43,0,9,9,0,159,7636,104,0,159,436,0,0,0,0,0,False,False,False
2015-05-27,0,27,43,0,9,9,0,159,7660,104,0,159,436,0,0,0,0,0,False,False,False
2015-05-28,0,28,43,0,9,9,0,159,7684,104,0,159,436,0,0,0,0,0,False,False,False
2015-05-29,0,28,41,0,9,9,0,160,7708,104,0,160,436,0,0,0,0,0,False,False,False
2015-05-30,0,28,41,0,9,9,0,160,7732,104,0,160,436,0,0,0,0,0,False,False,False
2015-05-31,0,28,41,0,9,9,0,160,7756,104,0,160,436,0,0,0,0,0,False,False,False
2015-06-01,0,28,41,0,9,9,0,160,7780,104,0,160,436,0,0,0,0,0,False,False,False
2015-06-02,0,28,41,0,9,9,0,160,7804,104,0,160,436,0,0,0,0,0,False,False,False
2015-06-03,0,28,41,0,9,9,0,160,7828,104,0,160,436,0,0,0,0,0,False,False,False
2015-06-04,0,28,41,0,9,9,0,160,7852,104,0,160,436,0,0,0,0,0,False,False,False
2015-06-05,0,28,41,0,9,9,0,160,7876,104,0,160,436,0,0,0,0,0,False,False,False
2015-06-06,0,27,41,0,9,9,0,160,7900,104,0,160,436,0,0,0,0,0,False,False,False
2015-06-07,0,28,41,0,9,9,0,160,7924,104,0,160,436,0,0,0,0,0,False,False,False
2015-06-08,0,28,41,0,9,9,0,160,7948,104,0,160,436,0,0,0,0,0,False,False,False
2015-06-09,0,27,41,0,9,9,0,160,7972,104,0,160,436,0,0,0,0,0,False,False,False
2015-06-10,0,27,41,0,9,9,0,160,7996,104,0,160,436,0,0,0,0,0,False,False,False
2015-06-11,0,27,41,0,9,9,0,160,8020,104,0,160,436,0,0,0,0,0,False,False,False
2015-06-12,0,28,41,0,9,9,0,160,8044,104,0,160,436,0,0,0,0,0,False,False,False
2015-06-13,0,28,41,0,9,9,0,160,8068,104,0,160,436,0,0,0,0,0,False,False,False
2015-06-14,0,28,41,0,9,9,0,160,8092,104,0,160,436,0,0,0,0,0,False,False,False
2015-06-15,0,27,41,0,9,9,0,160,8116,104,0,160,436,0,0,0,0,0,False,False,False
2015-06-16,0,27,42,0,9,9,0,161,8140,104,0,161,436,0,0,0,0,0,False,False,False
2015-06-17,0,27,42,0,9,9,0,161,8164,104,0,161,436,0,0,0,0,0,False,False,False
2015-06-18,0,28,42,0,9,9,0,161,8188,104,0,161,436,0,0,0,0,0,False,False,False
2015-06-19,0,28,42,0,9,9,0,161,8212,104,0,161,436,0,0,0,0,0,False,False,False
2015-06-20,0,28,42,0,9,9,0,161,8236,104,0,161,436,0,0,0,0,0,False,False,False
2015-06-21,0,27,42,0,9,9,0,161,8260,104,0,161,436,0,0,0,0,0,False,False,False
2015-06-22,0,27,42,0,9,9,0,161,8284,104,0,161,436,0,0,0,0,0,False,False,False
2015-06-23,0,27,42,0,9,9,0,161,8308,104,0,161,436,0,0,0,0,0,False,False,False
2015-06-24,0,28,42,0,9,9,0,161,8332,104,0,161,436,0,0,0,0,0,False,False,False
2015-06-25,0,28,42,0,9,9,0,161,8356,104,0,161,436,0,0,0,0,0,False,False,False
2015-06-26,0,28,42,0,9,9,0,161,8380,104,0,161,436,0,0,0,0,0,False,False,False
2015-06-27,0,28,42,0,9,9,0,161,8404,104,0,161,436,0,0,0,0,0,False,False,False
2015-06-28,0,28,42,0,9,9,0,161,8428,104,0,161,436,0,0,0,0,0,False,False,False
2015-06-29,0,27,42,0,9,9,0,161,8452,104,0,161,436,0,0,0,0,0,False,False,False
2015-06-30,0,27,42,0,9,9,0,161,8476,104,0,161,436,0,0,0,0,0,False,False,False
2015-07-01,0,27,42,0,9,9,0,161,8500,104,0,161,436,0,0,0,0,0,False,False,False
2015-07-02,0,27,42,0,9,9,0,161,8524,104,0,161,436,0,0,0,0,0,False,False,False
2015-07-03,0,27,42,0,9,9,0,161,8548,104,0,161,436,0,0,0,0,0,False,False,False
2015-07-04,0,27,42,0,9,9,0,162,8572,104,0,162,436,0,0,0,0,0,False,False,False
2015-07-05,0,27,42,0,9,9,0,163,8596,104,0,163,436,0,0,0,0,0,False,False,False
2015-07-06,0,28,42,0,9,9,0,163,8620,104,0,163,436,0,0,0,0,0,False,False,False
2015-07-07,0,27,42,0,9,9,0,163,8644,104,0,163,436,0,0,0,0,0,False,False,False
2015-07-08,0,27,42,0,9,9,0,164,8668,104,0,164,436,0,0,0,0,0,False,False,False
2015-07-09,0,28,42,0,9,9,0,164,8692,104,0,164,436,0,0,0,0,0,False,False,False
2015-07-10,0,28,42,0,9,9,0,164,8716,104,0,164,436,0,0,0,0,0,False,False,False
2015-07-11,0,28,42,0,9,9,0,164,8740,104,0,164,436,0,0,0,0,0,False,False,False
2015-07-12,0,28,42,0,9,9,0,164,8764,104,0,164,436,0,0,0,0,0,False,False,False
2015-07-13,0,28,42,0,9,9,0,164,8788,104,0,164,436,0,0,0,0,0,False,False,False
2015-07-14,0,28,42,0,9,9,0,164,8812,104,0,164,436,0,0,0,0,0,False,False,False
2015-07-15,0,28,42,0,9,9,0,164,8836,104,0,164,436,0,0,0,0,0,False,False,False
2015-07-16,0,27,42,0,9,9,0,164,8860,104,0,164,436,0,0,0,0,0,False,False,False
2015-07-17,0,27,42,0,9,9,0,164,8884,104,0,164,436,0,0,0,0,0,False,False,False
2015-07-18,0,27,42,0,9,9,0,164,8908,104,0,164,436,0,0,0,0,0,False,False,False
2015-07-19,0,27,43,0,9,9,0,165,8932,104,0,165,436,0,0,0,0,0,False,False,False
2015-07-20,0,28,43,0,9,9,0,165,8956,104,0,165,436,0,0,0,0,0,False,False,False
2015-07-21,0,27,43,0,9,9,0,165,8980,104,0,165,436,0,0,0,0,0,False,False,False
2015-07-22,0,27,43,0,9,9,0,165,9004,104,0,165,436,0,0,0,0,0,False,False,False
2015-07-23,0,27,43,0,9,9,0,165,9028,104,0,165,436,0,0,0,0,0,False,False,False
2015-07-24,0,26,42,0,9,9,0,166,9052,104,0,166,436,0,0,0,0,0,False,False,False
2015-07-25,0,28,42,0,9,9,0,167,9076,104,0,167,436,0,0,0,0,0,False,False,False
2015-07-26,0,28,41,0,9,9,0,168,9100,104,0,168,436,0,0,0,0,0,False,False,False
2015-07-27,0,28,41,0,9,9,0,168,9124,104,0,168,436,0,0,0,0,0,False,False,False
2015-07-28,0,28,41,0,9,9,0,169,9148,104,0,169,436,0,0,0,0,0,False,False,False
2015-07-29,0,28,41,0,9,9,0,169,9172,104,0,169,436,0,0,0,0,0,False,False,False
2015-07-30,0,28,41,0,9,9,0,169,9196,104,0,169,436,0,0,0,0,0,False,False,False
2015-07-31,0,29,43,0,9,9,0,170,9220,104,0,170,436,0,0,0,0,0,False,False,False
2015-08-01,0,29,43,0,9,9,0,170,9244,104,0,170,436,0,0,0,0,0,False,False,False
2015-08-02,0,29,43,0,9,9,0,170,9268,104,0,170,436,0,0,0,0,0,False,False,False
2015-08-03,0,28,43,0,9,9,0,170,9292,104,0,170,436,0,0,0,0,0,False,False,False
2015-08-04,0,28,43,0,9,9,0,170,9316,104,0,170,436,0,0,0,0,0,False,False,False
2015-08-05,0,29,43,0,9,9,0,170,9340,104,0,170,436,0,0,0,0,0,False,False,False
2015-08-06,0,29,43,0,9,9,0,170,9364,104,0,170,436,0,0,0,0,0,False,False,False
2015-08-07,0,29,43,0,9,9,0,170,9388,104,0,170,436,0,0,0,0,0,False,False,False
2015-08-08,0,28,43,0,9,9,0,170,9412,104,0,170,436,0,0,0,0,0,False,False,False
2015-08-09,0,28,43,0,9,9,0,170,9436,104,0,170,436,0,0,0,0,0,False,False,False
2015-08-10,0,29,43,0,9,9,0,170,9460,104,0,170,436,0,0,0,0,0,False,False,False
2015-08-11,0,28,43,0,9,9,0,170,9484,104,0,170,436,0,0,0,0,0,False,False,False
2015-08-12,0,28,43,0,9,9,0,170,9508,104,0,170,436,0,0,0,0,0,False,False,False
2015-08-13,0,28,43,0,9,9,0,170,9532,104,0,170,436,0,0,0,0,0,False,False,False
2015-08-14,0,28,43,0,9,9,0,170,9556,104,0,170,436,0,0,0,0,0,False,False,False
2015-08-15,0,28,43,0,9,9,0,170,9580,104,0,170,436,0,0,0,0,0,False,False,False
2015-08-16,0,28,43,0,9,9,0,170,9604,104,0,170,436,0,0,0,0,0,False,False,False
2015-08-17,0,28,43,0,9,9,0,170,9628,104,0,170,436,0,0,0,0,0,False,False,False
2015-08-18,0,28,43,0,9,9,0,170,9652,104,0,170,436,0,0,0,0,0,False,False,False
2015-08-19,0,28,43,0,9,9,0,170,9676,104,0,170,436,0,0,0,0,0,False,False,False
2015-08-20,0,28,43,0,9,9,0,170,9700,104,0,170,436,0,0,0,0,0,False,False,False
2015-08-21,0,28,43,0,9,9,0,170,9724,104,0,170,436,0,0,0,0,0,False,False,False
2015-08-22,0,28,43,0,9,9,0,170,9748,104,0,170,436,0,0,0,0,0,False,False,False
2015-08-23,0,28,43,0,9,9,0,170,9772,104,0,170,436,0,0,0,0,0,False,False,False
2015-08-24,0,28,43,0,9,9,0,170,9796,104,0,170,436,0,0,0,0,0,False,False,False
2015-08-25,0,28,42,0,9,9,0,171,9820,104,0,171,436,0,0,0,0,0,False,False,False
2015-08-26,0,28,42,0,9,9,0,172,9844,104,0,172,436,0,0,0,0,0,False,False,False
2015-08-27,0,28,42,0,9,9,0,172,9868,104,0,172,436,0,0,0,0,0,False,False,False
2015-08-28,0,28,42,0,9,9,0,172,9892,104,0,172,436,0,0,0,0,0,False,False,False
2015-08-29,0,28,42,0,9,9,0,172,9916,104,0,172,436,0,0,0,0,0,False,False,False
2015-08-30,0,28,42,0,9,9,0,172,9940,104,0,172,436,0,0,0,0,0,False,False,False
2015-08-31,0,28,42,0,9,9,0,172,9964,104,0,172,436,0,0,0,0,0,False,False,False
2015-09-01,0,28,42,0,9,9,0,172,9988,104,0,172,436,0,0,0,0,0,False,False,False
2015-09-02,0,28,41,0,9,9,0,173,10012,104,0,173,436,0,0,0,0,0,False,False,False
2015-09-03,0,28,41,0,9,9,0,174,10036,104,0,174,436,0,0,0,0,0,False,False,False
2015-09-04,0,28,41,0,9,9,0,174,10060,104,0,174,436,0,0,0,0,0,False,False,False
2015-09-05,0,28,41,0,9,9,0,174,10084,104,0,174,436,0,0,0,0,0,False,False,False
2015-09-06,0,28,41,0,9,9,0,174,10108,104,0,174,436,0,0,0,0,0,False,False,False
2015-09-07,0,28,41,0,9,9,0,174,10132,104,0,174,436,0,0,0,0,0,False,False,False
2015-09-08,0,28,41,0,9,9,0,174,10156,104,0,174,436,0,0,0,0,0,False,False,False
2015-09-09,0,28,41,0,9,9,0,174,10180,104,0,174,436,0,0,0,0,0,False,False,False
2015-09-10,0,28,42,0,9,9,0,175,10204,104,0,175,436,0,0,0,0,0,False,False,False
2015-09-11,0,28,42,0,9,9,0,175,10228,104,0,175,436,0,0,0,0,0,False,False,False
2015-09-12,0,28,42,0,9,9,0,175,10252,104,0,175,436,0,0,0,0,0,False,False,False
2015-09-13,0,28,42,0,9,9,0,175,10276,104,0,175,436,0,0,0,0,0,False,False,False
2015-09-14,0,28,41,0,9,9,0,176,10300,104,0,176,436,0,0,0,0,0,False,False,False
2015-09-15,0,28,41,0,9,9,0,176,10324,104,0,176,436,0,0,0,0,0,False,False,False
2015-09-16,0,28,41,0,9,9,0,176,10348,104,0,176,436,0,0,0,0,0,False,False,False
2015-09-17,0,28,41,0,9,9,0,176,10372,104,0,176,436,0,0,0,0,0,False,False,False
2015-09-18,0,28,42,0,9,9,0,176,10396,104,0,176,436,0,0,0,0,0,False,False,False
2015-09-19,0,28,42,0,9,9,0,177,10420,104,0,177,436,0,0,0,0,0,False,False,False
2015-09-20,0,28,42,0,9,9,0,177,10444,104,0,177,436,0,0,0,0,0,False,False,False
2015-09-21,0,28,42,0,9,9,0,177,10468,104,0,177,436,0,0,0,0,0,False,False,False
2015-09-22,0,28,42,0,9,9,0,178,10492,104,0,178,436,0,0,0,0,0,False,False,False
2015-09-23,0,28,42,0,9,9,0,179,10516,104,0,179,436,0,0,0,0,0,False,False,False
2015-09-24,0,28,42,0,9,9,0,179,10540,104,0,179,436,0,0,0,0,0,False,False,False
2015-09-25,0,28,42,0,9,9,0,179,10564,104,0,179,436,0,0,0,0,0,False,False,False
2015-09-26,0,28,43,0,9,9,0,180,10588,104,0,180,436,0,0,0,0,0,False,False,False
2015-09-27,0,28,43,0,9,9,0,180,10612,104,0,180,436,0,0,0,0,0,False,False,False
2015-09-28,0,28,43,0,9,9,0,180,10636,104,0,180,436,0,0,0,0,0,False,False,False
2015-09-29,0,28,43,0,9,9,0,180,10660,104,0,180,436,0,0,0,0,0,False,False,False
2015-09-30,0,28,42,0,9,9,0,181,10684,104,0,181,436,0,0,0,0,0,False,False,False
2015-10-01,0,28,42,0,9,9,0,181,10708,104,0,181,436,0,0,0,0,0,False,False,False
2015-10-02,0,28,42,0,9,9,0,181,10732,104,0,181,436,0,0,0,0,0,False,False,False
2015-10-03,0,27,42,0,9,9,0,182,10756,104,0,182,436,0,0,0,0,0,False,False,False
2015-10-04,0,28,42,0,9,9,0,182,10780,104,0,182,436,0,0,0,0,0,False,False,False
2015-10-05,0,28,42,0,9,9,0,182,10804,104,0,182,436,0,0,0,0,0,False,False,False
2015-10-06,0,27,44,0,9,9,0,183,10828,104,0,183,436,0,0,0,0,0,False,False,False
2015-10-07,0,28,44,0,9,9,0,183,10852,104,0,183,436,0,0,0,0,0,False,False,False
2015-10-08,0,26,44,0,9,9,0,183,10876,104,0,183,436,0,0,0,0,0,False,False,False
2015-10-09,0,26,44,0,9,9,0,183,10900,104,0,183,436,0,0,0,0,0,False,False,False
2015-10-10,0,26,44,0,9,9,0,183,10924,104,0,183,436,0,0,0,0,0,False,False,False
2015-10-11,0,26,44,0,9,9,0,183,10948,104,0,183,436,0,0,0,0,0,False,False,False
2015-10-12,0,26,44,0,9,9,0,183,10972,104,0,183,436,0,0,0,0,0,False,False,False
2015-10-13,0,26,44,0,9,9,0,183,10996,104,0,183,436,0,0,0,0,0,False,False,False
2015-10-14,0,26,44,0,9,9,0,183,11020,104,0,183,436,0,0,0,0,0,False,False,False
2015-10-15,0,26,44,0,9,9,0,183,11044,104,0,183,436,0,0,0,0,0,False,False,False
2015-10-16,0,26,41,0,9,9,0,184,11068,104,0,184,436,0,0,0,0,0,False,False,False
2015-10-17,0,27,41,0,9,9,0,184,11092,104,0,184,436,0,0,0,0,0,False,False,False
2015-10-18,0,27,41,0,9,9,0,184,11116,104,0,184,436,0,0,0,0,0,False,False,False
2015-10-19,0,27,41,0,9,9,0,184,11140,104,0,184,436,0,0,0,0,0,False,False,False
2015-10-20,0,26,41,0,9,9,0,184,11164,104,0,184,436,0,0,0,0,0,False,False,False
2015-10-21,0,26,42,0,9,9,0,185,11188,104,0,185,436,0,0,0,0,0,False,False,False
2015-10-22,0,26,42,0,9,9,0,185,11212,104,0,185,436,0,0,0,0,0,False,False,False
2015-10-23,0,26,41,0,9,9,0,185,11236,104,0,185,436,0,0,0,0,0,False,False,False
2015-10-24,0,26,41,0,9,9,0,186,11260,104,0,186,436,0,0,0,0,0,False,False,False
2015-10-25,0,27,41,0,9,9,0,186,11284,104,0,186,436,0,0,0,0,0,False,False,False
2015-10-26,0,26,42,0,9,9,0,187,11308,104,0,187,436,0,0,0,0,0,False,False,False
2015-10-27,0,26,42,0,9,9,0,187,11332,104,0,187,436,0,0,0,0,0,False,False,False
2015-10-29,0,26,42,0,9,9,0,188,11380,104,0,188,436,0,0,0,0,0,False,False,False
2015-10-30,0,26,42,0,9,9,0,188,11404,104,0,188,436,0,0,0,0,0,False,False,False
2015-10-31,0,26,43,0,9,9,0,189,11428,104,0,189,436,0,0,0,0,0,False,False,False
2015-11-02,0,28,43,0,9,9,0,189,11477,104,0,189,436,0,0,0,0,0,False,False,False
2015-11-03,0,28,41,0,9,9,0,190,11501,104,0,190,436,0,0,0,0,0,False,False,False
2015-11-04,0,27,41,0,9,9,0,190,11525,104,0,190,436,0,0,0,0,0,False,False,False
2015-11-05,0,28,42,0,9,9,0,191,11549,104,0,191,436,0,0,0,0,0,False,False,False
2015-11-06,0,27,42,0,9,9,0,191,11573,104,0,191,436,0,0,0,0,0,False,False,False
2015-11-07,0,27,42,0,9,9,0,191,11597,104,0,191,436,0,0,0,0,0,False,False,False
2015-11-08,0,27,42,0,9,9,0,191,11621,104,0,191,436,0,0,0,0,0,False,False,False
2015-11-09,0,27,43,0,9,9,0,192,11645,104,0,192,436,0,0,0,0,0,False,False,False
2015-11-10,0,27,43,0,9,9,0,192,11669,104,0,192,436,0,0,0,0,0,False,False,False
2015-11-11,0,27,43,0,9,9,0,192,11693,104,0,192,436,0,0,0,0,0,False,False,False
2015-11-12,0,28,43,0,9,9,0,192,11717,104,0,192,436,0,0,0,0,0,False,False,False
2015-11-13,0,27,40,0,9,9,0,193,11741,104,0,193,436,0,0,0,0,0,False,False,False
2015-11-14,0,27,40,0,9,9,0,193,11765,104,0,193,436,0,0,0,0,0,False,False,False
2015-11-15,0,27,40,0,9,9,0,193,11789,104,0,193,436,0,0,0,0,0,False,False,False
2015-11-16,0,27,40,0,9,9,0,193,11813,104,0,193,436,0,0,0,0,0,False,False,False
2015-11-17,0,28,41,0,9,9,0,194,11837,104,0,194,436,0,0,0,0,0,False,False,False
2015-11-18,0,27,41,0,9,9,0,195,11861,104,0,195,436,0,0,0,0,0,False,False,False
2015-11-19,0,27,41,0,9,9,0,195,11885,104,0,195,436,0,0,0,0,0,False,False,False
2015-11-20,0,28,41,0,9,9,0,195,11909,104,0,195,436,0,0,0,0,0,False,False,False
2015-11-21,0,27,41,0,9,9,0,195,11933,104,0,195,436,0,0,0,0,0,False,False,False
2015-11-22,0,27,42,0,9,9,0,196,11957,104,0,196,436,0,0,0,0,0,False,False,False
2015-11-23,0,27,42,0,9,9,0,197,11981,104,0,197,436,0,0,0,0,0,False,False,False
2015-11-24,0,27,41,0,9,9,0,198,12005,104,0,198,436,0,0,0,0,0,False,False,False
2015-11-25,0,27,41,0,9,9,0,198,12029,104,0,198,436,0,0,0,0,0,False,False,False
2015-11-26,0,27,41,0,9,9,0,198,12053,104,0,198,436,0,0,0,0,0,False,False,False
2015-11-27,0,27,42,0,9,9,0,199,12077,104,0,199,436,0,0,0,0,0,False,False,False
2015-11-28,0,27,42,0,9,9,0,199,12101,104,0,199,436,0,0,0,0,0,False,False,False
2015-11-29,0,27,42,0,9,9,0,199,12125,104,0,199,436,0,0,0,0,0,False,False,False
2015-11-30,0,27,42,0,9,9,0,200,12149,104,0,200,436,0,0,0,0,0,False,False,False
2015-12-01,0,27,41,0,9,9,0,201,12173,104,0,201,436,0,0,0,0,0,False,False,False
2015-12-02,0,27,41,0,9,9,0,202,12197,104,0,202,436,0,0,0,0,0,False,False,False
2015-12-03,0,27,41,0,9,9,0,202,12221,104,0,202,436,0,0,0,0,0,False,False,False
2015-12-04,0,27,41,0,9,9,0,202,12245,104,0,202,436,0,0,0,0,0,False,False,False
2015-12-05,0,27,41,0,9,9,0,203,12269,104,0,203,436,0,0,0,0,0,False,False,False
2015-12-06,0,27,41,0,9,9,0,203,12293,104,0,203,436,0,0,0,0,0,False,False,False
2015-12-07,0,27,42,0,9,9,0,204,12317,104,0,204,436,0,0,0,0,0,False,False,False
2015-12-08,0,26,42,0,9,9,0,204,12341,104,0,204,436,0,0,0,0,0,False,False,False
2015-12-09,0,27,42,0,9,9,0,204,12365,104,0,204,436,0,0,0,0,0,False,False,False
2015-12-10,0,27,41,0,9,9,0,205,12389,104,0,205,436,0,0,0,0,0,False,False,False
2015-12-11,0,26,41,0,9,9,0,205,12413,104,0,205,436,0,0,0,0,0,False,False,False
2015-12-12,0,26,41,0,9,9,0,205,12437,104,0,205,436,0,0,0,0,0,False,False,False
2015-12-13,0,26,42,0,9,9,0,206,12461,104,0,206,436,0,0,0,0,0,False,False,False
2015-12-14,0,26,42,0,9,9,0,207,12485,104,0,207,436,0,0,0,0,0,False,False,False
2015-12-15,0,27,42,0,9,9,0,208,12509,104,0,208,436,0,0,0,0,0,False,False,False
2015-12-16,0,28,42,0,9,9,0,208,12533,104,0,208,436,0,0,0,0,0,False,False,False
2015-12-17,0,28,42,0,9,9,0,208,12557,104,0,208,436,0,0,0,0,0,False,False,False
2015-12-18,0,27,42,0,9,9,0,208,12581,104,0,208,436,0,0,0,0,0,False,False,False
2015-12-19,0,28,41,0,9,9,0,209,12605,104,0,209,436,0,0,0,0,0,False,False,False
2015-12-20,0,27,41,0,9,9,0,209,12629,104,0,209,436,0,0,0,0,0,False,False,False
2015-12-21,0,27,42,0,9,9,0,210,12653,104,0,210,436,0,0,0,0,0,False,False,False
2015-12-22,0,27,42,0,9,9,0,211,12677,104,0,211,436,0,0,0,0,0,False,False,False
2015-12-23,0,28,41,0,9,9,0,211,12701,104,0,211,436,0,0,0,0,0,False,False,False
2015-12-24,0,27,41,0,9,9,0,212,12725,104,0,212,436,0,0,0,0,0,False,False,False
2015-12-25,0,27,41,0,9,9,0,212,12749,104,0,212,436,0,0,0,0,0,False,False,False
2015-12-26,0,27,41,0,9,9,0,213,12773,104,0,213,436,0,0,0,0,0,False,False,False
2015-12-27,0,27,41,0,9,9,0,214,12798,104,0,214,436,0,0,0,0,0,False,False,False
2015-12-28,0,26,43,0,9,9,0,215,12821,104,0,215,436,0,0,0,0,0,False,False,False
2015-12-29,0,27,43,0,9,9,0,216,12845,104,0,216,436,0,0,0,0,0,False,False,False
2015-12-30,0,27,43,0,9,9,0,217,12869,104,0,217,436,0,0,0,0,0,False,False,False
2015-12-31,0,26,43,0,9,9,0,217,12893,104,0,217,436,0,0,0,0,0,False,False,False
2016-01-01,0,27,43,0,9,9,0,217,12917,104,0,217,436,0,0,0,0,0,False,False,False
2016-01-02,0,27,43,0,9,9,0,217,12941,104,0,217,436,0,0,0,0,0,False,False,False
2016-01-03,0,26,42,0,9,9,0,218,12965,104,0,218,436,0,0,0,0,0,False,False,False
2016-01-04,0,26,42,0,9,9,0,218,12989,104,0,218,436,0,0,0,0,0,False,False,False
2016-01-05,0,27,39,0,9,9,0,219,13013,104,0,219,436,0,0,0,0,0,False,False,False
2016-01-06,0,27,39,0,9,9,0,219,13037,104,0,219,436,0,0,0,0,0,False,False,False
2016-01-07,0,27,39,0,9,9,0,219,13061,104,0,219,436,0,0,0,0,0,False,False,False
2016-01-08,0,27,39,0,9,9,0,219,13085,104,0,219,436,0,0,0,0,0,False,False,False
2016-01-09,0,27,39,0,9,9,0,219,13109,104,0,219,436,0,0,0,0,0,False,False,False
2016-01-10,0,27,39,0,9,9,0,219,13133,104,0,219,436,0,0,0,0,0,False,False,False
2016-01-11,0,27,39,0,9,9,0,219,13157,104,0,219,436,0,0,0,0,0,False,False,False
2016-01-12,0,27,39,0,9,9,0,219,13181,104,0,219,436,0,0,0,0,0,False,False,False
2016-01-13,0,27,43,0,9,9,0,220,13205,104,0,220,436,0,0,0,0,0,False,False,False
2016-01-14,0,27,43,0,9,9,0,220,13229,104,0,220,436,0,0,0,0,0,False,False,False
2016-01-15,0,27,43,0,9,9,0,220,13253,104,0,220,436,0,0,0,0,0,False,False,False
2016-01-16,0,27,41,0,9,9,0,221,13277,104,0,221,436,0,0,0,0,0,False,False,False
2016-01-17,0,27,41,0,9,9,0,221,13301,104,0,221,436,0,0,0,0,0,False,False,False
2016-01-18,0,27,41,0,9,9,0,222,13325,104,0,222,436,0,0,0,0,0,False,False,False
2016-01-19,0,26,41,0,9,9,0,223,13349,104,0,223,436,0,0,0,0,0,False,False,False
2016-01-20,0,27,41,0,9,9,0,223,13373,104,0,223,436,0,0,0,0,0,False,False,False
2016-01-21,0,27,40,0,9,9,0,224,13397,104,0,224,436,0,0,0,0,0,False,False,False
2016-01-22,0,27,40,0,9,9,0,224,13421,104,0,224,436,0,0,0,0,0,False,False,False
2016-01-23,0,27,42,0,9,9,0,225,13445,104,0,225,436,0,0,0,0,0,False,False,False
2016-01-24,0,27,42,0,9,9,0,225,13469,104,0,225,436,0,0,0,0,0,False,False,False
2016-01-25,0,27,42,0,9,9,0,225,13493,104,0,225,436,0,0,0,0,0,False,False,False
2016-01-26,0,27,42,0,9,9,0,226,13517,104,0,226,436,0,0,0,0,0,False,False,False
2016-01-27,0,27,42,0,9,9,0,226,13541,104,0,226,436,0,0,0,0,0,False,False,False
2016-01-28,0,27,42,0,9,9,0,226,13565,104,0,226,436,0,0,0,0,0,False,False,False
2016-01-29,0,27,43,0,9,9,0,227,13589,104,0,227,436,0,0,0,0,0,False,False,False
2016-01-30,0,27,43,0,9,9,0,227,13613,104,0,227,436,0,0,0,0,0,False,False,False
2016-01-31,0,27,43,0,9,9,0,227,13637,104,0,227,436,0,0,0,0,0,False,False,False
2016-02-01,0,27,43,0,9,9,0,227,13662,104,0,227,436,0,0,0,0,0,False,False,False
2016-02-02,0,27,43,0,9,9,0,227,13685,104,0,227,436,0,0,0,0,0,False,False,False
2016-02-03,0,27,43,0,9,9,0,228,13709,104,0,228,436,0,0,0,0,0,False,False,False
2016-02-04,0,27,43,0,9,9,0,228,13733,104,0,228,436,0,0,0,0,0,False,False,False
2016-02-05,0,29,43,0,9,9,0,228,13757,104,0,228,436,0,0,0,0,0,False,False,False
2016-02-06,0,29,44,0,9,9,0,229,13781,104,0,229,436,0,0,0,0,0,False,False,False
2016-02-07,0,29,44,0,9,9,0,229,13805,104,0,229,436,0,0,0,0,0,False,False,False
2016-02-08,0,29,44,0,9,9,0,229,13829,104,0,229,436,0,0,0,0,0,False,False,False
2016-02-09,0,30,44,0,9,9,0,229,13853,104,0,229,436,0,0,0,0,0,False,False,False
2016-02-10,0,27,44,0,9,9,0,229,13877,104,0,229,436,0,0,0,0,0,False,False,False
2016-02-11,0,29,42,0,9,9,0,230,13901,104,0,230,436,0,0,0,0,0,False,False,False
2016-02-12,0,28,42,0,9,9,0,230,13925,104,0,230,436,0,0,0,0,0,False,False,False
2016-02-13,0,29,42,0,9,9,0,231,13949,104,0,231,436,0,0,0,0,0,False,False,False
2016-02-14,0,29,42,0,9,9,0,231,13973,104,0,231,436,0,0,0,0,0,False,False,False
2016-02-15,0,29,42,0,9,9,0,231,13997,104,0,231,436,0,0,0,0,0,False,False,False
2016-02-16,0,29,43,0,9,9,0,232,14021,104,0,232,436,0,0,0,0,0,False,False,False
2016-02-17,0,28,43,0,9,9,0,232,14045,104,0,232,436,0,0,0,0,0,False,False,False
2016-02-18,0,29,42,0,9,9,0,233,14069,104,0,233,436,0,0,0,0,0,False,False,False
2016-02-19,0,29,42,0,9,9,0,233,14093,104,0,233,436,0,0,0,0,0,False,False,False
2016-02-20,0,29,42,0,9,9,0,233,14117,104,0,233,436,0,0,0,0,0,False,False,False
2016-02-21,0,28,43,0,9,9,0,234,14141,104,0,234,436,0,0,0,0,0,False,False,False
2016-02-22,0,29,43,0,9,9,0,234,14165,104,0,234,436,0,0,0,0,0,False,False,False
2016-02-23,0,29,43,0,9,9,0,234,14189,104,0,234,436,0,0,0,0,0,False,False,False
2016-02-24,0,29,43,0,9,9,0,235,14213,104,0,235,436,0,0,0,0,0,False,False,False
2016-02-25,0,28,43,0,9,9,0,235,14237,104,0,235,436,0,0,0,0,0,False,False,False
2016-02-26,0,28,43,0,9,9,0,235,14261,104,0,235,436,0,0,0,0,0,False,False,False
2016-02-27,0,27,42,0,9,9,0,236,14285,104,0,236,436,0,0,0,0,0,False,False,False
2016-02-28,0,29,42,0,9,9,0,237,14309,104,0,237,436,0,0,0,0,0,False,False,False
2016-02-29,0,28,42,0,9,9,0,237,14333,104,0,237,436,0,0,0,0,0,False,False,False
2016-03-01,0,28,41,0,9,9,0,238,14357,104,0,238,436,0,0,0,0,0,False,False,False
2016-03-02,0,27,41,0,9,9,0,238,14381,104,0,238,436,0,0,0,0,0,False,False,False
2016-03-03,0,28,41,0,9,9,0,238,14405,104,0,238,436,0,0,0,0,0,False,False,False
2016-03-04,0,28,41,0,9,9,0,239,14429,104,0,239,436,0,0,0,0,0,False,False,False
2016-03-05,0,28,41,0,9,9,0,239,14453,104,0,239,436,0,0,0,0,0,False,False,False
2016-03-06,0,28,42,0,9,9,0,240,14477,104,0,240,436,0,0,0,0,0,False,False,False
2016-03-07,0,29,42,0,9,9,0,241,14501,104,0,241,436,0,0,0,0,0,False,False,False
2016-03-08,0,28,42,0,9,9,0,241,14525,104,0,241,436,0,0,0,0,0,False,False,False
2016-03-09,0,29,42,0,9,9,0,242,14549,104,0,242,436,0,0,0,0,0,False,False,False
2016-03-10,0,28,42,0,9,9,0,242,14573,104,0,242,436,0,0,0,0,0,False,False,False
2016-03-11,0,29,42,0,9,9,0,242,14597,104,0,242,436,0,0,0,0,0,False,False,False
2016-03-12,0,29,42,0,9,9,0,242,14621,104,0,242,436,0,0,0,0,0,False,False,False
2016-03-13,0,29,42,0,9,9,0,243,14645,104,0,243,436,0,0,0,0,0,False,False,False
2016-03-14,0,29,43,0,9,9,0,244,14669,104,0,244,436,0,0,0,0,0,False,False,False
2016-03-15,0,28,43,0,9,9,0,244,14692,104,0,244,436,0,0,0,0,0,False,False,False
2016-03-16,0,29,43,0,9,9,0,244,14716,104,0,244,436,0,0,0,0,0,False,False,False
2016-03-17,0,27,40,0,9,9,0,245,14740,104,0,245,436,0,0,0,0,0,False,False,False
2016-03-18,0,27,40,0,9,9,0,245,14764,104,0,245,436,0,0,0,0,0,False,False,False
2016-03-19,0,28,42,0,9,9,0,245,14788,104,0,245,436,0,0,0,0,0,False,False,False
2016-03-20,0,28,42,0,9,9,0,246,14812,104,0,246,436,0,0,0,0,0,False,False,False
2016-03-21,0,27,42,0,9,9,0,246,14836,104,0,246,436,0,0,0,0,0,False,False,False
2016-03-22,0,28,42,0,9,9,0,246,14860,104,0,246,436,0,0,0,0,0,False,False,False
2016-03-23,0,28,42,0,9,9,0,246,14884,104,0,246,436,0,0,0,0,0,False,False,False
2016-03-24,0,28,42,0,9,9,0,246,14908,104,0,246,436,0,0,0,0,0,False,False,False
2016-03-25,0,28,43,0,9,9,0,247,14932,104,0,247,436,0,0,0,0,0,False,False,False
2016-03-26,0,28,43,0,9,9,0,247,14956,104,0,247,436,0,0,0,0,0,False,False,False
2016-03-27,0,29,43,0,9,9,0,247,14980,104,0,247,436,0,0,0,0,0,False,False,False
2016-03-28,0,28,43,0,9,9,0,247,15004,104,0,247,436,0,0,0,0,0,False,False,False
2016-03-29,0,27,41,0,9,9,0,248,15028,104,0,248,436,0,0,0,0,0,False,False,False
2016-03-30,0,28,43,0,9,9,0,249,15052,104,0,249,436,0,0,0,0,0,False,False,False
2016-03-31,0,28,43,0,9,9,0,249,15076,104,0,249,436,0,0,0,0,0,False,False,False
2016-04-01,0,28,43,0,9,9,0,249,15100,103,0,249,436,0,0,0,0,0,False,False,False
2016-04-02,0,28,42,0,9,9,0,250,15124,103,0,250,436,0,0,0,0,0,False,False,False
2016-04-03,0,29,42,0,9,9,0,251,15148,103,0,251,436,0,0,0,0,0,False,False,False
2016-04-04,0,29,42,0,9,9,0,251,15172,104,0,251,436,0,0,0,0,0,False,False,False
2016-04-05,0,28,44,0,9,9,0,252,15196,104,0,252,436,0,0,0,0,0,False,False,False
2016-04-06,0,28,44,0,9,9,0,252,15220,104,0,252,436,0,0,0,0,0,False,False,False
2016-04-07,0,27,44,0,9,9,0,252,15244,104,0,252,436,0,0,0,0,0,False,False,False
2016-04-08,0,29,41,0,9,9,0,253,15268,104,0,253,436,0,0,0,0,0,False,False,False
2016-04-09,0,29,41,0,9,9,0,254,15292,104,0,254,436,0,0,0,0,0,False,False,False
2016-04-10,0,29,42,0,9,9,0,254,15316,104,0,254,436,0,0,0,0,0,False,False,False
2016-04-11,0,29,42,0,9,9,0,254,15340,104,0,254,436,0,0,0,0,0,False,False,False
2016-04-12,0,29,42,0,9,9,0,254,15364,104,0,254,436,0,0,0,0,0,False,False,False
2016-04-13,0,29,42,0,9,9,0,254,15388,104,0,254,436,0,0,0,0,0,False,False,False
2016-04-14,0,28,42,0,9,9,0,255,15412,104,0,255,436,0,0,0,0,0,False,False,False
2016-04-15,0,28,42,0,9,9,0,255,15436,104,0,255,436,0,0,0,0,0,False,False,False
2016-04-16,0,28,41,0,9,9,0,256,15460,104,0,256,436,0,0,0,0,0,False,False,False
2016-04-17,0,28,41,0,9,9,0,257,15484,104,0,257,436,0,0,0,0,0,False,False,False
2016-04-18,0,29,41,0,9,9,0,257,15508,104,0,257,436,0,0,0,0,0,False,False,False
2016-04-19,0,27,43,0,9,9,0,258,15532,104,0,258,436,0,0,0,0,0,False,False,False
2016-04-20,0,28,43,0,9,9,0,258,15556,104,0,258,436,0,0,0,0,0,False,False,False
2016-04-21,0,27,43,0,9,9,0,258,15580,104,0,258,436,0,0,0,0,0,False,False,False
2016-04-22,0,28,41,0,9,9,0,259,15604,104,0,259,436,0,0,0,0,0,False,False,False
2016-04-23,0,29,42,0,9,9,0,260,15628,104,0,260,436,0,0,0,0,0,False,False,False
2016-04-24,0,29,42,0,9,9,0,261,15652,104,0,261,436,0,0,0,0,0,False,False,False
2016-04-25,0,29,42,0,9,9,0,262,15676,104,0,262,436,0,0,0,0,0,False,False,False
2016-04-26,0,29,42,0,9,9,0,262,15700,104,0,262,436,0,0,0,0,0,False,False,False
2016-04-27,0,30,42,0,9,9,0,262,15724,104,0,262,436,0,0,0,0,0,False,False,False
2016-04-28,0,29,42,0,9,9,0,263,15748,104,0,263,436,0,0,0,0,0,False,False,False
2016-04-29,0,29,42,0,9,9,0,263,15772,104,0,263,436,0,0,0,0,0,False,False,False
2016-04-30,0,27,41,0,9,9,0,264,15796,104,0,264,436,0,0,0,0,0,False,False,False
2016-05-01,0,25,41,0,9,9,0,265,15820,104,0,265,436,0,0,0,0,0,False,False,False
2016-05-02,0,25,41,0,9,9,0,265,15844,104,0,265,436,0,0,0,0,0,False,False,False
2016-05-03,0,25,41,0,9,9,0,265,15868,104,0,265,436,0,0,0,0,0,False,False,False
2016-05-04,0,27,41,0,9,9,0,265,15892,104,0,265,436,0,0,0,0,0,False,False,False
2016-05-05,0,30,43,0,9,9,0,266,15916,104,0,266,436,0,0,0,0,0,False,False,False
2016-05-06,0,28,43,0,9,9,0,266,15940,104,0,266,436,0,0,0,0,0,False,False,False
2016-05-07,0,29,43,0,9,9,0,266,15964,104,0,266,436,0,0,0,0,0,False,False,False
2016-05-08,0,28,42,0,9,9,0,267,15988,104,0,267,436,0,0,0,0,0,False,False,False
2016-05-09,0,29,42,0,9,9,0,268,16012,104,0,268,436,0,0,0,0,0,False,False,False
2016-05-10,0,28,40,0,9,9,0,269,16036,104,0,269,436,0,0,0,0,0,False,False,False
2016-05-11,0,27,40,0,9,9,0,269,16060,104,0,269,436,0,0,0,0,0,False,False,False
2016-05-12,0,27,43,0,9,9,0,270,16084,104,0,270,436,0,0,0,0,0,False,False,False
2016-05-13,0,27,43,0,9,9,0,271,16108,104,0,271,436,0,0,0,0,0,False,False,False
2016-05-14,0,28,43,0,9,9,0,272,16132,104,0,272,436,0,0,0,0,0,False,False,False
2016-05-15,0,28,43,0,9,9,0,272,16156,104,0,272,436,0,0,0,0,0,False,False,False
2016-05-16,0,27,42,0,9,9,0,273,16180,104,0,273,436,0,0,0,0,0,False,False,False
2016-05-17,0,27,42,0,9,9,0,273,16204,104,0,273,436,0,0,0,0,0,False,False,False
2016-05-18,0,27,42,0,9,9,0,274,16228,104,0,274,436,0,0,0,0,0,False,False,False
2016-05-19,0,27,42,0,9,9,0,274,16252,104,0,274,436,0,0,0,0,0,False,False,False
2016-05-20,0,28,42,0,9,9,0,275,16276,104,0,275,436,0,0,0,0,0,False,False,False
2016-05-21,0,28,42,0,9,9,0,275,16300,104,0,275,436,0,0,0,0,0,False,False,False
2016-05-22,0,28,43,0,9,9,0,276,16324,104,0,276,436,0,0,0,0,0,False,False,False
2016-05-23,0,28,43,0,9,9,0,276,16348,104,0,276,436,0,0,0,0,0,False,False,False
2016-05-24,0,28,43,0,9,9,0,276,16372,104,0,276,436,0,0,0,0,0,False,False,False
2016-05-25,0,29,43,0,9,9,0,277,16396,104,0,277,436,0,0,0,0,0,False,False,False
2016-05-26,0,28,43,0,9,9,0,277,16420,104,0,277,436,0,0,0,0,0,False,False,False
2016-05-27,0,27,42,0,9,9,0,278,16444,104,0,278,436,0,0,0,0,0,False,False,False
2016-05-28,0,27,41,0,9,9,0,279,16468,104,0,279,436,0,0,0,0,0,False,False,False
2016-05-29,0,27,41,0,9,9,0,280,16492,104,0,280,436,0,0,0,0,0,False,False,False
2016-05-30,0,27,42,0,9,9,0,281,16516,104,0,281,436,0,0,0,0,0,False,False,False
2016-05-31,0,27,42,0,9,9,0,282,16540,103,0,282,436,0,0,0,0,0,False,False,False
2016-06-01,0,27,42,0,9,9,0,283,16564,103,0,283,436,0,0,0,0,0,False,False,False
2016-06-02,0,26,42,0,9,9,0,283,16588,104,0,283,436,0,0,0,0,0,False,False,False
2016-06-03,0,26,43,0,9,9,0,284,16612,104,0,284,436,0,0,0,0,0,False,False,False
2016-06-04,0,26,44,0,9,9,0,285,16636,104,0,285,436,0,0,0,0,0,False,False,False
2016-06-05,0,26,44,0,9,9,0,285,16660,104,0,285,436,0,0,0,0,0,False,False,False
2016-06-06,0,27,42,0,9,9,0,286,16684,104,0,286,436,0,0,0,0,0,False,False,False
2016-06-07,0,26,42,0,9,9,0,286,16708,104,0,286,436,0,0,0,0,0,False,False,False
2016-06-08,0,27,41,0,9,9,0,287,16732,104,0,287,436,0,0,0,0,0,False,False,False
2016-06-09,0,27,41,0,9,9,0,287,16756,104,0,287,436,0,0,0,0,0,False,False,False
2016-06-10,0,27,41,0,9,9,0,287,16780,104,0,287,436,0,0,0,0,0,False,False,False
2016-06-11,0,26,43,0,9,9,0,288,16804,104,0,288,436,0,0,0,0,0,False,False,False
2016-06-12,0,26,43,0,9,9,0,288,16828,104,0,288,436,0,0,0,0,0,False,False,False
2016-06-13,0,26,42,0,9,9,0,289,16852,104,0,289,436,0,0,0,0,0,False,False,False
2016-06-14,0,27,42,0,9,9,0,289,16876,104,0,289,436,0,0,0,0,0,False,False,False
2016-06-15,0,26,42,0,9,9,0,290,16900,104,0,290,436,0,0,0,0,0,False,False,False
2016-06-16,0,27,42,0,9,9,0,291,16924,104,0,291,436,0,0,0,0,0,False,False,False
2016-06-17,0,27,42,0,9,9,0,292,16949,104,0,292,436,0,0,0,0,0,False,False,False
2016-06-18,0,26,42,0,9,9,0,292,16972,104,0,292,436,0,0,0,0,0,False,False,False
2016-06-19,0,26,42,0,9,9,0,292,16996,104,0,292,436,0,0,0,0,0,False,False,False
2016-06-20,0,25,43,0,9,9,0,293,17020,104,0,293,436,0,0,0,0,0,False,False,False
2016-06-21,0,26,43,0,9,9,0,294,17044,104,0,294,436,0,0,0,0,0,False,False,False
2016-06-22,0,27,41,0,9,9,0,295,17068,104,0,295,436,0,0,0,0,0,False,False,False
2016-06-23,0,26,41,0,9,9,0,296,17092,104,0,296,436,0,0,0,0,0,False,False,False
2016-06-24,0,26,43,0,9,9,0,297,17116,104,0,297,436,0,0,0,0,0,False,False,False
2016-06-25,0,26,42,0,10,10,0,299,17140,103,0,299,561,0,0,0,0,0,False,False,False
2016-06-26,0,26,42,0,10,10,0,300,17164,103,0,300,561,0,0,0,0,0,False,False,False
2016-06-27,0,26,42,0,10,10,0,301,17188,102,0,301,561,0,0,0,0,0,False,False,False
2016-06-28,0,26,42,0,10,10,0,302,17212,101,0,302,561,0,0,0,0,0,False,False,False
2016-06-29,0,26,42,0,10,10,0,302,17236,101,0,302,561,0,0,0,0,0,False,False,False
2016-06-30,0,26,42,0,10,10,0,302,17260,104,0,302,561,0,0,0,0,0,False,False,False
