date,failure,Smart 194: Temperature_Celsius (Raw Value),Smart 8: Seek_Time_Performance (Raw Value),Smart 1: Raw_Read_Error_Rate (Raw Value),Smart 12: Power_Cycle_Count (Raw Value),Smart 4: Start_Stop_Count (Raw Value),Smart 10: Spin_Retry_Count (Raw Value),Smart 192: Power-Off_Retract_Count (Raw Value),Smart 9: Power_On_Hours (Raw Value),Smart 2: Throughput_Performance (Raw Value),Smart 7: Seek_Error_Rate (Raw Value),Smart 193: Load_Cycle_Count (Raw Value),Smart 3: Spin_Up_Time (Raw Value),Smart 5: Reallocated_Sector_Ct (Raw Value),Smart 197: Current_Pending_Sector (Raw Value),Smart 198: Offline_Uncorrectable (Raw Value),Smart 199: UDMA_CRC_Error_Count (Raw Value),Smart 196: Reallocated_Event_Count (Raw Value),op_fail_30,op_fail_15,op_fail_1
2014-06-14,0,38,42,0,3,3,0,4,31,101,0,4,0,0,0,0,0,0,False,False,False
2014-06-15,0,38,42,0,3,3,0,5,55,101,0,5,0,0,0,0,0,0,False,False,False
2014-06-16,0,38,42,0,3,3,0,6,79,101,0,6,0,0,0,0,0,0,False,False,False
2014-06-17,0,38,42,0,3,3,0,6,103,101,0,6,0,0,0,0,0,0,False,False,False
2014-06-18,0,37,42,0,3,3,0,6,127,101,0,6,0,0,0,0,0,0,False,False,False
2014-06-19,0,37,42,0,3,3,0,6,151,101,0,6,0,0,0,0,0,0,False,False,False
2014-06-20,0,35,42,0,3,3,0,6,175,101,0,6,0,0,0,0,0,0,False,False,False
2014-06-21,0,35,42,0,3,3,0,6,199,101,0,6,0,0,0,0,0,0,False,False,False
2014-06-22,0,35,42,0,3,3,0,6,223,101,0,6,0,0,0,0,0,0,False,False,False
2014-06-23,0,35,42,0,3,3,0,6,246,101,0,6,0,0,0,0,0,0,False,False,False
2014-06-24,0,37,42,0,3,3,0,6,271,101,0,6,0,0,0,0,0,0,False,False,False
2014-06-25,0,36,42,0,3,3,0,6,295,101,0,6,0,0,0,0,0,0,False,False,False
2014-06-26,0,36,42,0,3,3,0,6,319,101,0,6,0,0,0,0,0,0,False,False,False
2014-06-27,0,36,42,0,3,3,0,6,343,101,0,6,0,0,0,0,0,0,False,False,False
2014-06-28,0,36,42,0,3,3,0,6,367,101,0,6,0,0,0,0,0,0,False,False,False
2014-06-29,0,36,42,0,3,3,0,6,391,101,0,6,0,0,0,0,0,0,False,False,False
2014-06-30,0,36,42,0,3,3,0,6,415,101,0,6,0,0,0,0,0,0,False,False,False
2014-07-01,0,36,42,0,3,3,0,6,439,101,0,6,0,0,0,0,0,0,False,False,False
2014-07-02,0,36,42,0,3,3,0,6,463,101,0,6,0,0,0,0,0,0,False,False,False
2014-07-03,0,35,42,0,3,3,0,6,487,101,0,6,0,0,0,0,0,0,False,False,False
2014-07-04,0,35,42,0,3,3,0,6,511,101,0,6,0,0,0,0,0,0,False,False,False
2014-07-05,0,35,42,0,3,3,0,6,535,101,0,6,0,0,0,0,0,0,False,False,False
2014-07-06,0,35,42,0,3,3,0,6,559,101,0,6,0,0,0,0,0,0,False,False,False
2014-07-07,0,36,42,0,3,3,0,6,583,101,0,6,0,0,0,0,0,0,False,False,False
2014-07-08,0,35,42,0,3,3,0,6,607,101,0,6,0,0,0,0,0,0,False,False,False
2014-07-09,0,35,42,0,3,3,0,6,631,101,0,6,0,0,0,0,0,0,False,False,False
2014-07-10,0,36,42,0,3,3,0,6,655,101,0,6,0,0,0,0,0,0,False,False,False
2014-07-11,0,36,42,0,3,3,0,6,679,101,0,6,0,0,0,0,0,0,False,False,False
2014-07-12,0,36,42,0,3,3,0,6,703,101,0,6,0,0,0,0,0,0,False,False,False
2014-07-13,0,36,42,0,3,3,0,6,727,101,0,6,0,0,0,0,0,0,False,False,False
2014-07-14,0,37,42,0,3,3,0,6,751,101,0,6,0,0,0,0,0,0,False,False,False
2014-07-15,0,36,42,0,3,3,0,6,775,101,0,6,0,0,0,0,0,0,False,False,False
2014-07-16,0,36,42,0,3,3,0,6,799,101,0,6,0,0,0,0,0,0,False,False,False
2014-07-17,0,36,42,0,3,3,0,6,823,101,0,6,0,0,0,0,0,0,False,False,False
2014-07-18,0,36,42,0,3,3,0,6,846,101,0,6,0,0,0,0,0,0,False,False,False
2014-07-19,0,37,42,0,3,3,0,6,871,101,0,6,0,0,0,0,0,0,False,False,False
2014-07-20,0,37,42,0,3,3,0,6,895,101,0,6,0,0,0,0,0,0,False,False,False
2014-07-21,0,37,42,0,3,3,0,6,918,101,0,6,0,0,0,0,0,0,False,False,False
2014-07-22,0,36,42,0,3,3,0,6,943,101,0,6,0,0,0,0,0,0,False,False,False
2014-07-23,0,35,42,0,3,3,0,6,967,101,0,6,0,0,0,0,0,0,False,False,False
2014-07-24,0,34,42,0,3,3,0,6,991,101,0,6,0,0,0,0,0,0,False,False,False
2014-07-25,0,35,42,0,3,3,0,6,1015,101,0,6,0,0,0,0,0,0,False,False,False
2014-07-26,0,34,42,0,3,3,0,6,1039,101,0,6,0,0,0,0,0,0,False,False,False
2014-07-27,0,34,42,0,3,3,0,6,1063,101,0,6,0,0,0,0,0,0,False,False,False
2014-07-28,0,34,42,0,3,3,0,6,1087,101,0,6,0,0,0,0,0,0,False,False,False
2014-07-29,0,34,42,0,3,3,0,6,1111,101,0,6,0,0,0,0,0,0,False,False,False
2014-07-30,0,32,42,0,3,3,0,6,1135,101,0,6,0,0,0,0,0,0,False,False,False
2014-07-31,0,32,42,0,3,3,0,6,1159,101,0,6,0,0,0,0,0,0,False,False,False
2014-08-01,0,32,42,0,3,3,0,6,1183,101,0,6,0,0,0,0,0,0,False,False,False
2014-08-02,0,32,42,0,3,3,0,6,1207,101,0,6,0,0,0,0,0,0,False,False,False
2014-08-03,0,32,42,0,3,3,0,6,1231,101,0,6,0,0,0,0,0,0,False,False,False
2014-08-04,0,32,42,0,3,3,0,6,1255,101,0,6,0,0,0,0,0,0,False,False,False
2014-08-05,0,32,42,0,3,3,0,6,1279,101,0,6,0,0,0,0,0,0,False,False,False
2014-08-06,0,32,42,0,3,3,0,6,1303,101,0,6,0,0,0,0,0,0,False,False,False
2014-08-07,0,32,42,0,3,3,0,6,1327,101,0,6,0,0,0,0,0,0,False,False,False
2014-08-08,0,32,42,0,3,3,0,6,1351,101,0,6,0,0,0,0,0,0,False,False,False
2014-08-09,0,32,42,0,3,3,0,6,1375,101,0,6,0,0,0,0,0,0,False,False,False
2014-08-10,0,33,42,0,3,3,0,6,1399,101,0,6,0,0,0,0,0,0,False,False,False
2014-08-11,0,33,42,0,3,3,0,6,1423,101,0,6,0,0,0,0,0,0,False,False,False
2014-08-12,0,33,42,0,3,3,0,7,1447,102,0,7,0,0,0,0,0,0,False,False,False
2014-08-13,0,36,39,0,3,3,0,8,1471,102,0,8,0,0,0,0,0,0,False,False,False
2014-08-14,0,37,42,0,3,3,0,9,1495,101,0,9,0,0,0,0,0,0,False,False,False
2014-08-15,0,36,42,0,3,3,0,10,1519,101,0,10,0,0,0,0,0,0,False,False,False
2014-08-16,0,36,42,0,3,3,0,10,1543,101,0,10,0,0,0,0,0,0,False,False,False
2014-08-17,0,36,42,0,3,3,0,11,1567,101,0,11,0,0,0,0,0,0,False,False,False
2014-08-18,0,36,42,0,3,3,0,12,1591,101,0,12,0,0,0,0,0,0,False,False,False
2014-08-19,0,36,42,0,3,3,0,13,1615,101,0,13,0,0,0,0,0,0,False,False,False
2014-08-20,0,36,42,0,3,3,0,14,1639,101,0,14,0,0,0,0,0,0,False,False,False
2014-08-21,0,36,42,0,3,3,0,14,1663,101,0,14,0,0,0,0,0,0,False,False,False
2014-08-22,0,35,42,0,3,3,0,14,1687,101,0,14,0,0,0,0,0,0,False,False,False
2014-08-23,0,35,42,0,3,3,0,15,1711,101,0,15,0,0,0,0,0,0,False,False,False
2014-08-24,0,35,42,0,3,3,0,16,1735,101,0,16,0,0,0,0,0,0,False,False,False
2014-08-25,0,35,42,0,3,3,0,17,1759,101,0,17,0,0,0,0,0,0,False,False,False
2014-08-26,0,33,42,0,3,3,0,18,1783,101,0,18,0,0,0,0,0,0,False,False,False
2014-08-27,0,33,42,0,3,3,0,19,1807,102,0,19,0,0,0,0,0,0,False,False,False
2014-08-28,0,33,42,0,3,3,0,20,1831,102,0,20,0,0,0,0,0,0,False,False,False
2014-08-29,0,33,42,0,3,3,0,20,1855,102,0,20,0,0,0,0,0,0,False,False,False
2014-08-30,0,33,42,0,3,3,0,21,1879,102,0,21,0,0,0,0,0,0,False,False,False
2014-08-31,0,34,42,0,3,3,0,21,1903,102,0,21,0,0,0,0,0,0,False,False,False
2014-09-01,0,33,42,0,3,3,0,22,1927,102,0,22,0,0,0,0,0,0,False,False,False
2014-09-02,0,33,42,0,3,3,0,22,1951,102,0,22,0,0,0,0,0,0,False,False,False
2014-09-03,0,33,42,0,3,3,0,23,1974,102,0,23,0,0,0,0,0,0,False,False,False
2014-09-04,0,33,42,0,3,3,0,24,1999,102,0,24,0,0,0,0,0,0,False,False,False
2014-09-05,0,33,42,0,3,3,0,25,2023,102,0,25,0,0,0,0,0,0,False,False,False
2014-09-06,0,34,42,0,3,3,0,26,2047,102,0,26,0,0,0,0,0,0,False,False,False
2014-09-07,0,33,42,0,3,3,0,26,2071,102,0,26,0,0,0,0,0,0,False,False,False
2014-09-08,0,33,42,0,3,3,0,27,2095,102,0,27,0,0,0,0,0,0,False,False,False
2014-09-09,0,32,42,0,3,3,0,28,2119,102,0,28,0,0,0,0,0,0,False,False,False
2014-09-10,0,33,42,0,3,3,0,29,2143,102,0,29,0,0,0,0,0,0,False,False,False
2014-09-11,0,35,42,0,3,3,0,30,2167,102,0,30,0,0,0,0,0,0,False,False,False
2014-09-12,0,35,42,0,3,3,0,31,2191,102,0,31,0,0,0,0,0,0,False,False,False
2014-09-13,0,35,42,0,3,3,0,31,2215,102,0,31,0,0,0,0,0,0,False,False,False
2014-09-14,0,35,42,0,3,3,0,32,2239,102,0,32,0,0,0,0,0,0,False,False,False
2014-09-15,0,35,42,0,3,3,0,33,2263,102,0,33,0,0,0,0,0,0,False,False,False
2014-09-16,0,35,42,0,3,3,0,33,2286,102,0,33,0,0,0,0,0,0,False,False,False
2014-09-17,0,35,42,0,3,3,0,34,2311,102,0,34,0,0,0,0,0,0,False,False,False
2014-09-18,0,35,42,0,3,3,0,35,2335,102,0,35,0,0,0,0,0,0,False,False,False
2014-09-19,0,35,42,0,3,3,0,36,2359,102,0,36,0,0,0,0,0,0,False,False,False
2014-09-20,0,35,42,0,3,3,0,36,2383,102,0,36,0,0,0,0,0,0,False,False,False
2014-09-21,0,35,42,0,3,3,0,37,2407,102,0,37,0,0,0,0,0,0,False,False,False
2014-09-22,0,35,42,0,3,3,0,37,2431,102,0,37,0,0,0,0,0,0,False,False,False
2014-09-23,0,35,42,0,3,3,0,37,2455,102,0,37,0,0,0,0,0,0,False,False,False
2014-09-24,0,33,42,0,3,3,0,38,2479,102,0,38,0,0,0,0,0,0,False,False,False
2014-09-25,0,32,42,0,3,3,0,39,2503,102,0,39,0,0,0,0,0,0,False,False,False
2014-09-26,0,32,42,0,3,3,0,40,2527,102,0,40,0,0,0,0,0,0,False,False,False
2014-09-27,0,32,42,0,3,3,0,40,2551,102,0,40,0,0,0,0,0,0,False,False,False
2014-09-28,0,32,42,0,3,3,0,40,2575,102,0,40,0,0,0,0,0,0,False,False,False
2014-09-29,0,32,42,0,3,3,0,41,2599,102,0,41,0,0,0,0,0,0,False,False,False
2014-09-30,0,32,42,0,3,3,0,41,2623,102,0,41,0,0,0,0,0,0,False,False,False
2014-10-01,0,34,42,0,3,3,0,42,2647,102,0,42,0,0,0,0,0,0,False,False,False
2014-10-02,0,32,42,0,3,3,0,42,2671,102,0,42,0,0,0,0,0,0,False,False,False
2014-10-03,0,32,42,0,3,3,0,43,2695,102,0,43,0,0,0,0,0,0,False,False,False
2014-10-04,0,32,42,0,3,3,0,43,2719,102,0,43,0,0,0,0,0,0,False,False,False
2014-10-05,0,32,42,0,3,3,0,44,2743,102,0,44,0,0,0,0,0,0,False,False,False
2014-10-06,0,32,42,0,3,3,0,45,2767,102,0,45,0,0,0,0,0,0,False,False,False
2014-10-07,0,32,42,0,3,3,0,46,2791,102,0,46,0,0,0,0,0,0,False,False,False
2014-10-08,0,32,42,0,3,3,0,46,2815,102,0,46,0,0,0,0,0,0,False,False,False
2014-10-09,0,31,42,0,3,3,0,47,2839,102,0,47,0,0,0,0,0,0,False,False,False
2014-10-10,0,31,42,0,3,3,0,48,2863,102,0,48,0,0,0,0,0,0,False,False,False
2014-10-11,0,31,42,0,3,3,0,49,2887,102,0,49,0,0,0,0,0,0,False,False,False
2014-10-12,0,31,42,0,3,3,0,49,2911,102,0,49,0,0,0,0,0,0,False,False,False
2014-10-13,0,31,42,0,3,3,0,50,2935,102,0,50,0,0,0,0,0,0,False,False,False
2014-10-14,0,31,42,0,3,3,0,51,2959,102,0,51,0,0,0,0,0,0,False,False,False
2014-10-15,0,30,42,0,4,4,0,53,2983,101,0,53,0,0,0,0,0,0,False,False,False
2014-10-16,0,30,42,0,4,4,0,53,3007,101,0,53,0,0,0,0,0,0,False,False,False
2014-10-17,0,30,42,0,4,4,0,53,3031,101,0,53,0,0,0,0,0,0,False,False,False
2014-10-18,0,30,42,0,4,4,0,53,3055,101,0,53,0,0,0,0,0,0,False,False,False
2014-10-19,0,30,42,0,4,4,0,53,3079,101,0,53,0,0,0,0,0,0,False,False,False
2014-10-20,0,30,42,0,4,4,0,53,3102,101,0,53,0,0,0,0,0,0,False,False,False
2014-10-21,0,29,42,0,4,4,0,53,3127,101,0,53,0,0,0,0,0,0,False,False,False
2014-10-22,0,30,42,0,4,4,0,53,3151,101,0,53,0,0,0,0,0,0,False,False,False
2014-10-23,0,30,42,0,4,4,0,53,3175,101,0,53,0,0,0,0,0,0,False,False,False
2014-10-24,0,30,42,0,4,4,0,53,3199,101,0,53,0,0,0,0,0,0,False,False,False
2014-10-25,0,30,42,0,4,4,0,54,3223,101,0,54,0,0,0,0,0,0,False,False,False
2014-10-26,0,30,42,0,4,4,0,55,3247,101,0,55,0,0,0,0,0,0,False,False,False
2014-10-27,0,30,42,0,4,4,0,56,3271,101,0,56,0,0,0,0,0,0,False,False,False
2014-10-28,0,30,42,0,4,4,0,56,3295,101,0,56,0,0,0,0,0,0,False,False,False
2014-10-29,0,30,42,0,4,4,0,57,3319,101,0,57,0,0,0,0,0,0,False,False,False
2014-10-30,0,30,42,0,4,4,0,58,3343,101,0,58,0,0,0,0,0,0,False,False,False
2014-10-31,0,30,42,0,4,4,0,59,3367,101,0,59,0,0,0,0,0,0,False,False,False
2014-11-01,0,30,42,0,4,4,0,59,3391,101,0,59,0,0,0,0,0,0,False,False,False
2014-11-03,0,30,42,0,4,4,0,61,3440,101,0,61,0,0,0,0,0,0,False,False,False
2014-11-04,0,30,42,0,4,4,0,62,3464,101,0,62,0,0,0,0,0,0,False,False,False
2014-11-05,0,34,42,0,4,4,0,62,3488,101,0,62,0,0,0,0,0,0,False,False,False
2014-11-06,0,30,42,0,4,4,0,63,3512,101,0,63,0,0,0,0,0,0,False,False,False
2014-11-07,0,30,42,0,4,4,0,63,3536,101,0,63,0,0,0,0,0,0,False,False,False
2014-11-08,0,30,42,0,4,4,0,64,3560,101,0,64,0,0,0,0,0,0,False,False,False
2014-11-09,0,30,42,0,4,4,0,65,3584,101,0,65,0,0,0,0,0,0,False,False,False
2014-11-10,0,30,42,0,4,4,0,65,3608,101,0,65,0,0,0,0,0,0,False,False,False
2014-11-11,0,30,42,0,4,4,0,66,3631,101,0,66,0,0,0,0,0,0,False,False,False
2014-11-12,0,30,42,0,4,4,0,66,3656,101,0,66,0,0,0,0,0,0,False,False,False
2014-11-13,0,30,42,0,4,4,0,67,3680,101,0,67,0,0,0,0,0,0,False,False,False
2014-11-14,0,30,42,0,4,4,0,67,3704,101,0,67,0,0,0,0,0,0,False,False,False
2014-11-15,0,30,42,0,4,4,0,68,3728,101,0,68,0,0,0,0,0,0,False,False,False
2014-11-16,0,30,42,0,4,4,0,69,3752,101,0,69,0,0,0,0,0,0,False,False,False
2014-11-17,0,30,42,0,4,4,0,70,3776,101,0,70,0,0,0,0,0,0,False,False,False
2014-11-18,0,29,42,0,4,4,0,71,3800,101,0,71,0,0,0,0,0,0,False,False,False
2014-11-19,0,30,42,0,4,4,0,71,3824,101,0,71,0,0,0,0,0,0,False,False,False
2014-11-20,0,30,42,0,4,4,0,72,3848,101,0,72,0,0,0,0,0,0,False,False,False
2014-11-21,0,30,42,0,4,4,0,73,3871,101,0,73,0,0,0,0,0,0,False,False,False
2014-11-22,0,30,42,0,4,4,0,73,3896,101,0,73,0,0,0,0,0,0,False,False,False
2014-11-23,0,30,42,0,4,4,0,74,3920,101,0,74,0,0,0,0,0,0,False,False,False
2014-11-24,0,30,42,0,4,4,0,75,3943,101,0,75,0,0,0,0,0,0,False,False,False
2014-11-25,0,29,42,0,4,4,0,76,3968,101,0,76,0,0,0,0,0,0,False,False,False
2014-11-26,0,30,42,0,4,4,0,76,3992,101,0,76,0,0,0,0,0,0,False,False,False
2014-11-27,0,30,42,0,4,4,0,76,4016,101,0,76,0,0,0,0,0,0,False,False,False
2014-11-28,0,30,42,0,4,4,0,76,4040,101,0,76,0,0,0,0,0,0,False,False,False
2014-11-29,0,30,42,0,4,4,0,77,4064,101,0,77,0,0,0,0,0,0,False,False,False
2014-11-30,0,30,42,0,4,4,0,78,4088,101,0,78,0,0,0,0,0,0,False,False,False
2014-12-01,0,30,42,0,4,4,0,78,4112,101,0,78,0,0,0,0,0,0,False,False,False
2014-12-02,0,30,42,0,4,4,0,79,4136,101,0,79,0,0,0,0,0,0,False,False,False
2014-12-03,0,30,42,0,4,4,0,80,4160,101,0,80,0,0,0,0,0,0,False,False,False
2014-12-04,0,30,42,0,4,4,0,80,4184,101,0,80,0,0,0,0,0,0,False,False,False
2014-12-05,0,30,42,0,4,4,0,81,4208,101,0,81,0,0,0,0,0,0,False,False,False
2014-12-06,0,30,42,0,4,4,0,82,4232,101,0,82,0,0,0,0,0,0,False,False,False
2014-12-07,0,30,42,0,4,4,0,83,4256,101,0,83,0,0,0,0,0,0,False,False,False
2014-12-08,0,30,42,0,4,4,0,84,4280,101,0,84,0,0,0,0,0,0,False,False,False
2014-12-09,0,30,42,0,4,4,0,85,4304,101,0,85,0,0,0,0,0,0,False,False,False
2014-12-10,0,30,42,0,4,4,0,85,4328,101,0,85,0,0,0,0,0,0,False,False,False
2014-12-11,0,30,42,0,4,4,0,86,4352,101,0,86,0,0,0,0,0,0,False,False,False
2014-12-12,0,30,42,0,4,4,0,86,4376,101,0,86,0,0,0,0,0,0,False,False,False
2014-12-13,0,31,42,0,4,4,0,87,4400,101,0,87,0,0,0,0,0,0,False,False,False
2014-12-14,0,30,42,0,4,4,0,88,4423,101,0,88,0,0,0,0,0,0,False,False,False
2014-12-15,0,30,42,0,4,4,0,88,4448,101,0,88,0,0,0,0,0,0,False,False,False
2014-12-16,0,30,42,0,4,4,0,89,4472,101,0,89,0,0,0,0,0,0,False,False,False
2014-12-17,0,30,42,0,4,4,0,89,4496,101,0,89,0,0,0,0,0,0,False,False,False
2014-12-18,0,30,42,0,4,4,0,90,4520,101,0,90,0,0,0,0,0,0,False,False,False
2014-12-19,0,30,42,0,4,4,0,91,4544,101,0,91,0,0,0,0,0,0,False,False,False
2014-12-20,0,30,42,0,4,4,0,91,4568,101,0,91,0,0,0,0,0,0,False,False,False
2014-12-21,0,30,42,0,4,4,0,91,4592,101,0,91,0,0,0,0,0,0,False,False,False
2014-12-22,0,30,42,0,4,4,0,91,4616,101,0,91,0,0,0,0,0,0,False,False,False
2014-12-23,0,30,42,0,4,4,0,91,4640,101,0,91,0,0,0,0,0,0,False,False,False
2014-12-24,0,30,42,0,4,4,0,91,4664,101,0,91,0,0,0,0,0,0,False,False,False
2014-12-25,0,30,42,0,4,4,0,91,4688,101,0,91,0,0,0,0,0,0,False,False,False
2014-12-26,0,30,42,0,4,4,0,91,4712,101,0,91,0,0,0,0,0,0,False,False,False
2014-12-27,0,30,42,0,4,4,0,91,4736,101,0,91,0,0,0,0,0,0,False,False,False
2014-12-28,0,30,42,0,4,4,0,91,4760,101,0,91,0,0,0,0,0,0,False,False,False
2014-12-29,0,30,42,0,4,4,0,91,4784,101,0,91,0,0,0,0,0,0,False,False,False
2014-12-30,0,30,42,0,4,4,0,91,4808,101,0,91,0,0,0,0,0,0,False,False,False
2014-12-31,0,30,42,0,4,4,0,91,4832,101,0,91,0,0,0,0,0,0,False,False,False
2015-01-01,0,30,42,0,4,4,0,91,4856,101,0,91,0,0,0,0,0,0,False,False,False
2015-01-02,0,30,42,0,4,4,0,91,4880,101,0,91,0,0,0,0,0,0,False,False,False
2015-01-03,0,30,42,0,4,4,0,91,4904,101,0,91,0,0,0,0,0,0,False,False,False
2015-01-04,0,30,42,0,4,4,0,91,4928,101,0,91,0,0,0,0,0,0,False,False,False
2015-01-05,0,30,42,0,4,4,0,91,4952,101,0,91,0,0,0,0,0,0,False,False,False
2015-01-06,0,30,42,0,4,4,0,91,4976,101,0,91,0,0,0,0,0,0,False,False,False
2015-01-07,0,30,42,0,4,4,0,91,5000,101,0,91,0,0,0,0,0,0,False,False,False
2015-01-08,0,30,42,0,4,4,0,91,5024,101,0,91,0,0,0,0,0,0,False,False,False
2015-01-09,0,30,42,0,4,4,0,91,5048,101,0,91,0,0,0,0,0,0,False,False,False
2015-01-10,0,30,42,0,4,4,0,91,5072,101,0,91,0,0,0,0,0,0,False,False,False
2015-01-11,0,30,42,0,4,4,0,91,5096,101,0,91,0,0,0,0,0,0,False,False,False
2015-01-12,0,30,42,0,4,4,0,91,5120,101,0,91,0,0,0,0,0,0,False,False,False
2015-01-13,0,30,42,0,4,4,0,91,5144,101,0,91,0,0,0,0,0,0,False,False,False
2015-01-14,0,30,42,0,4,4,0,91,5168,101,0,91,0,0,0,0,0,0,False,False,False
2015-01-15,0,30,42,0,4,4,0,91,5192,101,0,91,0,0,0,0,0,0,False,False,False
2015-01-16,0,30,42,0,4,4,0,91,5216,101,0,91,0,0,0,0,0,0,False,False,False
2015-01-17,0,30,42,0,4,4,0,91,5240,101,0,91,0,0,0,0,0,0,False,False,False
2015-01-18,0,30,42,0,4,4,0,91,5264,101,0,91,0,0,0,0,0,0,False,False,False
2015-01-19,0,30,42,0,4,4,0,91,5288,101,0,91,0,0,0,0,0,0,False,False,False
2015-01-20,0,30,42,0,4,4,0,91,5312,101,0,91,0,0,0,0,0,0,False,False,False
2015-01-21,0,30,42,0,4,4,0,91,5336,101,0,91,0,0,0,0,0,0,False,False,False
2015-01-22,0,30,42,0,4,4,0,91,5360,101,0,91,0,0,0,0,0,0,False,False,False
2015-01-23,0,30,42,0,4,4,0,91,5384,101,0,91,0,0,0,0,0,0,False,False,False
2015-01-24,0,30,42,0,4,4,0,91,5408,101,0,91,0,0,0,0,0,0,False,False,False
2015-01-25,0,30,42,0,4,4,0,91,5432,101,0,91,0,0,0,0,0,0,False,False,False
2015-01-26,0,30,42,0,4,4,0,91,5456,101,0,91,0,0,0,0,0,0,False,False,False
2015-01-27,0,30,42,0,4,4,0,91,5480,101,0,91,0,0,0,0,0,0,False,False,False
2015-01-28,0,30,42,0,4,4,0,91,5504,101,0,91,0,0,0,0,0,0,False,False,False
2015-01-29,0,30,42,0,4,4,0,91,5528,101,0,91,0,0,0,0,0,0,False,False,False
2015-01-30,0,30,42,0,4,4,0,91,5552,101,0,91,0,0,0,0,0,0,False,False,False
2015-01-31,0,31,42,0,4,4,0,91,5576,101,0,91,0,0,0,0,0,0,False,False,False
2015-02-01,0,30,42,0,4,4,0,91,5600,101,0,91,0,0,0,0,0,0,False,False,False
2015-02-02,0,30,42,0,4,4,0,91,5624,101,0,91,0,0,0,0,0,0,False,False,False
2015-02-03,0,30,42,0,4,4,0,91,5648,101,0,91,0,0,0,0,0,0,False,False,False
2015-02-04,0,31,42,0,4,4,0,91,5672,101,0,91,0,0,0,0,0,0,False,False,False
2015-02-05,0,30,42,0,4,4,0,91,5696,101,0,91,0,0,0,0,0,0,False,False,False
2015-02-06,0,30,42,0,4,4,0,91,5720,101,0,91,0,0,0,0,0,0,False,False,False
2015-02-07,0,30,42,0,4,4,0,91,5744,101,0,91,0,0,0,0,0,0,False,False,False
2015-02-08,0,31,42,0,4,4,0,91,5768,101,0,91,0,0,0,0,0,0,False,False,False
2015-02-09,0,31,42,0,4,4,0,91,5792,101,0,91,0,0,0,0,0,0,False,False,False
2015-02-10,0,30,42,0,4,4,0,91,5816,101,0,91,0,0,0,0,0,0,False,False,False
2015-02-11,0,30,42,0,4,4,0,91,5840,101,0,91,0,0,0,0,0,0,False,False,False
2015-02-12,0,30,42,0,4,4,0,91,5864,101,0,91,0,0,0,0,0,0,False,False,False
2015-02-13,0,30,42,0,4,4,0,91,5888,101,0,91,0,0,0,0,0,0,False,False,False
2015-02-14,0,30,42,0,4,4,0,91,5912,101,0,91,0,0,0,0,0,0,False,False,False
2015-02-15,0,30,42,0,4,4,0,91,5936,101,0,91,0,0,0,0,0,0,False,False,False
2015-02-16,0,30,42,0,4,4,0,91,5960,101,0,91,0,0,0,0,0,0,False,False,False
2015-02-17,0,30,42,0,4,4,0,91,5984,101,0,91,0,0,0,0,0,0,False,False,False
2015-02-18,0,30,42,0,4,4,0,91,6008,101,0,91,0,0,0,0,0,0,False,False,False
2015-02-19,0,30,42,0,4,4,0,91,6032,101,0,91,0,0,0,0,0,0,False,False,False
2015-02-20,0,30,42,0,4,4,0,91,6056,101,0,91,0,0,0,0,0,0,False,False,False
2015-02-21,0,30,42,0,4,4,0,91,6080,101,0,91,0,0,0,0,0,0,False,False,False
2015-02-22,0,30,42,0,4,4,0,91,6104,101,0,91,0,0,0,0,0,0,False,False,False
2015-02-23,0,30,42,0,4,4,0,91,6128,101,0,91,0,0,0,0,0,0,False,False,False
2015-02-24,0,30,42,0,4,4,0,91,6152,101,0,91,0,0,0,0,0,0,False,False,False
2015-02-25,0,30,42,0,4,4,0,92,6176,102,0,92,0,0,0,0,0,0,False,False,False
2015-02-26,0,30,42,0,4,4,0,93,6200,102,0,93,0,0,0,0,0,0,False,False,False
2015-02-27,0,30,42,0,4,4,0,93,6224,102,0,93,0,0,0,0,0,0,False,False,False
2015-02-28,0,31,42,0,4,4,0,93,6248,102,0,93,0,0,0,0,0,0,False,False,False
2015-03-01,0,30,42,0,4,4,0,93,6272,102,0,93,0,0,0,0,0,0,False,False,False
2015-03-02,0,30,42,0,4,4,0,93,6296,102,0,93,0,0,0,0,0,0,False,False,False
2015-03-03,0,30,42,0,4,4,0,93,6320,102,0,93,0,0,0,0,0,0,False,False,False
2015-03-04,0,30,42,0,4,4,0,93,6344,102,0,93,0,0,0,0,0,0,False,False,False
2015-03-05,0,30,42,0,4,4,0,93,6368,102,0,93,0,0,0,0,0,0,False,False,False
2015-03-06,0,30,42,0,4,4,0,93,6392,102,0,93,0,0,0,0,0,0,False,False,False
2015-03-07,0,30,42,0,4,4,0,93,6416,102,0,93,0,0,0,0,0,0,False,False,False
2015-03-08,0,30,42,0,4,4,0,93,6440,102,0,93,0,0,0,0,0,0,False,False,False
2015-03-09,0,30,42,0,4,4,0,93,6464,102,0,93,0,0,0,0,0,0,False,False,False
2015-03-10,0,30,42,0,4,4,0,93,6487,102,0,93,0,0,0,0,0,0,False,False,False
2015-03-11,0,30,42,0,4,4,0,93,6511,102,0,93,0,0,0,0,0,0,False,False,False
2015-03-12,0,30,42,0,4,4,0,93,6535,102,0,93,0,0,0,0,0,0,False,False,False
2015-03-13,0,30,42,0,4,4,0,93,6559,102,0,93,0,0,0,0,0,0,False,False,False
2015-03-14,0,31,42,0,4,4,0,93,6583,102,0,93,0,0,0,0,0,0,False,False,False
2015-03-15,0,31,42,0,4,4,0,93,6607,102,0,93,0,0,0,0,0,0,False,False,False
2015-03-16,0,30,42,0,4,4,0,93,6631,102,0,93,0,0,0,0,0,0,False,False,False
2015-03-17,0,30,42,0,4,4,0,93,6655,102,0,93,0,0,0,0,0,0,False,False,False
2015-03-18,0,30,42,0,4,4,0,93,6679,102,0,93,0,0,0,0,0,0,False,False,False
2015-03-19,0,32,42,0,4,4,0,93,6703,102,0,93,0,0,0,0,0,0,False,False,False
2015-03-20,0,32,42,0,4,4,0,93,6727,102,0,93,0,0,0,0,0,0,False,False,False
2015-03-21,0,31,42,0,4,4,0,93,6751,102,0,93,0,0,0,0,0,0,False,False,False
2015-03-22,0,32,42,0,4,4,0,93,6775,102,0,93,0,0,0,0,0,0,False,False,False
2015-03-23,0,32,42,0,4,4,0,93,6799,102,0,93,0,0,0,0,0,0,False,False,False
2015-03-24,0,31,42,0,4,4,0,93,6823,102,0,93,0,0,0,0,0,0,False,False,False
2015-03-25,0,31,42,0,4,4,0,93,6847,102,0,93,0,0,0,0,0,0,False,False,False
2015-03-26,0,31,42,0,4,4,0,93,6871,102,0,93,0,0,0,0,0,0,False,False,False
2015-03-27,0,32,42,0,4,4,0,93,6895,102,0,93,0,0,0,0,0,0,False,False,False
2015-03-28,0,31,42,0,4,4,0,93,6919,102,0,93,0,0,0,0,0,0,False,False,False
2015-03-29,0,31,42,0,4,4,0,93,6943,102,0,93,0,0,0,0,0,0,False,False,False
2015-03-30,0,32,42,0,4,4,0,93,6967,102,0,93,0,0,0,0,0,0,False,False,False
2015-03-31,0,32,42,0,4,4,0,93,6991,102,0,93,0,0,0,0,0,0,False,False,False
2015-04-01,0,31,42,0,4,4,0,93,7015,102,0,93,0,0,0,0,0,0,False,False,False
2015-04-02,0,31,42,0,4,4,0,93,7039,102,0,93,0,0,0,0,0,0,False,False,False
2015-04-03,0,31,42,0,4,4,0,93,7063,102,0,93,0,0,0,0,0,0,False,False,False
2015-04-04,0,32,42,0,5,5,0,94,7086,102,0,94,432,0,0,0,0,0,False,False,False
2015-04-05,0,32,42,0,5,5,0,95,7111,102,0,95,432,0,0,0,0,0,False,False,False
2015-04-06,0,32,42,0,5,5,0,96,7135,102,0,96,432,0,0,0,0,0,False,False,False
2015-04-07,0,32,42,0,5,5,0,97,7159,102,0,97,432,0,0,0,0,0,False,False,False
2015-04-08,0,32,42,0,5,5,0,98,7183,102,0,98,432,0,0,0,0,0,False,False,False
2015-04-09,0,33,42,0,5,5,0,98,7207,102,0,98,432,0,0,0,0,0,False,False,False
2015-04-10,0,33,42,0,5,5,0,98,7231,102,0,98,432,0,0,0,0,0,False,False,False
2015-04-11,0,32,42,0,5,5,0,98,7255,102,0,98,432,0,0,0,0,0,False,False,False
2015-04-12,0,31,42,0,5,5,0,98,7279,102,0,98,432,0,0,0,0,0,False,False,False
2015-04-13,0,31,42,0,5,5,0,98,7303,102,0,98,432,0,0,0,0,0,False,False,False
2015-04-14,0,32,42,0,5,5,0,98,7327,102,0,98,432,0,0,0,0,0,False,False,False
2015-04-15,0,32,42,0,5,5,0,98,7351,102,0,98,432,0,0,0,0,0,False,False,False
2015-04-16,0,32,42,0,5,5,0,98,7375,102,0,98,432,0,0,0,0,0,False,False,False
2015-04-17,0,32,42,0,5,5,0,98,7398,102,0,98,432,0,0,0,0,0,False,False,False
2015-04-18,0,30,42,0,5,5,0,98,7423,102,0,98,432,0,0,0,0,0,False,False,False
2015-04-19,0,32,42,0,5,5,0,98,7447,102,0,98,432,0,0,0,0,0,False,False,False
2015-04-20,0,33,42,0,5,5,0,98,7471,102,0,98,432,0,0,0,0,0,False,False,False
2015-04-21,0,32,42,0,5,5,0,98,7495,102,0,98,432,0,0,0,0,0,False,False,False
2015-04-22,0,33,42,0,5,5,0,98,7519,102,0,98,432,0,0,0,0,0,False,False,False
2015-04-23,0,33,42,0,5,5,0,98,7543,102,0,98,432,0,0,0,0,0,False,False,False
2015-04-24,0,33,42,0,5,5,0,98,7567,102,0,98,432,0,0,0,0,0,False,False,False
2015-04-25,0,33,42,0,5,5,0,98,7591,102,0,98,432,0,0,0,0,0,False,False,False
2015-04-26,0,32,42,0,5,5,0,98,7615,102,0,98,432,0,0,0,0,0,False,False,False
2015-04-27,0,33,42,0,5,5,0,98,7638,102,0,98,432,0,0,0,0,0,False,False,False
2015-04-28,0,32,42,0,5,5,0,98,7663,102,0,98,432,0,0,0,0,0,False,False,False
2015-04-29,0,33,42,0,5,5,0,98,7687,102,0,98,432,0,0,0,0,0,False,False,False
2015-04-30,0,33,42,0,5,5,0,99,7711,101,0,99,432,0,0,0,0,0,False,False,False
2015-05-01,0,33,42,0,5,5,0,100,7735,101,0,100,432,0,0,0,0,0,False,False,False
2015-05-02,0,32,42,0,5,5,0,100,7759,101,0,100,432,0,0,0,0,0,False,False,False
2015-05-03,0,32,42,0,5,5,0,101,7783,101,0,101,432,0,0,0,0,0,False,False,False
2015-05-04,0,32,42,0,5,5,0,101,7806,101,0,101,432,0,0,0,0,0,False,False,False
2015-05-05,0,32,42,0,5,5,0,101,7831,101,0,101,432,0,0,0,0,0,False,False,False
2015-05-06,0,32,42,0,5,5,0,101,7855,101,0,101,432,0,0,0,0,0,False,False,False
2015-05-07,0,32,42,0,5,5,0,101,7878,101,0,101,432,0,0,0,0,0,False,False,False
2015-05-08,0,33,42,0,5,5,0,101,7903,101,0,101,432,0,0,0,0,0,False,False,False
2015-05-09,0,33,42,0,5,5,0,101,7927,101,0,101,432,0,0,0,0,0,False,False,False
2015-05-10,0,33,42,0,5,5,0,101,7951,101,0,101,432,0,0,0,0,0,False,False,False
2015-05-11,0,33,42,0,5,5,0,101,7975,101,0,101,432,0,0,0,0,0,False,False,False
2015-05-12,0,34,40,0,5,5,0,102,7999,104,0,102,432,0,0,0,0,0,False,False,False
2015-05-13,0,34,40,0,5,5,0,103,8023,104,0,103,432,0,0,0,0,0,False,False,False
2015-05-14,0,34,40,0,5,5,0,104,8047,104,0,104,432,0,0,0,0,0,False,False,False
2015-05-15,0,33,40,0,5,5,0,104,8071,104,0,104,432,0,0,0,0,0,False,False,False
2015-05-16,0,34,40,0,5,5,0,104,8095,104,0,104,432,0,0,0,0,0,False,False,False
2015-05-17,0,33,40,0,5,5,0,104,8119,104,0,104,432,0,0,0,0,0,False,False,False
2015-05-18,0,34,40,0,5,5,0,104,8143,104,0,104,432,0,0,0,0,0,False,False,False
2015-05-19,0,33,40,0,5,5,0,104,8167,104,0,104,432,0,0,0,0,0,False,False,False
2015-05-20,0,33,40,0,5,5,0,104,8191,102,0,104,432,0,0,0,0,0,False,False,False
2015-05-21,0,34,40,0,5,5,0,104,8214,102,0,104,432,0,0,0,0,0,False,False,False
2015-05-22,0,34,40,0,5,5,0,104,8239,102,0,104,432,0,0,0,0,0,False,False,False
2015-05-23,0,34,40,0,5,5,0,104,8263,102,0,104,432,0,0,0,0,0,False,False,False
2015-05-24,0,34,40,0,5,5,0,104,8286,102,0,104,432,0,0,0,0,0,False,False,False
2015-05-25,0,34,40,0,5,5,0,104,8311,102,0,104,432,0,0,0,0,0,False,False,False
2015-05-26,0,35,40,0,5,5,0,104,8335,102,0,104,432,0,0,0,0,0,False,False,False
2015-05-27,0,34,40,0,5,5,0,104,8359,102,0,104,432,0,0,0,0,0,False,False,False
2015-05-28,0,35,40,0,5,5,0,104,8383,102,0,104,432,0,0,0,0,0,False,False,False
2015-05-29,0,34,40,0,5,5,0,104,8407,102,0,104,432,0,0,0,0,0,False,False,False
2015-05-30,0,35,40,0,5,5,0,104,8431,102,0,104,432,0,0,0,0,0,False,False,False
2015-05-31,0,35,40,0,5,5,0,104,8454,102,0,104,432,0,0,0,0,0,False,False,False
2015-06-01,0,34,40,0,5,5,0,104,8479,102,0,104,432,0,0,0,0,0,False,False,False
2015-06-02,0,34,40,0,5,5,0,104,8503,102,0,104,432,0,0,0,0,0,False,False,False
2015-06-03,0,35,40,0,5,5,0,104,8527,102,0,104,432,0,0,0,0,0,False,False,False
2015-06-04,0,32,40,0,5,5,0,104,8551,102,0,104,432,0,0,0,0,0,False,False,False
2015-06-05,0,33,40,0,5,5,0,104,8575,102,0,104,432,0,0,0,0,0,False,False,False
2015-06-06,0,33,40,0,5,5,0,104,8599,102,0,104,432,0,0,0,0,0,False,False,False
2015-06-07,0,33,40,0,5,5,0,104,8623,102,0,104,432,0,0,0,0,0,False,False,False
2015-06-08,0,33,40,0,5,5,0,104,8647,102,0,104,432,0,0,0,0,0,False,False,False
2015-06-09,0,33,40,0,5,5,0,104,8671,102,0,104,432,0,0,0,0,0,False,False,False
2015-06-10,0,33,40,0,5,5,0,104,8695,102,0,104,432,0,0,0,0,0,False,False,False
2015-06-11,0,33,40,0,5,5,0,104,8719,102,0,104,432,0,0,0,0,0,False,False,False
2015-06-12,0,33,40,0,5,5,0,104,8743,102,0,104,432,0,0,0,0,0,False,False,False
2015-06-13,0,33,40,0,5,5,0,104,8766,102,0,104,432,0,0,0,0,0,False,False,False
2015-06-14,0,34,40,0,5,5,0,104,8791,102,0,104,432,0,0,0,0,0,False,False,False
2015-06-15,0,33,40,0,5,5,0,104,8815,102,0,104,432,0,0,0,0,0,False,False,False
2015-06-16,0,33,40,0,5,5,0,104,8839,102,0,104,432,0,0,0,0,0,False,False,False
2015-06-17,0,33,40,0,5,5,0,104,8863,102,0,104,432,0,0,0,0,0,False,False,False
2015-06-18,0,33,40,0,5,5,0,104,8887,102,0,104,432,0,0,0,0,0,False,False,False
2015-06-19,0,33,40,0,5,5,0,104,8911,102,0,104,432,0,0,0,0,0,False,False,False
2015-06-20,0,33,40,0,5,5,0,104,8935,102,0,104,432,0,0,0,0,0,False,False,False
2015-06-21,0,33,40,0,5,5,0,104,8959,102,0,104,432,0,0,0,0,0,False,False,False
2015-06-22,0,33,40,0,5,5,0,104,8983,102,0,104,432,0,0,0,0,0,False,False,False
2015-06-23,0,33,40,0,5,5,0,104,9007,102,0,104,432,0,0,0,0,0,False,False,False
2015-06-24,0,33,42,0,5,5,0,105,9031,102,0,105,432,0,0,0,0,0,False,False,False
2015-06-25,0,33,42,0,5,5,0,105,9055,102,0,105,432,0,0,0,0,0,False,False,False
2015-06-26,0,33,42,0,5,5,0,105,9079,102,0,105,432,0,0,0,0,0,False,False,False
2015-06-27,0,33,42,0,5,5,0,105,9103,102,0,105,432,0,0,0,0,0,False,False,False
2015-06-28,0,33,42,0,5,5,0,105,9127,102,0,105,432,0,0,0,0,0,False,False,False
2015-06-29,0,33,42,0,5,5,0,105,9151,102,0,105,432,0,0,0,0,0,False,False,False
2015-06-30,0,33,42,0,5,5,0,105,9175,102,0,105,432,0,0,0,0,0,False,False,False
2015-07-01,0,33,42,0,5,5,0,105,9199,102,0,105,432,0,0,0,0,0,False,False,False
2015-07-02,0,33,42,0,5,5,0,105,9223,102,0,105,432,0,0,0,0,0,False,False,False
2015-07-03,0,33,42,0,5,5,0,105,9247,102,0,105,432,0,0,0,0,0,False,False,False
2015-07-04,0,33,42,0,5,5,0,105,9271,102,0,105,432,0,0,0,0,0,False,False,False
2015-07-05,0,33,42,0,5,5,0,105,9295,102,0,105,432,0,0,0,0,0,False,False,False
2015-07-06,0,33,42,0,5,5,0,105,9318,102,0,105,432,0,0,0,0,0,False,False,False
2015-07-07,0,33,42,0,5,5,0,105,9343,102,0,105,432,0,0,0,0,0,False,False,False
2015-07-08,0,33,42,0,5,5,0,105,9367,102,0,105,432,0,0,0,0,0,False,False,False
2015-07-09,0,33,42,0,5,5,0,105,9391,102,0,105,432,0,0,0,0,0,False,False,False
2015-07-10,0,32,42,0,5,5,0,105,9415,102,0,105,432,0,0,0,0,0,False,False,False
2015-07-11,0,32,42,0,5,5,0,105,9439,102,0,105,432,0,0,0,0,0,False,False,False
2015-07-12,0,32,42,0,5,5,0,105,9463,102,0,105,432,0,0,0,0,0,False,False,False
2015-07-13,0,33,42,0,5,5,0,105,9487,102,0,105,432,0,0,0,0,0,False,False,False
2015-07-14,0,32,42,0,5,5,0,105,9511,102,0,105,432,0,0,0,0,0,False,False,False
2015-07-15,0,32,42,0,5,5,0,105,9535,102,0,105,432,0,0,0,0,0,False,False,False
2015-07-16,0,33,42,0,5,5,0,105,9559,102,0,105,432,0,0,0,0,0,False,False,False
2015-07-17,0,33,42,0,5,5,0,105,9583,102,0,105,432,0,0,0,0,0,False,False,False
2015-07-18,0,33,42,0,5,5,0,105,9607,104,0,105,432,0,0,0,0,0,False,False,False
2015-07-19,0,33,42,0,5,5,0,105,9631,104,0,105,432,0,0,0,0,0,False,False,False
2015-07-20,0,33,42,0,5,5,0,105,9655,104,0,105,432,0,0,0,0,0,False,False,False
2015-07-21,0,32,42,0,5,5,0,105,9679,104,0,105,432,0,0,0,0,0,False,False,False
2015-07-22,0,33,42,0,5,5,0,105,9703,104,0,105,432,0,0,0,0,0,False,False,False
2015-07-23,0,33,42,0,5,5,0,105,9727,104,0,105,432,0,0,0,0,0,False,False,False
2015-07-24,0,33,42,0,5,5,0,105,9751,104,0,105,432,0,0,0,0,0,False,False,False
2015-07-25,0,31,42,0,5,5,0,105,9775,104,0,105,432,0,0,0,0,0,False,False,False
2015-07-26,0,31,42,0,5,5,0,105,9799,104,0,105,432,0,0,0,0,0,False,False,False
2015-07-27,0,31,42,0,5,5,0,105,9823,104,0,105,432,0,0,0,0,0,False,False,False
2015-07-28,0,31,42,0,5,5,0,105,9847,104,0,105,432,0,0,0,0,0,False,False,False
2015-07-29,0,31,42,0,5,5,0,105,9871,104,0,105,432,0,0,0,0,0,False,False,False
2015-07-30,0,31,42,0,5,5,0,105,9895,104,0,105,432,0,0,0,0,0,False,False,False
2015-07-31,0,31,42,0,5,5,0,105,9919,104,0,105,432,0,0,0,0,0,False,False,False
2015-08-01,0,31,42,0,5,5,0,105,9943,104,0,105,432,0,0,0,0,0,False,False,False
2015-08-02,0,31,42,0,5,5,0,106,9967,104,0,106,432,0,0,0,0,0,False,False,False
2015-08-03,0,32,42,0,5,5,0,107,9991,104,0,107,432,0,0,0,0,0,False,False,False
2015-08-04,0,31,42,0,5,5,0,108,10015,104,0,108,432,0,0,0,0,0,False,False,False
2015-08-05,0,32,42,0,5,5,0,108,10039,104,0,108,432,0,0,0,0,0,False,False,False
2015-08-06,0,32,42,0,5,5,0,109,10063,104,0,109,432,0,0,0,0,0,False,False,False
2015-08-07,0,31,42,0,5,5,0,110,10087,104,0,110,432,0,0,0,0,0,False,False,False
2015-08-08,0,31,42,0,5,5,0,111,10111,104,0,111,432,0,0,0,0,0,False,False,False
2015-08-09,0,31,42,0,5,5,0,112,10135,104,0,112,432,0,0,0,0,0,False,False,False
2015-08-10,0,32,42,0,5,5,0,112,10159,104,0,112,432,0,0,0,0,0,False,False,False
2015-08-11,0,31,42,0,5,5,0,112,10183,104,0,112,432,0,0,0,0,0,False,False,False
2015-08-12,0,32,42,0,5,5,0,112,10207,104,0,112,432,0,0,0,0,0,False,False,False
2015-08-13,0,32,42,0,5,5,0,112,10231,104,0,112,432,0,0,0,0,0,False,False,False
2015-08-14,0,31,42,0,5,5,0,112,10255,104,0,112,432,0,0,0,0,0,False,False,False
2015-08-15,0,32,42,0,5,5,0,112,10279,104,0,112,432,0,0,0,0,0,False,False,False
2015-08-16,0,32,42,0,5,5,0,112,10303,104,0,112,432,0,0,0,0,0,False,False,False
2015-08-17,0,32,42,0,5,5,0,112,10327,104,0,112,432,0,0,0,0,0,False,False,False
2015-08-18,0,32,42,0,5,5,0,112,10351,104,0,112,432,0,0,0,0,0,False,False,False
2015-08-19,0,32,42,0,5,5,0,112,10375,104,0,112,432,0,0,0,0,0,False,False,False
2015-08-20,0,32,42,0,5,5,0,112,10399,104,0,112,432,0,0,0,0,0,False,False,False
2015-08-21,0,32,42,0,5,5,0,112,10423,104,0,112,432,0,0,0,0,0,False,False,False
2015-08-22,0,32,42,0,5,5,0,112,10447,104,0,112,432,0,0,0,0,0,False,False,False
2015-08-23,0,31,42,0,5,5,0,112,10471,104,0,112,432,0,0,0,0,0,False,False,False
2015-08-24,0,31,42,0,5,5,0,112,10495,104,0,112,432,0,0,0,0,0,False,False,False
2015-08-25,0,31,42,0,5,5,0,112,10519,104,0,112,432,0,0,0,0,0,False,False,False
2015-08-26,0,32,42,0,5,5,0,112,10543,104,0,112,432,0,0,0,0,0,False,False,False
2015-08-27,0,32,42,0,5,5,0,112,10566,104,0,112,432,0,0,0,0,0,False,False,False
2015-08-28,0,32,42,0,5,5,0,112,10591,104,0,112,432,0,0,0,0,0,False,False,False
2015-08-29,0,32,42,0,5,5,0,112,10615,104,0,112,432,0,0,0,0,0,False,False,False
2015-08-30,0,32,42,0,5,5,0,112,10639,104,0,112,432,0,0,0,0,0,False,False,False
2015-08-31,0,32,42,0,5,5,0,112,10663,104,0,112,432,0,0,0,0,0,False,False,False
2015-09-01,0,32,42,0,5,5,0,112,10687,104,0,112,432,0,0,0,0,0,False,False,False
2015-09-02,0,32,42,0,5,5,0,112,10711,104,0,112,432,0,0,0,0,0,False,False,False
2015-09-03,0,31,42,0,5,5,0,112,10735,104,0,112,432,0,0,0,0,0,False,False,False
2015-09-04,0,32,42,0,5,5,0,112,10759,104,0,112,432,0,0,0,0,0,False,False,False
2015-09-05,0,32,42,0,5,5,0,112,10783,104,0,112,432,0,0,0,0,0,False,False,False
2015-09-06,0,31,42,0,5,5,0,112,10807,104,0,112,432,0,0,0,0,0,False,False,False
2015-09-07,0,32,42,0,5,5,0,112,10831,104,0,112,432,0,0,0,0,0,False,False,False
2015-09-08,0,31,42,0,5,5,0,112,10855,104,0,112,432,0,0,0,0,0,False,False,False
2015-09-09,0,31,42,0,5,5,0,112,10879,104,0,112,432,0,0,0,0,0,False,False,False
2015-09-10,0,32,42,0,5,5,0,112,10903,104,0,112,432,0,0,0,0,0,False,False,False
2015-09-11,0,31,42,0,5,5,0,112,10927,104,0,112,432,0,0,0,0,0,False,False,False
2015-09-12,0,32,42,0,5,5,0,112,10951,104,0,112,432,0,0,0,0,0,False,False,False
2015-09-13,0,32,42,0,5,5,0,112,10975,104,0,112,432,0,0,0,0,0,False,False,False
2015-09-14,0,31,42,0,5,5,0,112,10999,104,0,112,432,0,0,0,0,0,False,False,False
2015-09-15,0,31,42,0,5,5,0,112,11023,104,0,112,432,0,0,0,0,0,False,False,False
2015-09-16,0,32,42,0,5,5,0,112,11047,104,0,112,432,0,0,0,0,0,False,False,False
2015-09-17,0,32,42,0,5,5,0,112,11071,104,0,112,432,0,0,0,0,0,False,False,False
2015-09-18,0,31,42,0,5,5,0,112,11095,104,0,112,432,0,0,0,0,0,False,False,False
2015-09-19,0,31,42,0,5,5,0,112,11119,104,0,112,432,0,0,0,0,0,False,False,False
2015-09-20,0,31,42,0,5,5,0,112,11143,104,0,112,432,0,0,0,0,0,False,False,False
2015-09-21,0,32,42,0,5,5,0,112,11167,104,0,112,432,0,0,0,0,0,False,False,False
2015-09-22,0,31,42,0,5,5,0,113,11191,104,0,113,432,0,0,0,0,0,False,False,False
2015-09-23,0,32,42,0,5,5,0,113,11215,104,0,113,432,0,0,0,0,0,False,False,False
2015-09-24,0,32,42,0,5,5,0,113,11239,104,0,113,432,0,0,0,0,0,False,False,False
2015-09-25,0,31,42,0,5,5,0,113,11263,104,0,113,432,0,0,0,0,0,False,False,False
2015-09-26,0,31,42,0,5,5,0,113,11287,104,0,113,432,0,0,0,0,0,False,False,False
2015-09-27,0,31,42,0,5,5,0,113,11311,104,0,113,432,0,0,0,0,0,False,False,False
2015-09-28,0,31,42,0,5,5,0,113,11335,104,0,113,432,0,0,0,0,0,False,False,False
2015-09-29,0,31,42,0,5,5,0,113,11359,104,0,113,432,0,0,0,0,0,False,False,False
2015-09-30,0,31,42,0,5,5,0,113,11383,104,0,113,432,0,0,0,0,0,False,False,False
2015-10-01,0,31,42,0,5,5,0,113,11407,104,0,113,432,0,0,0,0,0,False,False,False
2015-10-02,0,31,42,0,5,5,0,113,11431,104,0,113,432,0,0,0,0,0,False,False,False
2015-10-03,0,31,42,0,5,5,0,113,11455,104,0,113,432,0,0,0,0,0,False,False,False
2015-10-04,0,31,42,0,5,5,0,113,11479,104,0,113,432,0,0,0,0,0,False,False,False
2015-10-05,0,31,42,0,5,5,0,113,11503,104,0,113,432,0,0,0,0,0,False,False,False
2015-10-06,0,31,42,0,5,5,0,113,11527,104,0,113,432,0,0,0,0,0,False,False,False
2015-10-07,0,31,42,0,5,5,0,113,11551,104,0,113,432,0,0,0,0,0,False,False,False
2015-10-08,0,32,42,0,5,5,0,113,11575,104,0,113,432,0,0,0,0,0,False,False,False
2015-10-09,0,32,42,0,5,5,0,113,11599,104,0,113,432,0,0,0,0,0,False,False,False
2015-10-10,0,32,42,0,5,5,0,113,11623,104,0,113,432,0,0,0,0,0,False,False,False
2015-10-11,0,32,42,0,5,5,0,113,11647,104,0,113,432,0,0,0,0,0,False,False,False
2015-10-12,0,32,42,0,5,5,0,113,11671,104,0,113,432,0,0,0,0,0,False,False,False
2015-10-13,0,31,42,0,5,5,0,113,11695,104,0,113,432,0,0,0,0,0,False,False,False
2015-10-14,0,31,42,0,5,5,0,113,11719,104,0,113,432,0,0,0,0,0,False,False,False
2015-10-15,0,31,42,0,5,5,0,113,11743,104,0,113,432,0,0,0,0,0,False,False,False
2015-10-16,0,32,42,0,5,5,0,113,11767,104,0,113,432,0,0,0,0,0,False,False,False
2015-10-17,0,32,42,0,5,5,0,113,11791,104,0,113,432,0,0,0,0,0,False,False,False
2015-10-18,0,32,42,0,5,5,0,113,11815,104,0,113,432,0,0,0,0,0,False,False,False
2015-10-19,0,32,42,0,5,5,0,113,11839,104,0,113,432,0,0,0,0,0,False,False,False
2015-10-20,0,32,42,0,5,5,0,113,11863,104,0,113,432,0,0,0,0,0,False,False,False
2015-10-21,0,32,42,0,5,5,0,113,11887,104,0,113,432,0,0,0,0,0,False,False,False
2015-10-22,0,32,40,0,5,5,0,114,11911,104,0,114,432,0,0,0,0,0,False,False,False
2015-10-23,0,32,40,0,5,5,0,115,11935,104,0,115,432,0,0,0,0,0,False,False,False
2015-10-24,0,32,40,0,5,5,0,116,11959,104,0,116,432,0,0,0,0,0,False,False,False
2015-10-25,0,31,40,0,5,5,0,117,11983,104,0,117,432,0,0,0,0,0,False,False,False
2015-10-26,0,32,40,0,5,5,0,118,12007,104,0,118,432,0,0,0,0,0,False,False,False
2015-10-27,0,32,40,0,5,5,0,119,12031,104,0,119,432,0,0,0,0,0,False,False,False
2015-10-28,0,32,40,0,5,5,0,119,12055,104,0,119,432,0,0,0,0,0,False,False,False
2015-10-29,0,32,40,0,5,5,0,119,12079,104,0,119,432,0,0,0,0,0,False,False,False
2015-10-30,0,32,40,0,5,5,0,119,12103,104,0,119,432,0,0,0,0,0,False,False,False
2015-10-31,0,32,40,0,5,5,0,119,12127,104,0,119,432,0,0,0,0,0,False,False,False
2015-11-02,0,30,42,0,5,5,0,120,12176,104,0,120,432,0,0,0,0,0,False,False,False
2015-11-03,0,30,42,0,5,5,0,121,12200,104,0,121,432,0,0,0,0,0,False,False,False
2015-11-04,0,31,42,0,5,5,0,121,12224,104,0,121,432,0,0,0,0,0,False,False,False
2015-11-05,0,31,42,0,5,5,0,121,12248,104,0,121,432,0,0,0,0,0,False,False,False
2015-11-06,0,31,42,0,5,5,0,121,12272,104,0,121,432,0,0,0,0,0,False,False,False
2015-11-07,0,32,42,0,5,5,0,121,12296,104,0,121,432,0,0,0,0,0,False,False,False
2015-11-08,0,30,42,0,5,5,0,121,12320,104,0,121,432,0,0,0,0,0,False,False,False
2015-11-09,0,30,42,0,5,5,0,121,12344,104,0,121,432,0,0,0,0,0,False,False,False
2015-11-10,0,30,42,0,5,5,0,121,12368,104,0,121,432,0,0,0,0,0,False,False,False
2015-11-11,0,30,42,0,5,5,0,121,12392,104,0,121,432,0,0,0,0,0,False,False,False
2015-11-12,0,30,42,0,5,5,0,122,12416,103,0,122,432,0,0,0,0,0,False,False,False
2015-11-13,0,30,42,0,5,5,0,123,12440,103,0,123,432,0,0,0,0,0,False,False,False
2015-11-14,0,30,42,0,5,5,0,124,12464,103,0,124,432,0,0,0,0,0,False,False,False
2015-11-15,0,30,42,0,5,5,0,124,12488,103,0,124,432,0,0,0,0,0,False,False,False
2015-11-16,0,30,42,0,5,5,0,125,12512,103,0,125,432,0,0,0,0,0,False,False,False
2015-11-17,0,31,42,0,5,5,0,125,12536,103,0,125,432,0,0,0,0,0,False,False,False
2015-11-18,0,32,42,0,5,5,0,125,12560,103,0,125,432,0,0,0,0,0,False,False,False
2015-11-19,0,32,42,0,5,5,0,125,12584,103,0,125,432,0,0,0,0,0,False,False,False
2015-11-20,0,31,42,0,5,5,0,125,12608,103,0,125,432,0,0,0,0,0,False,False,False
2015-11-21,0,32,42,0,5,5,0,125,12632,103,0,125,432,0,0,0,0,0,False,False,False
2015-11-22,0,30,42,0,5,5,0,125,12656,103,0,125,432,0,0,0,0,0,False,False,False
2015-11-23,0,30,42,0,5,5,0,125,12680,103,0,125,432,0,0,0,0,0,False,False,False
2015-11-24,0,31,42,0,5,5,0,125,12704,103,0,125,432,0,0,0,0,0,False,False,False
2015-11-25,0,32,42,0,5,5,0,125,12728,103,0,125,432,0,0,0,0,0,False,False,False
2015-11-26,0,31,42,0,5,5,0,125,12752,104,0,125,432,0,0,0,0,0,False,False,False
2015-11-27,0,31,42,0,5,5,0,125,12776,104,0,125,432,0,0,0,0,0,False,False,False
2015-11-28,0,31,42,0,5,5,0,125,12800,104,0,125,432,0,0,0,0,0,False,False,False
2015-11-29,0,31,42,0,5,5,0,125,12824,104,0,125,432,0,0,0,0,0,False,False,False
2015-11-30,0,31,42,0,5,5,0,125,12848,104,0,125,432,0,0,0,0,0,False,False,False
2015-12-01,0,31,42,0,5,5,0,125,12872,104,0,125,432,0,0,0,0,0,False,False,False
2015-12-02,0,31,42,0,5,5,0,125,12896,104,0,125,432,0,0,0,0,0,False,False,False
2015-12-03,0,31,42,0,5,5,0,125,12920,104,0,125,432,0,0,0,0,0,False,False,False
2015-12-04,0,31,42,0,5,5,0,125,12944,104,0,125,432,0,0,0,0,0,False,False,False
2015-12-05,0,31,42,0,5,5,0,125,12968,104,0,125,432,0,0,0,0,0,False,False,False
2015-12-06,0,31,42,0,5,5,0,125,12992,104,0,125,432,0,0,0,0,0,False,False,False
2015-12-07,0,31,42,0,5,5,0,125,13016,104,0,125,432,0,0,0,0,0,False,False,False
2015-12-08,0,31,42,0,5,5,0,125,13040,104,0,125,432,0,0,0,0,0,False,False,False
2015-12-09,0,31,42,0,5,5,0,125,13064,104,0,125,432,0,0,0,0,0,False,False,False
2015-12-10,0,32,42,0,5,5,0,125,13088,104,0,125,432,0,0,0,0,0,False,False,False
2015-12-11,0,31,41,0,5,5,0,126,13112,104,0,126,432,0,0,0,0,0,False,False,False
2015-12-12,0,31,41,0,5,5,0,127,13136,104,0,127,432,0,0,0,0,0,False,False,False
2015-12-13,0,31,41,0,5,5,0,127,13160,104,0,127,432,0,0,0,0,0,False,False,False
2015-12-14,0,30,41,0,5,5,0,127,13184,104,0,127,432,0,0,0,0,0,False,False,False
2015-12-15,0,31,41,0,5,5,0,128,13208,102,0,128,432,0,0,0,0,0,False,False,False
2015-12-16,0,31,41,0,5,5,0,128,13232,102,0,128,432,0,0,0,0,0,False,False,False
2015-12-17,0,31,41,0,5,5,0,128,13256,102,0,128,432,0,0,0,0,0,False,False,False
2015-12-18,0,31,41,0,5,5,0,128,13280,102,0,128,432,0,0,0,0,0,False,False,False
2015-12-19,0,31,41,0,5,5,0,128,13304,102,0,128,432,0,0,0,0,0,False,False,False
2015-12-20,0,31,41,0,5,5,0,128,13328,102,0,128,432,0,0,0,0,0,False,False,False
2015-12-21,0,30,41,0,5,5,0,128,13352,102,0,128,432,0,0,0,0,0,False,False,False
2015-12-22,0,30,41,0,5,5,0,128,13376,104,0,128,432,0,0,0,0,0,False,False,False
2015-12-23,0,31,42,0,5,5,0,129,13400,104,0,129,432,0,0,0,0,0,False,False,False
2015-12-24,0,31,42,0,5,5,0,130,13424,104,0,130,432,0,0,0,0,0,False,False,False
2015-12-25,0,31,42,0,5,5,0,130,13448,104,0,130,432,0,0,0,0,0,False,False,False
2015-12-26,0,31,42,0,5,5,0,130,13472,104,0,130,432,0,0,0,0,0,False,False,False
2015-12-27,0,31,42,0,5,5,0,130,13496,104,0,130,432,0,0,0,0,0,False,False,False
2015-12-28,0,31,42,0,5,5,0,130,13520,104,0,130,432,0,0,0,0,0,False,False,False
2015-12-29,0,31,42,0,5,5,0,130,13544,104,0,130,432,0,0,0,0,0,False,False,False
2015-12-30,0,31,42,0,5,5,0,130,13568,104,0,130,432,0,0,0,0,0,False,False,False
2015-12-31,0,31,42,0,5,5,0,130,13592,104,0,130,432,0,0,0,0,0,False,False,False
2016-01-01,0,31,42,0,5,5,0,130,13616,104,0,130,432,0,0,0,0,0,False,False,False
2016-01-02,0,31,42,0,5,5,0,130,13640,104,0,130,432,0,0,0,0,0,False,False,False
2016-01-03,0,31,42,0,5,5,0,130,13664,104,0,130,432,0,0,0,0,0,False,False,False
2016-01-04,0,31,42,0,5,5,0,130,13688,104,0,130,432,0,0,0,0,0,False,False,False
2016-01-05,0,32,42,0,5,5,0,130,13712,104,0,130,432,0,0,0,0,0,False,False,False
2016-01-06,0,31,42,0,5,5,0,130,13736,104,0,130,432,0,0,0,0,0,False,False,False
2016-01-07,0,31,42,0,5,5,0,130,13760,104,0,130,432,0,0,0,0,0,False,False,False
2016-01-08,0,31,42,0,5,5,0,130,13784,104,0,130,432,0,0,0,0,0,False,False,False
2016-01-09,0,31,42,0,5,5,0,130,13808,104,0,130,432,0,0,0,0,0,False,False,False
2016-01-10,0,32,42,0,5,5,0,130,13832,104,0,130,432,0,0,0,0,0,False,False,False
2016-01-11,0,31,42,0,5,5,0,130,13856,104,0,130,432,0,0,0,0,0,False,False,False
2016-01-12,0,31,42,0,5,5,0,130,13880,104,0,130,432,0,0,0,0,0,False,False,False
2016-01-13,0,32,42,0,5,5,0,130,13904,104,0,130,432,0,0,0,0,0,False,False,False
2016-01-14,0,31,42,0,5,5,0,130,13928,104,0,130,432,0,0,0,0,0,False,False,False
2016-01-15,0,31,42,0,5,5,0,130,13952,104,0,130,432,0,0,0,0,0,False,False,False
2016-01-16,0,31,42,0,5,5,0,130,13976,104,0,130,432,0,0,0,0,0,False,False,False
2016-01-17,0,32,42,0,5,5,0,130,14000,104,0,130,432,0,0,0,0,0,False,False,False
2016-01-18,0,32,42,0,5,5,0,130,14024,104,0,130,432,0,0,0,0,0,False,False,False
2016-01-19,0,32,42,0,5,5,0,130,14048,104,0,130,432,0,0,0,0,0,False,False,False
2016-01-20,0,32,42,0,5,5,0,130,14072,104,0,130,432,0,0,0,0,0,False,False,False
2016-01-21,0,32,42,0,5,5,0,130,14096,104,0,130,432,0,0,0,0,0,False,False,False
2016-01-22,0,32,42,0,5,5,0,130,14120,104,0,130,432,0,0,0,0,0,False,False,False
2016-01-23,0,32,42,0,5,5,0,130,14144,104,0,130,432,0,0,0,0,0,False,False,False
2016-01-24,0,32,42,0,5,5,0,130,14168,104,0,130,432,0,0,0,0,0,False,False,False
2016-01-25,0,32,42,0,5,5,0,130,14192,104,0,130,432,0,0,0,0,0,False,False,False
2016-01-26,0,32,42,0,5,5,0,130,14216,104,0,130,432,0,0,0,0,0,False,False,False
2016-01-27,0,32,42,0,5,5,0,130,14240,104,0,130,432,0,0,0,0,0,False,False,False
2016-01-28,0,31,41,0,5,5,0,131,14264,104,0,131,432,0,0,0,0,0,False,False,False
2016-01-29,0,32,41,0,5,5,0,131,14288,104,0,131,432,0,0,0,0,0,False,False,False
2016-01-30,0,32,41,0,5,5,0,131,14312,104,0,131,432,0,0,0,0,0,False,False,False
2016-01-31,0,33,41,0,5,5,0,131,14336,104,0,131,432,0,0,0,0,0,False,False,False
2016-02-01,0,32,41,0,5,5,0,131,14360,104,0,131,432,0,0,0,0,0,False,False,False
2016-02-02,0,31,41,0,5,5,0,131,14384,104,0,131,432,0,0,0,0,0,False,False,False
2016-02-03,0,31,41,0,5,5,0,131,14408,104,0,131,432,0,0,0,0,0,False,False,False
2016-02-04,0,31,41,0,5,5,0,131,14432,104,0,131,432,0,0,0,0,0,False,False,False
2016-02-05,0,32,41,0,5,5,0,131,14456,104,0,131,432,0,0,0,0,0,False,False,False
2016-02-06,0,32,41,0,5,5,0,131,14480,104,0,131,432,0,0,0,0,0,False,False,False
2016-02-07,0,32,41,0,5,5,0,131,14504,104,0,131,432,0,0,0,0,0,False,False,False
2016-02-08,0,32,41,0,5,5,0,131,14528,104,0,131,432,0,0,0,0,0,False,False,False
2016-02-09,0,32,41,0,5,5,0,131,14552,104,0,131,432,0,0,0,0,0,False,False,False
2016-02-10,0,30,41,0,5,5,0,131,14576,104,0,131,432,0,0,0,0,0,False,False,False
2016-02-11,0,32,41,0,5,5,0,131,14600,104,0,131,432,0,0,0,0,0,False,False,False
2016-02-12,0,31,41,0,5,5,0,132,14624,104,0,132,432,0,0,0,0,0,False,False,False
2016-02-13,0,32,41,0,5,5,0,132,14648,104,0,132,432,0,0,0,0,0,False,False,False
2016-02-14,0,32,41,0,5,5,0,132,14672,104,0,132,432,0,0,0,0,0,False,False,False
2016-02-15,0,31,41,0,5,5,0,132,14696,104,0,132,432,0,0,0,0,0,False,False,False
2016-02-16,0,32,42,0,5,5,0,133,14720,104,0,133,432,0,0,0,0,0,False,False,False
2016-02-17,0,31,42,0,5,5,0,134,14744,104,0,134,432,0,0,0,0,0,False,False,False
2016-02-18,0,32,42,0,5,5,0,134,14768,104,0,134,432,0,0,0,0,0,False,False,False
2016-02-19,0,32,42,0,5,5,0,134,14792,104,0,134,432,0,0,0,0,0,False,False,False
2016-02-20,0,32,42,0,5,5,0,134,14816,104,0,134,432,0,0,0,0,0,False,False,False
2016-02-21,0,32,42,0,5,5,0,134,14840,104,0,134,432,0,0,0,0,0,False,False,False
2016-02-22,0,32,42,0,5,5,0,134,14864,104,0,134,432,0,0,0,0,0,False,False,False
2016-02-23,0,32,42,0,5,5,0,134,14888,104,0,134,432,0,0,0,0,0,False,False,False
2016-02-24,0,32,42,0,5,5,0,134,14911,104,0,134,432,0,0,0,0,0,False,False,False
2016-02-25,0,32,42,0,5,5,0,134,14936,104,0,134,432,0,0,0,0,0,False,False,False
2016-02-26,0,31,42,0,5,5,0,134,14960,104,0,134,432,0,0,0,0,0,False,False,False
2016-02-27,0,31,42,0,5,5,0,134,14984,104,0,134,432,0,0,0,0,0,False,False,False
2016-02-28,0,32,42,0,5,5,0,134,15008,104,0,134,432,0,0,0,0,0,False,False,False
2016-02-29,0,31,42,0,5,5,0,134,15032,104,0,134,432,0,0,0,0,0,False,False,False
2016-03-01,0,31,42,0,5,5,0,134,15056,104,0,134,432,0,0,0,0,0,False,False,False
2016-03-02,0,31,42,0,5,5,0,135,15080,104,0,135,432,0,0,0,0,0,False,False,False
2016-03-03,0,31,42,0,5,5,0,136,15104,104,0,136,432,0,0,0,0,0,False,False,False
2016-03-04,0,31,42,0,5,5,0,136,15128,104,0,136,432,0,0,0,0,0,False,False,False
2016-03-05,0,31,42,0,5,5,0,136,15152,104,0,136,432,0,0,0,0,0,False,False,False
2016-03-06,0,32,42,0,5,5,0,136,15176,104,0,136,432,0,0,0,0,0,False,False,False
2016-03-07,0,32,42,0,5,5,0,136,15200,104,0,136,432,0,0,0,0,0,False,False,False
2016-03-08,0,32,42,0,5,5,0,136,15224,104,0,136,432,0,0,0,0,0,False,False,False
2016-03-09,0,32,42,0,5,5,0,136,15248,104,0,136,432,0,0,0,0,0,False,False,False
2016-03-10,0,31,42,0,5,5,0,136,15272,104,0,136,432,0,0,0,0,0,False,False,False
2016-03-11,0,32,42,0,5,5,0,136,15296,104,0,136,432,0,0,0,0,0,False,False,False
2016-03-12,0,32,42,0,5,5,0,136,15320,104,0,136,432,0,0,0,0,0,False,False,False
2016-03-13,0,32,42,0,5,5,0,136,15344,104,0,136,432,0,0,0,0,0,False,False,False
2016-03-14,0,32,42,0,5,5,0,136,15368,104,0,136,432,0,0,0,0,0,False,False,False
2016-03-15,0,32,42,0,5,5,0,136,15391,104,0,136,432,0,0,0,0,0,False,False,False
2016-03-16,0,32,43,0,5,5,0,137,15415,104,0,137,432,0,0,0,0,0,False,False,False
2016-03-17,0,32,43,0,5,5,0,138,15439,104,0,138,432,0,0,0,0,0,False,False,False
2016-03-18,0,32,43,0,5,5,0,138,15463,104,0,138,432,0,0,0,0,0,False,False,False
2016-03-19,0,31,41,0,5,5,0,139,15487,104,0,139,432,0,0,0,0,0,False,False,False
2016-03-20,0,31,41,0,5,5,0,139,15511,104,0,139,432,0,0,0,0,0,False,False,False
2016-03-21,0,31,41,0,5,5,0,139,15535,104,0,139,432,0,0,0,0,0,False,False,False
2016-03-22,0,32,41,0,5,5,0,139,15559,104,0,139,432,0,0,0,0,0,False,False,False
2016-03-23,0,31,41,0,5,5,0,139,15582,104,0,139,432,0,0,0,0,0,False,False,False
2016-03-24,0,31,41,0,5,5,0,139,15607,104,0,139,432,0,0,0,0,0,False,False,False
2016-03-25,0,30,41,0,5,5,0,139,15631,104,0,139,432,0,0,0,0,0,False,False,False
2016-03-26,0,32,41,0,5,5,0,139,15655,104,0,139,432,0,0,0,0,0,False,False,False
2016-03-27,0,32,41,0,5,5,0,139,15679,104,0,139,432,0,0,0,0,0,False,False,False
2016-03-28,0,31,41,0,5,5,0,139,15703,104,0,139,432,0,0,0,0,0,False,False,False
2016-03-29,0,31,41,0,5,5,0,139,15727,104,0,139,432,0,0,0,0,0,False,False,False
2016-03-30,0,31,41,0,5,5,0,139,15751,104,0,139,432,0,0,0,0,0,False,False,False
2016-03-31,0,32,41,0,5,5,0,139,15775,104,0,139,432,0,0,0,0,0,False,False,False
2016-04-01,0,32,41,0,5,5,0,139,15799,104,0,139,432,0,0,0,0,0,False,False,False
2016-04-02,0,32,41,0,5,5,0,139,15823,104,0,139,432,0,0,0,0,0,False,False,False
2016-04-03,0,31,42,0,5,5,0,140,15847,104,0,140,432,0,0,0,0,0,False,False,False
2016-04-04,0,32,42,0,5,5,0,140,15871,104,0,140,432,0,0,0,0,0,False,False,False
2016-04-05,0,32,42,0,5,5,0,140,15894,104,0,140,432,0,0,0,0,0,False,False,False
2016-04-06,0,31,42,0,5,5,0,140,15919,104,0,140,432,0,0,0,0,0,False,False,False
2016-04-07,0,30,42,0,5,5,0,140,15943,104,0,140,432,0,0,0,0,0,False,False,False
2016-04-08,0,32,42,0,5,5,0,140,15967,104,0,140,432,0,0,0,0,0,False,False,False
2016-04-09,0,32,42,0,5,5,0,140,15991,104,0,140,432,0,0,0,0,0,False,False,False
2016-04-10,0,32,42,0,5,5,0,140,16015,104,0,140,432,0,0,0,0,0,False,False,False
2016-04-11,0,32,42,0,5,5,0,140,16039,104,0,140,432,0,0,0,0,0,False,False,False
2016-04-12,0,32,42,0,5,5,0,140,16063,104,0,140,432,0,0,0,0,0,False,False,False
2016-04-13,0,31,42,0,5,5,0,140,16087,104,0,140,432,0,0,0,0,0,False,False,False
2016-04-14,0,32,42,0,5,5,0,140,16111,104,0,140,432,0,0,0,0,0,False,False,False
2016-04-15,0,31,43,0,5,5,0,141,16134,104,0,141,432,0,0,0,0,0,False,False,False
2016-04-16,0,31,43,0,5,5,0,142,16159,104,0,142,432,0,0,0,0,0,False,False,False
2016-04-17,0,31,42,0,5,5,0,143,16183,104,0,143,432,0,0,0,0,0,False,False,False
2016-04-18,0,31,42,0,5,5,0,143,16207,104,0,143,432,0,0,0,0,0,False,False,False
2016-04-19,0,30,40,0,5,5,0,144,16231,104,0,144,432,0,0,0,0,0,False,False,False
2016-04-20,0,30,40,0,5,5,0,144,16255,104,0,144,432,0,0,0,0,0,False,False,False
2016-04-21,0,30,40,0,5,5,0,144,16279,104,0,144,432,0,0,0,0,0,False,False,False
2016-04-22,0,32,40,0,5,5,0,144,16303,104,0,144,432,0,0,0,0,0,False,False,False
2016-04-23,0,32,40,0,5,5,0,144,16327,104,0,144,432,0,0,0,0,0,False,False,False
2016-04-24,0,32,40,0,5,5,0,144,16351,104,0,144,432,0,0,0,0,0,False,False,False
2016-04-25,0,31,40,0,5,5,0,144,16374,104,0,144,432,0,0,0,0,0,False,False,False
2016-04-26,0,32,40,0,5,5,0,144,16399,104,0,144,432,0,0,0,0,0,False,False,False
2016-04-27,0,32,40,0,5,5,0,144,16423,104,0,144,432,0,0,0,0,0,False,False,False
2016-04-28,0,32,40,0,5,5,0,144,16446,104,0,144,432,0,0,0,0,0,False,False,False
2016-04-29,0,31,40,0,5,5,0,144,16471,104,0,144,432,0,0,0,0,0,False,False,False
2016-04-30,0,32,40,0,5,5,0,144,16495,104,0,144,432,0,0,0,0,0,False,False,False
2016-05-01,0,30,40,0,5,5,0,144,16519,104,0,144,432,0,0,0,0,0,False,False,False
2016-05-02,0,30,42,0,5,5,0,145,16543,104,0,145,432,0,0,0,0,0,False,False,False
2016-05-03,0,30,42,0,5,5,0,145,16567,104,0,145,432,0,0,0,0,0,False,False,False
2016-05-04,0,31,42,0,5,5,0,145,16591,104,0,145,432,0,0,0,0,0,False,False,False
2016-05-05,0,30,42,0,5,5,0,145,16615,104,0,145,432,0,0,0,0,0,False,False,False
2016-05-06,0,30,42,0,5,5,0,145,16639,104,0,145,432,0,0,0,0,0,False,False,False
2016-05-07,0,30,42,0,5,5,0,145,16663,104,0,145,432,0,0,0,0,0,False,False,False
2016-05-08,0,30,41,0,5,5,0,146,16687,104,0,146,432,0,0,0,0,0,False,False,False
2016-05-09,0,30,41,0,5,5,0,146,16711,104,0,146,432,0,0,0,0,0,False,False,False
2016-05-10,0,30,41,0,5,5,0,146,16735,104,0,146,432,0,0,0,0,0,False,False,False
2016-05-11,0,29,41,0,5,5,0,146,16759,104,0,146,432,0,0,0,0,0,False,False,False
2016-05-12,0,29,41,0,5,5,0,146,16783,104,0,146,432,0,0,0,0,0,False,False,False
2016-05-13,0,30,41,0,5,5,0,146,16807,104,0,146,432,0,0,0,0,0,False,False,False
2016-05-14,0,30,41,0,5,5,0,146,16831,104,0,146,432,0,0,0,0,0,False,False,False
2016-05-15,0,30,41,0,5,5,0,146,16855,104,0,146,432,0,0,0,0,0,False,False,False
2016-05-16,0,30,41,0,5,5,0,146,16879,104,0,146,432,0,0,0,0,0,False,False,False
2016-05-17,0,29,41,0,5,5,0,146,16903,104,0,146,432,0,0,0,0,0,False,False,False
2016-05-18,0,29,41,0,5,5,0,147,16926,104,0,147,432,0,0,0,0,0,False,False,False
2016-05-19,0,30,41,0,5,5,0,147,16951,104,0,147,432,0,0,0,0,0,False,False,False
2016-05-20,0,30,41,0,5,5,0,147,16975,104,0,147,432,0,0,0,0,0,False,False,False
2016-05-21,0,30,41,0,5,5,0,147,16999,104,0,147,432,0,0,0,0,0,False,False,False
2016-05-22,0,30,41,0,5,5,0,147,17023,104,0,147,432,0,0,0,0,0,False,False,False
2016-05-23,0,30,41,0,5,5,0,147,17047,104,0,147,432,0,0,0,0,0,False,False,False
2016-05-24,0,30,41,0,5,5,0,147,17071,104,0,147,432,0,0,0,0,0,False,False,False
2016-05-25,0,30,41,0,5,5,0,147,17095,104,0,147,432,0,0,0,0,0,False,False,False
2016-05-26,0,30,41,0,5,5,0,147,17119,104,0,147,432,0,0,0,0,0,False,False,False
2016-05-27,0,29,42,0,5,5,0,148,17143,104,0,148,432,0,0,0,0,0,False,False,False
2016-05-28,0,29,42,0,5,5,0,148,17166,104,0,148,432,0,0,0,0,0,False,False,False
2016-05-29,0,29,42,0,5,5,0,148,17191,104,0,148,432,0,0,0,0,0,False,False,False
2016-05-30,0,29,42,0,5,5,0,148,17215,104,0,148,432,0,0,0,0,0,False,False,False
2016-05-31,0,29,42,0,5,5,0,148,17239,104,0,148,432,0,0,0,0,0,False,False,False
2016-06-01,0,28,42,0,5,5,0,148,17263,104,0,148,432,0,0,0,0,0,False,False,False
2016-06-02,0,29,42,0,5,5,0,148,17287,104,0,148,432,0,0,0,0,0,False,False,False
2016-06-03,0,29,42,0,5,5,0,148,17311,104,0,148,432,0,0,0,0,0,False,False,False
2016-06-04,0,29,41,0,5,5,0,149,17335,104,0,149,432,0,0,0,0,0,False,False,False
2016-06-05,0,29,41,0,5,5,0,149,17359,104,0,149,432,0,0,0,0,0,False,False,False
2016-06-06,0,29,41,0,5,5,0,149,17383,104,0,149,432,0,0,0,0,0,False,False,False
2016-06-07,0,29,41,0,5,5,0,149,17407,104,0,149,432,0,0,0,0,0,False,False,False
2016-06-08,0,29,41,0,5,5,0,149,17431,104,0,149,432,0,0,0,0,0,False,False,False
2016-06-09,0,29,41,0,5,5,0,149,17455,104,0,149,432,0,0,0,0,0,False,False,False
2016-06-10,0,29,41,0,5,5,0,149,17479,104,0,149,432,0,0,0,0,0,False,False,False
2016-06-11,0,28,41,0,5,5,0,149,17503,104,0,149,432,0,0,0,0,0,False,False,False
2016-06-12,0,28,41,0,5,5,0,149,17527,104,0,149,432,0,0,0,0,0,False,False,False
2016-06-13,0,28,41,0,5,5,0,149,17551,104,0,149,432,0,0,0,0,0,False,False,False
2016-06-14,0,29,41,0,5,5,0,149,17575,104,0,149,432,0,0,0,0,0,False,False,False
2016-06-15,0,29,41,0,5,5,0,149,17599,104,0,149,432,0,0,0,0,0,False,False,False
2016-06-16,0,29,41,0,5,5,0,149,17623,104,0,149,432,0,0,0,0,0,False,False,False
2016-06-17,0,29,41,0,5,5,0,150,17647,104,0,150,432,0,0,0,0,0,False,False,False
2016-06-18,0,28,41,0,5,5,0,151,17671,104,0,151,432,0,0,0,0,0,False,False,False
2016-06-19,0,28,41,0,5,5,0,151,17695,104,0,151,432,0,0,0,0,0,False,False,False
2016-06-20,0,28,41,0,5,5,0,152,17719,104,0,152,432,0,0,0,0,0,False,False,False
2016-06-21,0,28,42,0,5,5,0,153,17743,102,0,153,432,0,0,0,0,0,False,False,False
2016-06-22,0,28,41,0,5,5,0,154,17767,102,0,154,432,0,0,0,0,0,False,False,False
2016-06-23,0,28,41,0,5,5,0,154,17791,102,0,154,432,0,0,0,0,0,False,False,False
2016-06-24,0,27,41,0,5,5,0,154,17815,102,0,154,432,0,0,0,0,0,False,False,False
2016-06-25,0,28,41,0,5,5,0,154,17839,104,0,154,432,0,0,0,0,0,False,False,False
2016-06-26,0,28,42,0,5,5,0,155,17864,104,0,155,432,0,0,0,0,0,False,False,False
2016-06-27,0,27,42,0,5,5,0,155,17887,104,0,155,432,0,0,0,0,0,False,False,False
2016-06-28,0,27,41,0,5,5,0,156,17911,104,0,156,432,0,0,0,0,0,False,False,False
2016-06-29,0,27,41,0,5,5,0,156,17935,104,0,156,432,0,0,0,0,0,False,False,False
2016-06-30,0,28,41,0,5,5,0,156,17959,104,0,156,432,0,0,0,0,0,False,False,False
