date,failure,Smart 194: Temperature_Celsius (Raw Value),Smart 8: Seek_Time_Performance (Raw Value),Smart 1: Raw_Read_Error_Rate (Raw Value),Smart 12: Power_Cycle_Count (Raw Value),Smart 4: Start_Stop_Count (Raw Value),Smart 10: Spin_Retry_Count (Raw Value),Smart 192: Power-Off_Retract_Count (Raw Value),Smart 9: Power_On_Hours (Raw Value),Smart 2: Throughput_Performance (Raw Value),Smart 7: Seek_Error_Rate (Raw Value),Smart 193: Load_Cycle_Count (Raw Value),Smart 3: Spin_Up_Time (Raw Value),Smart 5: Reallocated_Sector_Ct (Raw Value),Smart 197: Current_Pending_Sector (Raw Value),Smart 198: Offline_Uncorrectable (Raw Value),Smart 199: UDMA_CRC_Error_Count (Raw Value),Smart 196: Reallocated_Event_Count (Raw Value),op_fail_30,op_fail_15,op_fail_1
2014-06-19,0,29,42,0,1,1,0,2,32,106,0,2,0,0,0,0,0,0,False,False,False
2014-06-20,0,29,42,0,1,1,0,3,57,106,0,3,0,0,0,0,0,0,False,False,False
2014-06-21,0,29,42,0,1,1,0,4,80,106,0,4,0,0,0,0,0,0,False,False,False
2014-06-22,0,29,42,0,1,1,0,5,104,106,0,5,0,0,0,0,0,0,False,False,False
2014-06-23,0,29,42,0,1,1,0,6,129,106,0,6,0,0,0,0,0,0,False,False,False
2014-06-24,0,28,42,0,1,1,0,7,153,106,0,7,0,0,0,0,0,0,False,False,False
2014-06-25,0,29,42,0,1,1,0,7,176,106,0,7,0,0,0,0,0,0,False,False,False
2014-06-26,0,29,42,0,1,1,0,8,201,106,0,8,0,0,0,0,0,0,False,False,False
2014-06-27,0,29,42,0,1,1,0,9,225,106,0,9,0,0,0,0,0,0,False,False,False
2014-06-28,0,29,42,0,1,1,0,10,248,106,0,10,0,0,0,0,0,0,False,False,False
2014-06-29,0,29,42,0,1,1,0,11,272,106,0,11,0,0,0,0,0,0,False,False,False
2014-06-30,0,29,42,0,1,1,0,12,297,106,0,12,0,0,0,0,0,0,False,False,False
2014-07-01,0,29,42,0,1,1,0,13,320,106,0,13,0,0,0,0,0,0,False,False,False
2014-07-02,0,29,42,0,1,1,0,14,344,106,0,14,0,0,0,0,0,0,False,False,False
2014-07-03,0,29,42,0,1,1,0,15,369,106,0,15,0,0,0,0,0,0,False,False,False
2014-07-04,0,29,42,0,1,1,0,16,392,106,0,16,0,0,0,0,0,0,False,False,False
2014-07-05,0,29,42,0,1,1,0,17,416,106,0,17,0,0,0,0,0,0,False,False,False
2014-07-06,0,29,42,0,1,1,0,18,441,106,0,18,0,0,0,0,0,0,False,False,False
2014-07-07,0,28,42,0,1,1,0,19,465,106,0,19,0,0,0,0,0,0,False,False,False
2014-07-08,0,29,42,0,1,1,0,20,488,106,0,20,0,0,0,0,0,0,False,False,False
2014-07-09,0,28,42,0,1,1,0,21,512,106,0,21,0,0,0,0,0,0,False,False,False
2014-07-10,0,30,42,0,1,1,0,22,537,106,0,22,0,0,0,0,0,0,False,False,False
2014-07-11,0,30,42,0,1,1,0,23,560,106,0,23,0,0,0,0,0,0,False,False,False
2014-07-12,0,30,42,0,1,1,0,23,584,106,0,23,0,0,0,0,0,0,False,False,False
2014-07-13,0,30,42,0,1,1,0,23,609,106,0,23,0,0,0,0,0,0,False,False,False
2014-07-14,0,30,42,0,1,1,0,23,632,106,0,23,0,0,0,0,0,0,False,False,False
2014-07-15,0,30,42,0,1,1,0,23,656,106,0,23,0,0,0,0,0,0,False,False,False
2014-07-16,0,31,42,0,1,1,0,23,680,106,0,23,0,0,0,0,0,0,False,False,False
2014-07-17,0,31,42,0,1,1,0,23,705,106,0,23,0,0,0,0,0,0,False,False,False
2014-07-18,0,31,42,0,1,1,0,23,728,106,0,23,0,0,0,0,0,0,False,False,False
2014-07-19,0,29,42,0,1,1,0,23,752,106,0,23,0,0,0,0,0,0,False,False,False
2014-07-20,0,29,42,0,1,1,0,23,777,106,0,23,0,0,0,0,0,0,False,False,False
2014-07-21,0,28,42,0,1,1,0,23,800,106,0,23,0,0,0,0,0,0,False,False,False
2014-07-22,0,26,42,0,1,1,0,23,824,106,0,23,0,0,0,0,0,0,False,False,False
2014-07-23,0,26,42,0,1,1,0,23,849,106,0,23,0,0,0,0,0,0,False,False,False
2014-07-24,0,26,42,0,1,1,0,23,872,106,0,23,0,0,0,0,0,0,False,False,False
2014-07-25,0,26,42,0,1,1,0,23,896,106,0,23,0,0,0,0,0,0,False,False,False
2014-07-26,0,25,42,0,1,1,0,23,921,106,0,23,0,0,0,0,0,0,False,False,False
2014-07-27,0,26,42,0,1,1,0,23,945,106,0,23,0,0,0,0,0,0,False,False,False
2014-07-28,0,26,42,0,1,1,0,23,968,106,0,23,0,0,0,0,0,0,False,False,False
2014-07-29,0,26,42,0,1,1,0,23,993,106,0,23,0,0,0,0,0,0,False,False,False
2014-07-30,0,25,42,0,1,1,0,23,1017,106,0,23,0,0,0,0,0,0,False,False,False
2014-07-31,0,25,42,0,1,1,0,23,1040,106,0,23,0,0,0,0,0,0,False,False,False
2014-08-01,0,25,42,0,1,1,0,23,1064,106,0,23,0,0,0,0,0,0,False,False,False
2014-08-02,0,25,42,0,1,1,0,23,1089,106,0,23,0,0,0,0,0,0,False,False,False
2014-08-03,0,25,42,0,1,1,0,23,1112,106,0,23,0,0,0,0,0,0,False,False,False
2014-08-04,0,25,42,0,1,1,0,23,1136,106,0,23,0,0,0,0,0,0,False,False,False
2014-08-05,0,25,42,0,1,1,0,23,1161,106,0,23,0,0,0,0,0,0,False,False,False
2014-08-06,0,25,42,0,1,1,0,23,1185,106,0,23,0,0,0,0,0,0,False,False,False
2014-08-07,0,25,42,0,1,1,0,23,1208,106,0,23,0,0,0,0,0,0,False,False,False
2014-08-08,0,25,42,0,1,1,0,23,1233,106,0,23,0,0,0,0,0,0,False,False,False
2014-08-09,0,25,42,0,1,1,0,23,1257,106,0,23,0,0,0,0,0,0,False,False,False
2014-08-10,0,28,42,0,1,1,0,23,1280,106,0,23,0,0,0,0,0,0,False,False,False
2014-08-11,0,29,42,0,1,1,0,23,1304,106,0,23,0,0,0,0,0,0,False,False,False
2014-08-12,0,28,42,0,1,1,0,23,1329,106,0,23,0,0,0,0,0,0,False,False,False
2014-08-13,0,27,42,0,1,1,0,24,1352,107,0,24,0,0,0,0,0,0,False,False,False
2014-08-14,0,26,42,0,1,1,0,25,1376,107,0,25,0,0,0,0,0,0,False,False,False
2014-08-15,0,26,42,0,1,1,0,26,1401,107,0,26,0,0,0,0,0,0,False,False,False
2014-08-16,0,26,42,0,1,1,0,26,1425,107,0,26,0,0,0,0,0,0,False,False,False
2014-08-17,0,25,42,0,1,1,0,27,1448,107,0,27,0,0,0,0,0,0,False,False,False
2014-08-18,0,26,42,0,1,1,0,28,1473,107,0,28,0,0,0,0,0,0,False,False,False
2014-08-19,0,26,42,0,1,1,0,29,1497,107,0,29,0,0,0,0,0,0,False,False,False
2014-08-20,0,25,42,0,1,1,0,30,1520,107,0,30,0,0,0,0,0,0,False,False,False
2014-08-21,0,26,42,0,1,1,0,30,1544,107,0,30,0,0,0,0,0,0,False,False,False
2014-08-22,0,25,42,0,1,1,0,31,1569,107,0,31,0,0,0,0,0,0,False,False,False
2014-08-23,0,25,42,0,1,1,0,31,1592,107,0,31,0,0,0,0,0,0,False,False,False
2014-08-24,0,25,42,0,1,1,0,32,1616,107,0,32,0,0,0,0,0,0,False,False,False
2014-08-25,0,26,42,0,1,1,0,33,1641,107,0,33,0,0,0,0,0,0,False,False,False
2014-08-26,0,28,42,0,1,1,0,33,1665,107,0,33,0,0,0,0,0,0,False,False,False
2014-08-27,0,28,42,0,1,1,0,34,1688,107,0,34,0,0,0,0,0,0,False,False,False
2014-08-28,0,28,42,0,1,1,0,35,1712,106,0,35,0,0,0,0,0,0,False,False,False
2014-08-29,0,26,42,0,1,1,0,36,1737,106,0,36,0,0,0,0,0,0,False,False,False
2014-08-30,0,27,42,0,1,1,0,36,1760,106,0,36,0,0,0,0,0,0,False,False,False
2014-08-31,0,27,42,0,1,1,0,37,1784,106,0,37,0,0,0,0,0,0,False,False,False
2014-09-01,0,27,42,0,1,1,0,38,1809,106,0,38,0,0,0,0,0,0,False,False,False
2014-09-02,0,27,42,0,1,1,0,38,1833,106,0,38,0,0,0,0,0,0,False,False,False
2014-09-03,0,26,42,0,1,1,0,39,1856,106,0,39,0,0,0,0,0,0,False,False,False
2014-09-04,0,26,42,0,1,1,0,39,1881,106,0,39,0,0,0,0,0,0,False,False,False
2014-09-05,0,27,42,0,1,1,0,40,1905,106,0,40,0,0,0,0,0,0,False,False,False
2014-09-06,0,26,42,0,1,1,0,41,1928,106,0,41,0,0,0,0,0,0,False,False,False
2014-09-07,0,26,42,0,1,1,0,41,1952,106,0,41,0,0,0,0,0,0,False,False,False
2014-09-08,0,27,42,0,1,1,0,42,1977,106,0,42,0,0,0,0,0,0,False,False,False
2014-09-09,0,26,42,0,1,1,0,43,2000,106,0,43,0,0,0,0,0,0,False,False,False
2014-09-10,0,26,42,0,1,1,0,44,2024,106,0,44,0,0,0,0,0,0,False,False,False
2014-09-11,0,27,42,0,1,1,0,44,2049,106,0,44,0,0,0,0,0,0,False,False,False
2014-09-12,0,27,42,0,1,1,0,45,2072,106,0,45,0,0,0,0,0,0,False,False,False
2014-09-13,0,28,42,0,1,1,0,45,2096,106,0,45,0,0,0,0,0,0,False,False,False
2014-09-14,0,28,42,0,1,1,0,46,2121,106,0,46,0,0,0,0,0,0,False,False,False
2014-09-15,0,28,42,0,1,1,0,47,2145,106,0,47,0,0,0,0,0,0,False,False,False
2014-09-16,0,28,42,0,1,1,0,47,2168,106,0,47,0,0,0,0,0,0,False,False,False
2014-09-17,0,28,42,0,1,1,0,48,2193,106,0,48,0,0,0,0,0,0,False,False,False
2014-09-18,0,28,42,0,1,1,0,49,2217,106,0,49,0,0,0,0,0,0,False,False,False
2014-09-19,0,28,42,0,1,1,0,50,2240,106,0,50,0,0,0,0,0,0,False,False,False
2014-09-20,0,28,42,0,1,1,0,50,2265,106,0,50,0,0,0,0,0,0,False,False,False
2014-09-21,0,28,42,0,1,1,0,51,2289,106,0,51,0,0,0,0,0,0,False,False,False
2014-09-22,0,28,42,0,1,1,0,52,2312,106,0,52,0,0,0,0,0,0,False,False,False
2014-09-23,0,28,42,0,1,1,0,53,2336,106,0,53,0,0,0,0,0,0,False,False,False
2014-09-24,0,24,42,0,1,1,0,54,2361,106,0,54,0,0,0,0,0,0,False,False,False
2014-09-25,0,26,42,0,1,1,0,55,2385,106,0,55,0,0,0,0,0,0,False,False,False
2014-09-26,0,27,42,0,1,1,0,56,2408,106,0,56,0,0,0,0,0,0,False,False,False
2014-09-27,0,27,42,0,1,1,0,56,2433,106,0,56,0,0,0,0,0,0,False,False,False
2014-09-28,0,26,42,0,1,1,0,57,2457,106,0,57,0,0,0,0,0,0,False,False,False
2014-09-29,0,27,42,0,1,1,0,58,2480,106,0,58,0,0,0,0,0,0,False,False,False
2014-09-30,0,26,42,0,1,1,0,58,2504,106,0,58,0,0,0,0,0,0,False,False,False
2014-10-01,0,27,42,0,1,1,0,59,2529,106,0,59,0,0,0,0,0,0,False,False,False
2014-10-02,0,26,42,0,1,1,0,60,2552,106,0,60,0,0,0,0,0,0,False,False,False
2014-10-03,0,26,42,0,1,1,0,60,2577,106,0,60,0,0,0,0,0,0,False,False,False
2014-10-04,0,26,42,0,1,1,0,60,2601,106,0,60,0,0,0,0,0,0,False,False,False
2014-10-05,0,26,42,0,1,1,0,61,2625,106,0,61,0,0,0,0,0,0,False,False,False
2014-10-06,0,26,42,0,1,1,0,62,2648,106,0,62,0,0,0,0,0,0,False,False,False
2014-10-07,0,26,42,0,1,1,0,63,2673,106,0,63,0,0,0,0,0,0,False,False,False
2014-10-08,0,26,42,0,1,1,0,64,2697,106,0,64,0,0,0,0,0,0,False,False,False
2014-10-09,0,27,42,0,1,1,0,65,2720,106,0,65,0,0,0,0,0,0,False,False,False
2014-10-10,0,28,42,0,1,1,0,66,2744,106,0,66,0,0,0,0,0,0,False,False,False
2014-10-11,0,27,42,0,1,1,0,66,2769,106,0,66,0,0,0,0,0,0,False,False,False
2014-10-12,0,27,42,0,1,1,0,67,2792,106,0,67,0,0,0,0,0,0,False,False,False
2014-10-13,0,27,42,0,1,1,0,68,2816,106,0,68,0,0,0,0,0,0,False,False,False
2014-10-14,0,27,42,0,1,1,0,68,2841,106,0,68,0,0,0,0,0,0,False,False,False
2014-10-15,0,27,42,0,1,1,0,68,2864,106,0,68,0,0,0,0,0,0,False,False,False
2014-10-16,0,27,42,0,1,1,0,68,2888,106,0,68,0,0,0,0,0,0,False,False,False
2014-10-17,0,27,42,0,1,1,0,68,2913,106,0,68,0,0,0,0,0,0,False,False,False
2014-10-18,0,27,42,0,1,1,0,68,2937,106,0,68,0,0,0,0,0,0,False,False,False
2014-10-19,0,27,42,0,1,1,0,68,2960,106,0,68,0,0,0,0,0,0,False,False,False
2014-10-20,0,27,42,0,1,1,0,68,2984,106,0,68,0,0,0,0,0,0,False,False,False
2014-10-21,0,27,42,0,1,1,0,68,3009,106,0,68,0,0,0,0,0,0,False,False,False
2014-10-22,0,27,42,0,1,1,0,68,3032,106,0,68,0,0,0,0,0,0,False,False,False
2014-10-23,0,27,42,0,1,1,0,68,3057,106,0,68,0,0,0,0,0,0,False,False,False
2014-10-24,0,27,42,0,1,1,0,68,3081,106,0,68,0,0,0,0,0,0,False,False,False
2014-10-25,0,27,42,0,1,1,0,68,3104,106,0,68,0,0,0,0,0,0,False,False,False
2014-10-26,0,27,42,0,1,1,0,68,3128,106,0,68,0,0,0,0,0,0,False,False,False
2014-10-27,0,27,42,0,1,1,0,68,3153,106,0,68,0,0,0,0,0,0,False,False,False
2014-10-28,0,27,42,0,1,1,0,68,3177,106,0,68,0,0,0,0,0,0,False,False,False
2014-10-29,0,27,42,0,1,1,0,68,3200,107,0,68,0,0,0,0,0,0,False,False,False
2014-10-30,0,27,42,0,1,1,0,69,3225,107,0,69,0,0,0,0,0,0,False,False,False
2014-10-31,0,27,42,0,1,1,0,70,3249,107,0,70,0,0,0,0,0,0,False,False,False
2014-11-01,0,27,42,0,1,1,0,70,3272,107,0,70,0,0,0,0,0,0,False,False,False
2014-11-03,0,27,42,0,1,1,0,71,3321,107,0,71,0,0,0,0,0,0,False,False,False
2014-11-04,0,27,42,0,1,1,0,72,3345,107,0,72,0,0,0,0,0,0,False,False,False
2014-11-05,0,26,42,0,1,1,0,73,3370,107,0,73,0,0,0,0,0,0,False,False,False
2014-11-06,0,27,42,0,1,1,0,73,3394,107,0,73,0,0,0,0,0,0,False,False,False
2014-11-07,0,27,42,0,1,1,0,73,3417,107,0,73,0,0,0,0,0,0,False,False,False
2014-11-08,0,27,42,0,1,1,0,73,3442,107,0,73,0,0,0,0,0,0,False,False,False
2014-11-09,0,27,42,0,1,1,0,73,3466,107,0,73,0,0,0,0,0,0,False,False,False
2014-11-10,0,27,42,0,1,1,0,73,3489,107,0,73,0,0,0,0,0,0,False,False,False
2014-11-11,0,27,42,0,1,1,0,73,3513,107,0,73,0,0,0,0,0,0,False,False,False
2014-11-12,0,27,42,0,1,1,0,73,3538,107,0,73,0,0,0,0,0,0,False,False,False
2014-11-13,0,27,42,0,1,1,0,73,3561,107,0,73,0,0,0,0,0,0,False,False,False
2014-11-14,0,27,42,0,1,1,0,73,3585,107,0,73,0,0,0,0,0,0,False,False,False
2014-11-15,0,27,42,0,1,1,0,73,3610,107,0,73,0,0,0,0,0,0,False,False,False
2014-11-16,0,27,42,0,1,1,0,73,3634,107,0,73,0,0,0,0,0,0,False,False,False
2014-11-17,0,27,42,0,1,1,0,73,3657,107,0,73,0,0,0,0,0,0,False,False,False
2014-11-18,0,27,42,0,1,1,0,73,3682,107,0,73,0,0,0,0,0,0,False,False,False
2014-11-19,0,27,42,0,1,1,0,73,3706,107,0,73,0,0,0,0,0,0,False,False,False
2014-11-20,0,27,42,0,1,1,0,73,3729,107,0,73,0,0,0,0,0,0,False,False,False
2014-11-21,0,27,42,0,1,1,0,73,3753,107,0,73,0,0,0,0,0,0,False,False,False
2014-11-22,0,27,42,0,1,1,0,73,3778,107,0,73,0,0,0,0,0,0,False,False,False
2014-11-23,0,27,42,0,1,1,0,73,3801,107,0,73,0,0,0,0,0,0,False,False,False
2014-11-24,0,27,42,0,1,1,0,73,3825,107,0,73,0,0,0,0,0,0,False,False,False
2014-11-25,0,27,42,0,1,1,0,73,3850,107,0,73,0,0,0,0,0,0,False,False,False
2014-11-26,0,27,42,0,1,1,0,73,3874,107,0,73,0,0,0,0,0,0,False,False,False
2014-11-27,0,26,42,0,1,1,0,73,3897,107,0,73,0,0,0,0,0,0,False,False,False
2014-11-28,0,26,42,0,1,1,0,73,3922,107,0,73,0,0,0,0,0,0,False,False,False
2014-11-29,0,26,42,0,1,1,0,73,3946,107,0,73,0,0,0,0,0,0,False,False,False
2014-11-30,0,26,42,0,1,1,0,73,3969,107,0,73,0,0,0,0,0,0,False,False,False
2014-12-01,0,26,42,0,1,1,0,73,3994,107,0,73,0,0,0,0,0,0,False,False,False
2014-12-02,0,27,42,0,1,1,0,73,4018,107,0,73,0,0,0,0,0,0,False,False,False
2014-12-03,0,27,42,0,1,1,0,73,4041,107,0,73,0,0,0,0,0,0,False,False,False
2014-12-04,0,26,42,0,1,1,0,73,4066,107,0,73,0,0,0,0,0,0,False,False,False
2014-12-05,0,26,42,0,1,1,0,73,4090,107,0,73,0,0,0,0,0,0,False,False,False
2014-12-06,0,26,42,0,1,1,0,73,4113,107,0,73,0,0,0,0,0,0,False,False,False
2014-12-07,0,26,42,0,1,1,0,73,4137,107,0,73,0,0,0,0,0,0,False,False,False
2014-12-08,0,26,42,0,1,1,0,73,4162,107,0,73,0,0,0,0,0,0,False,False,False
2014-12-09,0,26,42,0,1,1,0,73,4186,107,0,73,0,0,0,0,0,0,False,False,False
2014-12-10,0,26,42,0,1,1,0,73,4209,107,0,73,0,0,0,0,0,0,False,False,False
2014-12-11,0,27,42,0,1,1,0,73,4234,107,0,73,0,0,0,0,0,0,False,False,False
2014-12-12,0,27,42,0,1,1,0,73,4258,107,0,73,0,0,0,0,0,0,False,False,False
2014-12-13,0,27,42,0,1,1,0,73,4281,107,0,73,0,0,0,0,0,0,False,False,False
2014-12-14,0,27,42,0,1,1,0,73,4305,107,0,73,0,0,0,0,0,0,False,False,False
2014-12-15,0,27,42,0,1,1,0,73,4330,107,0,73,0,0,0,0,0,0,False,False,False
2014-12-16,0,27,42,0,1,1,0,73,4353,107,0,73,0,0,0,0,0,0,False,False,False
2014-12-17,0,27,42,0,1,1,0,73,4377,107,0,73,0,0,0,0,0,0,False,False,False
2014-12-18,0,27,42,0,1,1,0,73,4402,107,0,73,0,0,0,0,0,0,False,False,False
2014-12-19,0,27,42,0,1,1,0,73,4426,107,0,73,0,0,0,0,0,0,False,False,False
2014-12-20,0,27,42,0,1,1,0,73,4449,107,0,73,0,0,0,0,0,0,False,False,False
2014-12-21,0,25,42,0,1,1,0,73,4474,107,0,73,0,0,0,0,0,0,False,False,False
2014-12-22,0,27,42,0,1,1,0,73,4498,107,0,73,0,0,0,0,0,0,False,False,False
2014-12-23,0,27,42,0,1,1,0,73,4521,107,0,73,0,0,0,0,0,0,False,False,False
2014-12-24,0,27,42,0,1,1,0,73,4546,107,0,73,0,0,0,0,0,0,False,False,False
2014-12-25,0,27,42,0,1,1,0,73,4570,107,0,73,0,0,0,0,0,0,False,False,False
2014-12-26,0,27,42,0,1,1,0,73,4593,107,0,73,0,0,0,0,0,0,False,False,False
2014-12-27,0,27,42,0,1,1,0,73,4618,107,0,73,0,0,0,0,0,0,False,False,False
2014-12-28,0,27,42,0,1,1,0,73,4642,107,0,73,0,0,0,0,0,0,False,False,False
2014-12-29,0,27,42,0,1,1,0,73,4666,107,0,73,0,0,0,0,0,0,False,False,False
2014-12-30,0,27,42,0,1,1,0,73,4689,107,0,73,0,0,0,0,0,0,False,False,False
2014-12-31,0,27,42,0,1,1,0,73,4714,107,0,73,0,0,0,0,0,0,False,False,False
2015-01-01,0,27,42,0,1,1,0,73,4738,107,0,73,0,0,0,0,0,0,False,False,False
2015-01-02,0,27,42,0,1,1,0,73,4761,107,0,73,0,0,0,0,0,0,False,False,False
2015-01-03,0,27,42,0,1,1,0,73,4786,107,0,73,0,0,0,0,0,0,False,False,False
2015-01-04,0,27,42,0,1,1,0,73,4810,107,0,73,0,0,0,0,0,0,False,False,False
2015-01-05,0,27,42,0,1,1,0,73,4833,107,0,73,0,0,0,0,0,0,False,False,False
2015-01-06,0,27,42,0,1,1,0,73,4858,107,0,73,0,0,0,0,0,0,False,False,False
2015-01-07,0,27,42,0,1,1,0,73,4882,107,0,73,0,0,0,0,0,0,False,False,False
2015-01-08,0,27,42,0,1,1,0,73,4905,107,0,73,0,0,0,0,0,0,False,False,False
2015-01-09,0,27,42,0,1,1,0,73,4930,107,0,73,0,0,0,0,0,0,False,False,False
2015-01-10,0,27,42,0,1,1,0,73,4954,107,0,73,0,0,0,0,0,0,False,False,False
2015-01-11,0,27,42,0,1,1,0,73,4978,107,0,73,0,0,0,0,0,0,False,False,False
2015-01-12,0,27,42,0,1,1,0,73,5001,107,0,73,0,0,0,0,0,0,False,False,False
2015-01-13,0,26,42,0,1,1,0,73,5026,107,0,73,0,0,0,0,0,0,False,False,False
2015-01-14,0,26,42,0,1,1,0,73,5050,107,0,73,0,0,0,0,0,0,False,False,False
2015-01-15,0,26,42,0,1,1,0,74,5074,107,0,74,0,0,0,0,0,0,False,False,False
2015-01-16,0,26,42,0,1,1,0,75,5097,107,0,75,0,0,0,0,0,0,False,False,False
2015-01-17,0,26,42,0,1,1,0,76,5122,107,0,76,0,0,0,0,0,0,False,False,False
2015-01-18,0,26,42,0,1,1,0,76,5146,107,0,76,0,0,0,0,0,0,False,False,False
2015-01-19,0,26,42,0,1,1,0,76,5169,107,0,76,0,0,0,0,0,0,False,False,False
2015-01-20,0,26,42,0,1,1,0,76,5194,107,0,76,0,0,0,0,0,0,False,False,False
2015-01-21,0,26,42,0,1,1,0,76,5218,107,0,76,0,0,0,0,0,0,False,False,False
2015-01-22,0,26,42,0,1,1,0,76,5241,107,0,76,0,0,0,0,0,0,False,False,False
2015-01-23,0,25,42,0,1,1,0,76,5266,107,0,76,0,0,0,0,0,0,False,False,False
2015-01-24,0,26,42,0,1,1,0,76,5290,107,0,76,0,0,0,0,0,0,False,False,False
2015-01-25,0,26,42,0,1,1,0,76,5313,107,0,76,0,0,0,0,0,0,False,False,False
2015-01-26,0,26,42,0,1,1,0,76,5338,107,0,76,0,0,0,0,0,0,False,False,False
2015-01-27,0,26,42,0,1,1,0,76,5362,107,0,76,0,0,0,0,0,0,False,False,False
2015-01-28,0,26,42,0,1,1,0,76,5386,107,0,76,0,0,0,0,0,0,False,False,False
2015-01-29,0,26,42,0,1,1,0,76,5409,107,0,76,0,0,0,0,0,0,False,False,False
2015-01-30,0,26,42,0,1,1,0,76,5434,107,0,76,0,0,0,0,0,0,False,False,False
2015-01-31,0,26,42,0,1,1,0,76,5458,107,0,76,0,0,0,0,0,0,False,False,False
2015-02-01,0,26,42,0,1,1,0,76,5481,107,0,76,0,0,0,0,0,0,False,False,False
2015-02-02,0,26,42,0,1,1,0,76,5506,107,0,76,0,0,0,0,0,0,False,False,False
2015-02-03,0,26,42,0,1,1,0,76,5530,107,0,76,0,0,0,0,0,0,False,False,False
2015-02-04,0,26,42,0,1,1,0,76,5553,107,0,76,0,0,0,0,0,0,False,False,False
2015-02-05,0,26,42,0,1,1,0,76,5578,107,0,76,0,0,0,0,0,0,False,False,False
2015-02-06,0,26,42,0,1,1,0,76,5602,107,0,76,0,0,0,0,0,0,False,False,False
2015-02-07,0,26,42,0,1,1,0,76,5626,107,0,76,0,0,0,0,0,0,False,False,False
2015-02-08,0,26,42,0,1,1,0,76,5649,107,0,76,0,0,0,0,0,0,False,False,False
2015-02-09,0,26,42,0,1,1,0,76,5674,107,0,76,0,0,0,0,0,0,False,False,False
2015-02-10,0,26,42,0,1,1,0,76,5698,107,0,76,0,0,0,0,0,0,False,False,False
2015-02-11,0,26,42,0,1,1,0,76,5721,107,0,76,0,0,0,0,0,0,False,False,False
2015-02-12,0,26,42,0,1,1,0,76,5746,107,0,76,0,0,0,0,0,0,False,False,False
2015-02-13,0,26,42,0,1,1,0,76,5770,107,0,76,0,0,0,0,0,0,False,False,False
2015-02-14,0,26,42,0,1,1,0,76,5793,107,0,76,0,0,0,0,0,0,False,False,False
2015-02-15,0,26,42,0,1,1,0,76,5818,107,0,76,0,0,0,0,0,0,False,False,False
2015-02-16,0,26,42,0,1,1,0,76,5842,107,0,76,0,0,0,0,0,0,False,False,False
2015-02-17,0,25,42,0,1,1,0,76,5866,107,0,76,0,0,0,0,0,0,False,False,False
2015-02-18,0,26,42,0,1,1,0,76,5890,107,0,76,0,0,0,0,0,0,False,False,False
2015-02-19,0,25,42,0,1,1,0,76,5914,107,0,76,0,0,0,0,0,0,False,False,False
2015-02-20,0,25,42,0,1,1,0,76,5938,107,0,76,0,0,0,0,0,0,False,False,False
2015-02-21,0,26,42,0,1,1,0,76,5961,107,0,76,0,0,0,0,0,0,False,False,False
2015-02-22,0,25,42,0,1,1,0,76,5986,107,0,76,0,0,0,0,0,0,False,False,False
2015-02-23,0,25,42,0,1,1,0,76,6010,107,0,76,0,0,0,0,0,0,False,False,False
2015-02-24,0,25,42,0,1,1,0,76,6033,107,0,76,0,0,0,0,0,0,False,False,False
2015-02-25,0,25,42,0,1,1,0,76,6058,107,0,76,0,0,0,0,0,0,False,False,False
2015-02-26,0,26,42,0,1,1,0,76,6082,107,0,76,0,0,0,0,0,0,False,False,False
2015-02-27,0,26,42,0,1,1,0,76,6106,107,0,76,0,0,0,0,0,0,False,False,False
2015-02-28,0,25,42,0,1,1,0,76,6129,107,0,76,0,0,0,0,0,0,False,False,False
2015-03-01,0,26,42,0,1,1,0,76,6154,107,0,76,0,0,0,0,0,0,False,False,False
2015-03-02,0,26,42,0,1,1,0,76,6178,107,0,76,0,0,0,0,0,0,False,False,False
2015-03-03,0,26,42,0,1,1,0,76,6201,107,0,76,0,0,0,0,0,0,False,False,False
2015-03-04,0,25,42,0,1,1,0,76,6226,107,0,76,0,0,0,0,0,0,False,False,False
2015-03-05,0,26,42,0,1,1,0,76,6250,107,0,76,0,0,0,0,0,0,False,False,False
2015-03-06,0,26,42,0,1,1,0,76,6273,107,0,76,0,0,0,0,0,0,False,False,False
2015-03-07,0,26,42,0,1,1,0,76,6298,107,0,76,0,0,0,0,0,0,False,False,False
2015-03-08,0,25,42,0,1,1,0,76,6322,107,0,76,0,0,0,0,0,0,False,False,False
2015-03-09,0,25,42,0,1,1,0,76,6346,107,0,76,0,0,0,0,0,0,False,False,False
2015-03-10,0,25,42,0,1,1,0,76,6369,107,0,76,0,0,0,0,0,0,False,False,False
2015-03-11,0,26,42,0,1,1,0,76,6392,107,0,76,0,0,0,0,0,0,False,False,False
2015-03-12,0,26,42,0,1,1,0,76,6417,107,0,76,0,0,0,0,0,0,False,False,False
2015-03-13,0,26,42,0,1,1,0,76,6441,107,0,76,0,0,0,0,0,0,False,False,False
2015-03-14,0,26,42,0,1,1,0,76,6464,107,0,76,0,0,0,0,0,0,False,False,False
2015-03-15,0,26,42,0,1,1,0,76,6489,107,0,76,0,0,0,0,0,0,False,False,False
2015-03-16,0,26,42,0,1,1,0,76,6513,107,0,76,0,0,0,0,0,0,False,False,False
2015-03-17,0,26,42,0,1,1,0,76,6536,107,0,76,0,0,0,0,0,0,False,False,False
2015-03-18,0,26,42,0,1,1,0,76,6561,107,0,76,0,0,0,0,0,0,False,False,False
2015-03-19,0,27,42,0,1,1,0,76,6585,107,0,76,0,0,0,0,0,0,False,False,False
2015-03-20,0,27,42,0,1,1,0,76,6609,107,0,76,0,0,0,0,0,0,False,False,False
2015-03-21,0,26,42,0,1,1,0,76,6633,107,0,76,0,0,0,0,0,0,False,False,False
2015-03-22,0,27,42,0,1,1,0,76,6657,107,0,76,0,0,0,0,0,0,False,False,False
2015-03-23,0,26,42,0,1,1,0,76,6681,107,0,76,0,0,0,0,0,0,False,False,False
2015-03-24,0,26,42,0,1,1,0,76,6704,107,0,76,0,0,0,0,0,0,False,False,False
2015-03-25,0,27,42,0,1,1,0,76,6729,107,0,76,0,0,0,0,0,0,False,False,False
2015-03-26,0,27,42,0,1,1,0,76,6753,107,0,76,0,0,0,0,0,0,False,False,False
2015-03-27,0,27,42,0,1,1,0,76,6776,107,0,76,0,0,0,0,0,0,False,False,False
2015-03-28,0,27,42,0,1,1,0,76,6801,107,0,76,0,0,0,0,0,0,False,False,False
2015-03-29,0,26,42,0,1,1,0,76,6825,107,0,76,0,0,0,0,0,0,False,False,False
2015-03-30,0,27,42,0,1,1,0,76,6849,107,0,76,0,0,0,0,0,0,False,False,False
2015-03-31,0,27,42,0,1,1,0,76,6872,107,0,76,0,0,0,0,0,0,False,False,False
2015-04-01,0,27,42,0,1,1,0,76,6897,107,0,76,0,0,0,0,0,0,False,False,False
2015-04-02,0,27,42,0,1,1,0,76,6921,107,0,76,0,0,0,0,0,0,False,False,False
2015-04-03,0,27,42,0,1,1,0,76,6944,107,0,76,0,0,0,0,0,0,False,False,False
2015-04-04,0,27,42,0,1,1,0,76,6969,107,0,76,0,0,0,0,0,0,False,False,False
2015-04-05,0,27,42,0,1,1,0,76,6993,107,0,76,0,0,0,0,0,0,False,False,False
2015-04-06,0,26,42,0,1,1,0,76,7016,107,0,76,0,0,0,0,0,0,False,False,False
2015-04-07,0,26,42,0,1,1,0,76,7041,107,0,76,0,0,0,0,0,0,False,False,False
2015-04-08,0,29,42,0,1,1,0,76,7065,107,0,76,0,0,0,0,0,0,False,False,False
2015-04-09,0,30,42,0,1,1,0,76,7088,107,0,76,0,0,0,0,0,0,False,False,False
2015-04-10,0,30,42,0,1,1,0,76,7113,107,0,76,0,0,0,0,0,0,False,False,False
2015-04-11,0,27,42,0,1,1,0,76,7137,107,0,76,0,0,0,0,0,0,False,False,False
2015-04-12,0,27,42,0,1,1,0,76,7161,107,0,76,0,0,0,0,0,0,False,False,False
2015-04-13,0,27,42,0,1,1,0,76,7185,107,0,76,0,0,0,0,0,0,False,False,False
2015-04-14,0,27,42,0,1,1,0,76,7209,107,0,76,0,0,0,0,0,0,False,False,False
2015-04-15,0,27,42,0,1,1,0,76,7233,107,0,76,0,0,0,0,0,0,False,False,False
2015-04-16,0,27,42,0,1,1,0,76,7257,107,0,76,0,0,0,0,0,0,False,False,False
2015-04-17,0,27,42,0,1,1,0,76,7281,107,0,76,0,0,0,0,0,0,False,False,False
2015-04-18,0,26,42,0,1,1,0,76,7305,107,0,76,0,0,0,0,0,0,False,False,False
2015-04-19,0,26,42,0,1,1,0,76,7328,107,0,76,0,0,0,0,0,0,False,False,False
2015-04-20,0,27,42,0,1,1,0,76,7353,107,0,76,0,0,0,0,0,0,False,False,False
2015-04-21,0,27,42,0,1,1,0,76,7377,107,0,76,0,0,0,0,0,0,False,False,False
2015-04-22,0,27,42,0,1,1,0,76,7401,107,0,76,0,0,0,0,0,0,False,False,False
2015-04-23,0,26,42,0,1,1,0,76,7425,107,0,76,0,0,0,0,0,0,False,False,False
2015-04-24,0,27,42,0,1,1,0,76,7449,107,0,76,0,0,0,0,0,0,False,False,False
2015-04-25,0,27,42,0,1,1,0,76,7473,107,0,76,0,0,0,0,0,0,False,False,False
2015-04-26,0,26,42,0,1,1,0,76,7496,107,0,76,0,0,0,0,0,0,False,False,False
2015-04-27,0,27,42,0,1,1,0,76,7521,107,0,76,0,0,0,0,0,0,False,False,False
2015-04-28,0,26,42,0,1,1,0,76,7545,107,0,76,0,0,0,0,0,0,False,False,False
2015-04-29,0,26,42,0,1,1,0,76,7568,107,0,76,0,0,0,0,0,0,False,False,False
2015-04-30,0,26,42,0,1,1,0,76,7593,107,0,76,0,0,0,0,0,0,False,False,False
2015-05-01,0,26,42,0,1,1,0,76,7617,107,0,76,0,0,0,0,0,0,False,False,False
2015-05-02,0,28,42,0,1,1,0,76,7641,107,0,76,0,0,0,0,0,0,False,False,False
2015-05-03,0,28,42,0,1,1,0,76,7664,107,0,76,0,0,0,0,0,0,False,False,False
2015-05-04,0,28,42,0,1,1,0,76,7689,107,0,76,0,0,0,0,0,0,False,False,False
2015-05-05,0,29,42,0,1,1,0,76,7713,107,0,76,0,0,0,0,0,0,False,False,False
2015-05-06,0,28,42,0,1,1,0,77,7737,107,0,77,0,0,0,0,0,0,False,False,False
2015-05-07,0,28,42,0,1,1,0,77,7760,107,0,77,0,0,0,0,0,0,False,False,False
2015-05-08,0,29,42,0,1,1,0,77,7785,107,0,77,0,0,0,0,0,0,False,False,False
2015-05-09,0,28,42,0,1,1,0,77,7809,107,0,77,0,0,0,0,0,0,False,False,False
2015-05-10,0,28,42,0,1,1,0,77,7833,107,0,77,0,0,0,0,0,0,False,False,False
2015-05-11,0,29,42,0,1,1,0,77,7857,107,0,77,0,0,0,0,0,0,False,False,False
2015-05-12,0,29,42,0,1,1,0,77,7881,107,0,77,0,0,0,0,0,0,False,False,False
2015-05-13,0,29,42,0,1,1,0,77,7904,107,0,77,0,0,0,0,0,0,False,False,False
2015-05-14,0,29,42,0,1,1,0,77,7929,107,0,77,0,0,0,0,0,0,False,False,False
2015-05-15,0,28,42,0,1,1,0,77,7953,107,0,77,0,0,0,0,0,0,False,False,False
2015-05-16,0,29,42,0,1,1,0,77,7976,107,0,77,0,0,0,0,0,0,False,False,False
2015-05-17,0,28,42,0,1,1,0,77,8001,107,0,77,0,0,0,0,0,0,False,False,False
2015-05-18,0,29,42,0,1,1,0,77,8025,107,0,77,0,0,0,0,0,0,False,False,False
2015-05-19,0,29,42,0,1,1,0,77,8049,107,0,77,0,0,0,0,0,0,False,False,False
2015-05-20,0,29,42,0,1,1,0,77,8073,108,0,77,0,0,0,0,0,0,False,False,False
2015-05-21,0,28,42,0,1,1,0,77,8097,108,0,77,0,0,0,0,0,0,False,False,False
2015-05-22,0,27,42,0,1,1,0,77,8121,108,0,77,0,0,0,0,0,0,False,False,False
2015-05-23,0,27,42,0,1,1,0,77,8144,108,0,77,0,0,0,0,0,0,False,False,False
2015-05-24,0,27,42,0,1,1,0,77,8169,108,0,77,0,0,0,0,0,0,False,False,False
2015-05-25,0,26,42,0,1,1,0,77,8193,108,0,77,0,0,0,0,0,0,False,False,False
2015-05-26,0,27,42,0,1,1,0,77,8216,108,0,77,0,0,0,0,0,0,False,False,False
2015-05-27,0,27,42,0,1,1,0,77,8241,108,0,77,0,0,0,0,0,0,False,False,False
2015-05-28,0,27,42,0,1,1,0,77,8265,108,0,77,0,0,0,0,0,0,False,False,False
2015-05-29,0,27,42,0,1,1,0,77,8289,108,0,77,0,0,0,0,0,0,False,False,False
2015-05-30,0,28,42,0,1,1,0,77,8312,108,0,77,0,0,0,0,0,0,False,False,False
2015-05-31,0,27,42,1,1,1,0,77,8337,108,0,77,0,0,0,0,0,0,False,False,False
2015-06-01,0,27,42,0,1,1,0,77,8361,108,0,77,0,0,0,0,0,0,False,False,False
2015-06-02,0,27,42,0,1,1,0,77,8384,108,0,77,0,0,0,0,0,0,False,False,False
2015-06-03,0,27,42,0,1,1,0,77,8409,108,0,77,0,0,0,0,0,0,False,False,False
2015-06-04,0,24,42,0,1,1,0,77,8433,108,0,77,0,0,0,0,0,0,False,False,False
2015-06-05,0,25,42,0,1,1,0,77,8456,108,0,77,0,0,0,0,0,0,False,False,False
2015-06-06,0,25,42,0,1,1,0,77,8481,108,0,77,0,0,0,0,0,0,False,False,False
2015-06-07,0,25,42,0,1,1,0,77,8505,108,0,77,0,0,0,0,0,0,False,False,False
2015-06-08,0,25,42,0,1,1,0,77,8529,108,0,77,0,0,0,0,0,0,False,False,False
2015-06-09,0,25,42,0,1,1,0,77,8553,108,0,77,0,0,0,0,0,0,False,False,False
2015-06-10,0,26,42,0,1,1,0,77,8577,108,0,77,0,0,0,0,0,0,False,False,False
2015-06-11,0,24,42,0,1,1,0,77,8601,108,0,77,0,0,0,0,0,0,False,False,False
2015-06-12,0,26,42,0,1,1,0,77,8625,108,0,77,0,0,0,0,0,0,False,False,False
2015-06-13,0,25,42,0,1,1,0,77,8649,108,0,77,0,0,0,0,0,0,False,False,False
2015-06-14,0,26,42,0,1,1,0,77,8673,108,0,77,0,0,0,0,0,0,False,False,False
2015-06-15,0,25,42,0,1,1,0,77,8696,108,0,77,0,0,0,0,0,0,False,False,False
2015-06-16,0,25,42,0,1,1,0,77,8721,108,0,77,0,0,0,0,0,0,False,False,False
2015-06-17,0,25,42,0,1,1,0,77,8745,108,0,77,0,0,0,0,0,0,False,False,False
2015-06-18,0,25,42,0,1,1,0,77,8769,108,0,77,0,0,0,0,0,0,False,False,False
2015-06-19,0,24,42,0,1,1,0,77,8793,108,0,77,0,0,0,0,0,0,False,False,False
2015-06-20,0,25,42,0,1,1,0,77,8817,108,0,77,0,0,0,0,0,0,False,False,False
2015-06-21,0,25,42,0,1,1,0,77,8841,108,0,77,0,0,0,0,0,0,False,False,False
2015-06-22,0,24,42,0,1,1,0,77,8865,108,0,77,0,0,0,0,0,0,False,False,False
2015-06-23,0,24,42,0,1,1,0,77,8889,108,0,77,0,0,0,0,0,0,False,False,False
2015-06-24,0,25,42,0,1,1,0,77,8913,108,0,77,0,0,0,0,0,0,False,False,False
2015-06-25,0,24,42,0,1,1,0,77,8936,108,0,77,0,0,0,0,0,0,False,False,False
2015-06-26,0,24,41,0,1,1,0,78,8961,108,0,78,0,0,0,0,0,0,False,False,False
2015-06-27,0,25,41,0,1,1,0,78,8985,108,0,78,0,0,0,0,0,0,False,False,False
2015-06-28,0,25,41,0,1,1,0,78,9008,108,0,78,0,0,0,0,0,0,False,False,False
2015-06-29,0,25,41,0,1,1,0,78,9033,108,0,78,0,0,0,0,0,0,False,False,False
2015-06-30,0,25,41,0,1,1,0,78,9057,108,0,78,0,0,0,0,0,0,False,False,False
2015-07-01,0,25,41,0,1,1,0,78,9081,108,0,78,0,0,0,0,0,0,False,False,False
2015-07-02,0,25,41,0,1,1,0,78,9105,108,0,78,0,0,0,0,0,0,False,False,False
2015-07-03,0,25,41,0,1,1,0,78,9129,108,0,78,0,0,0,0,0,0,False,False,False
2015-07-04,0,25,41,0,1,1,0,78,9153,108,0,78,0,0,0,0,0,0,False,False,False
2015-07-05,0,24,41,0,1,1,0,78,9177,108,0,78,0,0,0,0,0,0,False,False,False
2015-07-06,0,25,41,0,1,1,0,78,9201,108,0,78,0,0,0,0,0,0,False,False,False
2015-07-07,0,24,41,0,1,1,0,78,9225,108,0,78,0,0,0,0,0,0,False,False,False
2015-07-08,0,24,41,0,1,1,0,78,9248,108,0,78,0,0,0,0,0,0,False,False,False
2015-07-09,0,24,41,0,1,1,0,78,9273,108,0,78,0,0,0,0,0,0,False,False,False
2015-07-10,0,24,41,0,1,1,0,78,9297,108,0,78,0,0,0,0,0,0,False,False,False
2015-07-11,0,25,41,0,1,1,0,78,9320,108,0,78,0,0,0,0,0,0,False,False,False
2015-07-12,0,24,41,0,1,1,0,78,9345,108,0,78,0,0,0,0,0,0,False,False,False
2015-07-13,0,24,41,0,1,1,0,78,9369,108,0,78,0,0,0,0,0,0,False,False,False
2015-07-14,0,24,41,0,1,1,0,78,9393,108,0,78,0,0,0,0,0,0,False,False,False
2015-07-15,0,24,41,0,1,1,0,78,9417,108,0,78,0,0,0,0,0,0,False,False,False
2015-07-16,0,24,41,0,1,1,0,78,9441,108,0,78,0,0,0,0,0,0,False,False,False
2015-07-17,0,24,41,0,1,1,0,78,9465,108,0,78,0,0,0,0,0,0,False,False,False
2015-07-18,0,23,41,0,1,1,0,78,9488,108,0,78,0,0,0,0,0,0,False,False,False
2015-07-19,0,24,41,0,1,1,0,79,9513,108,0,79,0,0,0,0,0,0,False,False,False
2015-07-20,0,24,41,0,1,1,0,80,9537,108,0,80,0,0,0,0,0,0,False,False,False
2015-07-21,0,23,41,0,1,1,0,80,9561,108,0,80,0,0,0,0,0,0,False,False,False
2015-07-22,0,23,41,0,1,1,0,81,9584,108,0,81,0,0,0,0,0,0,False,False,False
2015-07-23,0,23,41,0,1,1,0,81,9609,108,0,81,0,0,0,0,0,0,False,False,False
2015-07-24,0,23,41,0,1,1,0,81,9633,108,0,81,0,0,0,0,0,0,False,False,False
2015-07-25,0,25,41,0,1,1,0,81,9657,108,0,81,0,0,0,0,0,0,False,False,False
2015-07-26,0,25,41,0,1,1,0,81,9681,108,0,81,0,0,0,0,0,0,False,False,False
2015-07-27,0,25,41,0,1,1,0,81,9705,108,0,81,0,0,0,0,0,0,False,False,False
2015-07-28,0,24,41,0,1,1,0,81,9729,108,0,81,0,0,0,0,0,0,False,False,False
2015-07-29,0,25,41,0,1,1,0,81,9753,108,0,81,0,0,0,0,0,0,False,False,False
2015-07-30,0,25,41,0,1,1,0,81,9777,108,0,81,0,0,0,0,0,0,False,False,False
2015-07-31,0,25,41,0,1,1,0,81,9801,107,0,81,0,0,0,0,0,0,False,False,False
2015-08-01,0,25,41,0,1,1,0,81,9824,107,0,81,0,0,0,0,0,0,False,False,False
2015-08-02,0,25,41,0,1,1,0,81,9849,107,0,81,0,0,0,0,0,0,False,False,False
2015-08-03,0,25,41,0,1,1,0,81,9873,107,0,81,0,0,0,0,0,0,False,False,False
2015-08-04,0,25,41,0,1,1,0,81,9897,107,0,81,0,0,0,0,0,0,False,False,False
2015-08-05,0,25,41,0,1,1,0,81,9921,107,0,81,0,0,0,0,0,0,False,False,False
2015-08-06,0,25,41,0,1,1,0,81,9945,107,0,81,0,0,0,0,0,0,False,False,False
2015-08-07,0,25,41,0,1,1,0,81,9969,107,0,81,0,0,0,0,0,0,False,False,False
2015-08-08,0,25,41,0,1,1,0,81,9993,107,0,81,0,0,0,0,0,0,False,False,False
2015-08-09,0,25,41,0,1,1,0,81,10017,107,0,81,0,0,0,0,0,0,False,False,False
2015-08-10,0,25,41,0,1,1,0,81,10041,107,0,81,0,0,0,0,0,0,False,False,False
2015-08-11,0,25,41,0,1,1,0,81,10064,107,0,81,0,0,0,0,0,0,False,False,False
2015-08-12,0,25,41,0,1,1,0,81,10089,107,0,81,0,0,0,0,0,0,False,False,False
2015-08-13,0,25,41,0,1,1,0,81,10113,107,0,81,0,0,0,0,0,0,False,False,False
2015-08-14,0,25,41,0,1,1,0,81,10137,107,0,81,0,0,0,0,0,0,False,False,False
2015-08-15,0,25,41,0,1,1,0,81,10160,107,0,81,0,0,0,0,0,0,False,False,False
2015-08-16,0,25,41,0,1,1,0,81,10185,107,0,81,0,0,0,0,0,0,False,False,False
2015-08-17,0,25,41,0,1,1,0,81,10209,107,0,81,0,0,0,0,0,0,False,False,False
2015-08-18,0,25,41,0,1,1,0,81,10233,107,0,81,0,0,0,0,0,0,False,False,False
2015-08-19,0,25,42,0,1,1,0,82,10257,107,0,82,0,0,0,0,0,0,False,False,False
2015-08-20,0,25,42,0,1,1,0,82,10281,107,0,82,0,0,0,0,0,0,False,False,False
2015-08-21,0,26,42,0,1,1,0,83,10305,107,0,83,0,0,0,0,0,0,False,False,False
2015-08-22,0,26,42,0,1,1,0,84,10329,107,0,84,0,0,0,0,0,0,False,False,False
2015-08-23,0,25,42,0,1,1,0,84,10353,107,0,84,0,0,0,0,0,0,False,False,False
2015-08-24,0,25,42,0,1,1,0,84,10377,107,0,84,0,0,0,0,0,0,False,False,False
2015-08-25,0,25,42,0,1,1,0,84,10401,107,0,84,0,0,0,0,0,0,False,False,False
2015-08-26,0,25,42,0,1,1,0,84,10425,107,0,84,0,0,0,0,0,0,False,False,False
2015-08-27,0,25,42,0,1,1,0,84,10449,107,0,84,0,0,0,0,0,0,False,False,False
2015-08-28,0,25,42,0,1,1,0,84,10473,107,0,84,0,0,0,0,0,0,False,False,False
2015-08-29,0,25,42,0,1,1,0,84,10497,107,0,84,0,0,0,0,0,0,False,False,False
2015-08-30,0,25,42,0,1,1,0,84,10521,107,0,84,0,0,0,0,0,0,False,False,False
2015-08-31,0,25,42,0,1,1,0,84,10545,107,0,84,0,0,0,0,0,0,False,False,False
2015-09-01,0,25,42,0,1,1,0,84,10568,107,0,84,0,0,0,0,0,0,False,False,False
2015-09-02,0,25,42,0,1,1,0,84,10593,107,0,84,0,0,0,0,0,0,False,False,False
2015-09-03,0,25,42,0,1,1,0,84,10617,107,0,84,0,0,0,0,0,0,False,False,False
2015-09-04,0,25,42,0,1,1,0,84,10641,107,0,84,0,0,0,0,0,0,False,False,False
2015-09-05,0,25,42,0,1,1,0,84,10665,107,0,84,0,0,0,0,0,0,False,False,False
2015-09-06,0,25,42,0,1,1,0,84,10689,107,0,84,0,0,0,0,0,0,False,False,False
2015-09-07,0,25,42,0,1,1,0,84,10713,107,0,84,0,0,0,0,0,0,False,False,False
2015-09-08,0,25,42,0,1,1,0,84,10737,108,0,84,0,0,0,0,0,0,False,False,False
2015-09-09,0,25,42,0,1,1,0,84,10761,108,0,84,0,0,0,0,0,0,False,False,False
2015-09-10,0,25,42,0,1,1,0,84,10785,108,0,84,0,0,0,0,0,0,False,False,False
2015-09-11,0,25,42,0,1,1,0,84,10809,108,0,84,0,0,0,0,0,0,False,False,False
2015-09-12,0,25,42,0,1,1,0,84,10833,108,0,84,0,0,0,0,0,0,False,False,False
2015-09-13,0,25,42,0,1,1,0,84,10857,108,0,84,0,0,0,0,0,0,False,False,False
2015-09-14,0,25,42,0,1,1,0,84,10881,108,0,84,0,0,0,0,0,0,False,False,False
2015-09-15,0,25,42,0,1,1,0,84,10905,108,0,84,0,0,0,0,0,0,False,False,False
2015-09-16,0,25,41,0,1,1,0,85,10929,108,0,85,0,0,0,0,0,0,False,False,False
2015-09-17,0,25,41,0,1,1,0,85,10953,108,0,85,0,0,0,0,0,0,False,False,False
2015-09-18,0,25,41,0,1,1,0,85,10977,108,0,85,0,0,0,0,0,0,False,False,False
2015-09-19,0,25,41,0,1,1,0,85,11001,108,0,85,0,0,0,0,0,0,False,False,False
2015-09-20,0,25,41,0,1,1,0,85,11025,108,0,85,0,0,0,0,0,0,False,False,False
2015-09-21,0,25,41,0,1,1,0,85,11049,108,0,85,0,0,0,0,0,0,False,False,False
2015-09-22,0,25,42,0,2,2,0,86,11073,106,0,86,0,0,0,0,0,0,False,False,False
2015-09-23,0,25,42,0,2,2,0,87,11097,107,0,87,0,0,0,0,0,0,False,False,False
2015-09-24,0,24,42,0,2,2,0,88,11121,107,0,88,0,0,0,0,0,0,False,False,False
2015-09-25,0,24,42,0,2,2,0,89,11145,107,0,89,0,0,0,0,0,0,False,False,False
2015-09-26,0,24,42,0,2,2,0,90,11169,106,0,90,0,0,0,0,0,0,False,False,False
2015-09-27,0,25,42,0,2,2,0,91,11193,107,0,91,0,0,0,0,0,0,False,False,False
2015-09-28,0,24,42,0,2,2,0,92,11216,106,0,92,0,0,0,0,0,0,False,False,False
2015-09-29,0,25,42,0,2,2,0,93,11241,106,0,93,0,0,0,0,0,0,False,False,False
2015-09-30,0,25,40,0,2,2,0,94,11265,107,0,94,0,0,0,0,0,0,False,False,False
2015-10-01,0,24,42,0,2,2,0,95,11288,106,0,95,0,0,0,0,0,0,False,False,False
2015-10-02,0,25,42,0,2,2,0,96,11313,106,0,96,0,0,0,0,0,0,False,False,False
2015-10-03,0,25,42,0,2,2,0,97,11336,106,0,97,0,0,0,0,0,0,False,False,False
2015-10-04,0,25,42,0,2,2,0,97,11361,108,0,97,0,0,0,0,0,0,False,False,False
2015-10-05,0,25,43,0,2,2,0,98,11385,108,0,98,0,0,0,0,0,0,False,False,False
2015-10-06,0,25,43,0,2,2,0,98,11409,108,0,98,0,0,0,0,0,0,False,False,False
2015-10-07,0,25,43,0,2,2,0,98,11433,108,0,98,0,0,0,0,0,0,False,False,False
2015-10-08,0,24,43,0,2,2,0,98,11457,108,0,98,0,0,0,0,0,0,False,False,False
2015-10-09,0,23,43,0,2,2,0,98,11481,108,0,98,0,0,0,0,0,0,False,False,False
2015-10-10,0,24,43,0,2,2,0,98,11505,108,0,98,0,0,0,0,0,0,False,False,False
2015-10-11,0,24,43,0,2,2,0,98,11529,108,0,98,0,0,0,0,0,0,False,False,False
2015-10-12,0,23,43,0,2,2,0,98,11553,108,0,98,0,0,0,0,0,0,False,False,False
2015-10-13,0,24,43,0,2,2,0,98,11576,108,0,98,0,0,0,0,0,0,False,False,False
2015-10-14,0,23,43,0,2,2,0,98,11601,108,0,98,0,0,0,0,0,0,False,False,False
2015-10-15,0,23,43,0,2,2,0,98,11625,108,0,98,0,0,0,0,0,0,False,False,False
2015-10-16,0,23,43,0,2,2,0,98,11649,108,0,98,0,0,0,0,0,0,False,False,False
2015-10-17,0,23,43,0,2,2,0,98,11673,108,0,98,0,0,0,0,0,0,False,False,False
2015-10-18,0,24,43,0,2,2,0,98,11697,108,0,98,0,0,0,0,0,0,False,False,False
2015-10-19,0,23,43,0,2,2,0,98,11721,108,0,98,0,0,0,0,0,0,False,False,False
2015-10-20,0,23,43,0,2,2,0,98,11745,108,0,98,0,0,0,0,0,0,False,False,False
2015-10-21,0,23,43,0,2,2,0,98,11769,108,0,98,0,0,0,0,0,0,False,False,False
2015-10-22,0,23,43,0,2,2,0,98,11793,108,0,98,0,0,0,0,0,0,False,False,False
2015-10-23,0,23,43,0,2,2,0,98,11817,108,0,98,0,0,0,0,0,0,False,False,False
2015-10-24,0,24,43,0,2,2,0,98,11840,108,0,98,0,0,0,0,0,0,False,False,False
2015-10-25,0,23,43,0,2,2,0,98,11865,108,0,98,0,0,0,0,0,0,False,False,False
2015-10-26,0,24,43,0,2,2,0,98,11889,108,0,98,0,0,0,0,0,0,False,False,False
2015-10-27,0,24,43,0,2,2,0,98,11913,108,0,98,0,0,0,0,0,0,False,False,False
2015-10-28,0,23,43,0,2,2,0,98,11937,108,0,98,0,0,0,0,0,0,False,False,False
2015-10-29,0,23,43,0,2,2,0,98,11961,108,0,98,0,0,0,0,0,0,False,False,False
2015-10-30,0,23,43,0,2,2,0,98,11985,108,0,98,0,0,0,0,0,0,False,False,False
2015-10-31,0,23,43,0,2,2,0,98,12009,108,0,98,0,0,0,0,0,0,False,False,False
2015-11-02,0,25,42,0,2,2,0,99,12057,108,0,99,0,0,0,0,0,0,False,False,False
2015-11-03,0,24,42,0,2,2,0,99,12082,108,0,99,0,0,0,0,0,0,False,False,False
2015-11-04,0,25,42,0,2,2,0,99,12106,108,0,99,0,0,0,0,0,0,False,False,False
2015-11-05,0,25,42,0,2,2,0,99,12129,108,0,99,0,0,0,0,0,0,False,False,False
2015-11-06,0,25,42,0,2,2,0,99,12154,108,0,99,0,0,0,0,0,0,False,False,False
2015-11-07,0,25,42,0,2,2,0,99,12178,108,0,99,0,0,0,0,0,0,False,False,False
2015-11-08,0,25,42,0,2,2,0,99,12202,108,0,99,0,0,0,0,0,0,False,False,False
2015-11-09,0,25,42,0,2,2,0,99,12226,108,0,99,0,0,0,0,0,0,False,False,False
2015-11-10,0,24,42,0,2,2,0,99,12250,108,0,99,0,0,0,0,0,0,False,False,False
2015-11-11,0,24,42,0,2,2,0,99,12274,108,0,99,0,0,0,0,0,0,False,False,False
2015-11-12,0,24,42,0,2,2,0,100,12297,108,0,100,0,0,0,0,0,0,False,False,False
2015-11-13,0,24,42,65536,2,2,0,100,12322,108,0,100,0,0,0,0,0,0,False,False,False
2015-11-14,0,24,42,0,2,2,0,100,12346,108,0,100,0,0,0,0,0,0,False,False,False
2015-11-15,0,25,42,0,2,2,0,100,12369,108,0,100,0,0,0,0,0,0,False,False,False
2015-11-16,0,25,41,0,2,2,0,101,12394,108,0,101,0,0,0,0,0,0,False,False,False
2015-11-17,0,25,41,0,2,2,0,101,12418,108,0,101,0,0,0,0,0,0,False,False,False
2015-11-18,0,25,41,0,2,2,0,101,12442,108,0,101,0,0,0,0,0,0,False,False,False
2015-11-19,0,25,41,0,2,2,0,101,12466,108,0,101,0,0,0,0,0,0,False,False,False
2015-11-20,0,26,41,0,2,2,0,101,12490,108,0,101,0,0,0,0,0,0,False,False,False
2015-11-21,0,26,41,0,2,2,0,101,12514,108,0,101,0,0,0,0,0,0,False,False,False
2015-11-22,0,26,41,0,2,2,0,101,12538,108,0,101,0,0,0,0,0,0,False,False,False
2015-11-23,0,25,41,0,2,2,0,101,12562,108,0,101,0,0,0,0,0,0,False,False,False
2015-11-24,0,26,41,0,2,2,0,101,12586,108,0,101,0,0,0,0,0,0,False,False,False
2015-11-25,0,24,41,0,2,2,0,101,12609,108,0,101,0,0,0,0,0,0,False,False,False
2015-11-26,0,25,41,0,2,2,0,101,12634,108,0,101,0,0,0,0,0,0,False,False,False
2015-11-27,0,25,41,0,2,2,0,101,12658,108,0,101,0,0,0,0,0,0,False,False,False
2015-11-28,0,24,41,0,2,2,0,101,12681,108,0,101,0,0,0,0,0,0,False,False,False
2015-11-29,0,25,41,0,2,2,0,101,12706,108,0,101,0,0,0,0,0,0,False,False,False
2015-11-30,0,25,42,0,2,2,0,102,12730,108,0,102,0,0,0,0,0,0,False,False,False
2015-12-01,0,24,42,0,2,2,0,102,12754,108,0,102,0,0,0,0,0,0,False,False,False
2015-12-02,0,25,42,0,2,2,0,102,12778,108,0,102,0,0,0,0,0,0,False,False,False
2015-12-03,0,25,42,0,2,2,0,102,12802,108,0,102,0,0,0,0,0,0,False,False,False
2015-12-04,0,25,42,0,2,2,0,102,12826,108,0,102,0,0,0,0,0,0,False,False,False
2015-12-05,0,24,42,0,2,2,0,102,12849,108,0,102,0,0,0,0,0,0,False,False,False
2015-12-06,0,24,42,0,2,2,0,102,12874,108,0,102,0,0,0,0,0,0,False,False,False
2015-12-07,0,25,42,0,2,2,0,102,12898,108,0,102,0,0,0,0,0,0,False,False,False
2015-12-08,0,25,42,0,2,2,0,102,12922,108,0,102,0,0,0,0,0,0,False,False,False
2015-12-09,0,25,42,0,2,2,0,103,12946,108,0,103,0,0,0,0,0,0,False,False,False
2015-12-10,0,25,42,0,2,2,0,104,12970,108,0,104,0,0,0,0,0,0,False,False,False
2015-12-11,0,24,42,0,2,2,0,104,12994,108,0,104,0,0,0,0,0,0,False,False,False
2015-12-12,0,24,42,0,2,2,0,104,13018,108,0,104,0,0,0,0,0,0,False,False,False
2015-12-13,0,24,42,0,2,2,0,104,13042,108,0,104,0,0,0,0,0,0,False,False,False
2015-12-14,0,24,41,0,2,2,0,105,13066,108,0,105,0,0,0,0,0,0,False,False,False
2015-12-15,0,24,41,0,2,2,0,105,13090,108,0,105,0,0,0,0,0,0,False,False,False
2015-12-16,0,24,41,0,2,2,0,106,13114,108,0,106,0,0,0,0,0,0,False,False,False
2015-12-17,0,25,41,0,2,2,0,106,13138,108,0,106,0,0,0,0,0,0,False,False,False
2015-12-18,0,25,41,0,2,2,0,106,13161,108,0,106,0,0,0,0,0,0,False,False,False
2015-12-19,0,25,41,0,2,2,0,107,13186,108,0,107,0,0,0,0,0,0,False,False,False
2015-12-20,0,24,41,0,2,2,0,108,13210,108,0,108,0,0,0,0,0,0,False,False,False
2015-12-21,0,24,41,0,2,2,0,108,13234,108,0,108,0,0,0,0,0,0,False,False,False
2015-12-22,0,25,41,0,2,2,0,108,13258,108,0,108,0,0,0,0,0,0,False,False,False
2015-12-23,0,25,41,0,2,2,0,108,13282,108,0,108,0,0,0,0,0,0,False,False,False
2015-12-24,0,24,41,0,2,2,0,108,13306,108,0,108,0,0,0,0,0,0,False,False,False
2015-12-25,0,24,41,0,2,2,0,108,13329,108,0,108,0,0,0,0,0,0,False,False,False
2015-12-26,0,24,42,0,2,2,0,109,13354,108,0,109,0,0,0,0,0,0,False,False,False
2015-12-27,0,24,42,0,2,2,0,109,13378,108,0,109,0,0,0,0,0,0,False,False,False
2015-12-28,0,24,42,0,2,2,0,109,13401,108,0,109,0,0,0,0,0,0,False,False,False
2015-12-29,0,24,42,0,2,2,0,109,13426,108,0,109,0,0,0,0,0,0,False,False,False
2015-12-30,0,24,42,0,2,2,0,109,13450,108,0,109,0,0,0,0,0,0,False,False,False
2015-12-31,0,24,42,0,2,2,0,109,13473,108,0,109,0,0,0,0,0,0,False,False,False
2016-01-01,0,24,42,0,2,2,0,109,13497,108,0,109,0,0,0,0,0,0,False,False,False
2016-01-02,0,24,42,0,2,2,0,109,13522,108,0,109,0,0,0,0,0,0,False,False,False
2016-01-03,0,24,42,0,2,2,0,109,13546,108,0,109,0,0,0,0,0,0,False,False,False
2016-01-04,0,24,42,0,2,2,0,109,13570,108,0,109,0,0,0,0,0,0,False,False,False
2016-01-05,0,24,42,0,2,2,0,109,13594,108,0,109,0,0,0,0,0,0,False,False,False
2016-01-06,0,24,42,0,2,2,0,110,13618,108,0,110,0,0,0,0,0,0,False,False,False
2016-01-07,0,24,42,0,2,2,0,110,13641,108,0,110,0,0,0,0,0,0,False,False,False
2016-01-08,0,24,42,0,2,2,0,110,13666,108,0,110,0,0,0,0,0,0,False,False,False
2016-01-09,0,24,42,0,2,2,0,110,13690,108,0,110,0,0,0,0,0,0,False,False,False
2016-01-10,0,24,42,0,2,2,0,110,13713,108,0,110,0,0,0,0,0,0,False,False,False
2016-01-11,0,24,42,0,2,2,0,110,13738,108,0,110,0,0,0,0,0,0,False,False,False
2016-01-12,0,24,42,0,2,2,0,110,13762,108,0,110,0,0,0,0,0,0,False,False,False
2016-01-13,0,24,42,0,2,2,0,110,13786,108,0,110,0,0,0,0,0,0,False,False,False
2016-01-14,0,24,41,0,2,2,0,111,13810,108,0,111,0,0,0,0,0,0,False,False,False
2016-01-15,0,24,41,0,2,2,0,111,13834,108,0,111,0,0,0,0,0,0,False,False,False
2016-01-16,0,24,41,0,2,2,0,111,13858,108,0,111,0,0,0,0,0,0,False,False,False
2016-01-17,0,24,41,0,2,2,0,111,13881,108,0,111,0,0,0,0,0,0,False,False,False
2016-01-18,0,25,42,0,2,2,0,112,13906,108,0,112,0,0,0,0,0,0,False,False,False
2016-01-19,0,24,42,0,2,2,0,112,13930,108,0,112,0,0,0,0,0,0,False,False,False
2016-01-20,0,25,42,0,2,2,0,112,13953,108,0,112,0,0,0,0,0,0,False,False,False
2016-01-21,0,25,42,0,2,2,0,112,13978,108,0,112,0,0,0,0,0,0,False,False,False
2016-01-22,0,25,42,0,2,2,0,112,14002,108,0,112,0,0,0,0,0,0,False,False,False
2016-01-23,0,25,42,0,2,2,0,112,14026,108,0,112,0,0,0,0,0,0,False,False,False
2016-01-24,0,25,42,0,2,2,0,113,14050,108,0,113,0,0,0,0,0,0,False,False,False
2016-01-25,0,24,42,0,2,2,0,113,14074,108,0,113,0,0,0,0,0,0,False,False,False
2016-01-26,0,24,42,0,2,2,0,113,14098,108,0,113,0,0,0,0,0,0,False,False,False
2016-01-27,0,24,42,0,2,2,0,113,14122,108,0,113,0,0,0,0,0,0,False,False,False
2016-01-28,0,24,42,0,2,2,0,113,14146,108,0,113,0,0,0,0,0,0,False,False,False
2016-01-29,0,25,42,0,2,2,0,113,14170,108,0,113,0,0,0,0,0,0,False,False,False
2016-01-30,0,25,42,0,2,2,0,113,14193,108,0,113,0,0,0,0,0,0,False,False,False
2016-01-31,0,25,42,0,2,2,0,113,14218,108,0,113,0,0,0,0,0,0,False,False,False
2016-02-01,0,24,42,0,4,4,0,116,14241,108,0,116,0,0,0,0,0,0,False,False,False
2016-02-02,0,25,42,0,4,4,0,116,14265,108,0,116,0,0,0,0,0,0,False,False,False
2016-02-03,0,24,42,0,4,4,0,117,14290,106,0,117,0,0,0,0,0,0,False,False,False
2016-02-04,0,25,42,0,4,4,0,118,14313,106,0,118,0,0,0,0,0,0,False,False,False
2016-02-05,0,25,41,0,4,4,0,119,14338,106,0,119,0,0,0,0,0,0,False,False,False
2016-02-06,0,25,42,0,4,4,0,120,14362,106,0,120,0,0,0,0,0,0,False,False,False
2016-02-07,0,25,42,0,4,4,0,121,14386,106,0,121,0,0,0,0,0,0,False,False,False
2016-02-08,0,26,42,0,4,4,0,122,14409,107,0,122,0,0,0,0,0,0,False,False,False
2016-02-09,0,26,42,0,4,4,0,123,14433,106,0,123,0,0,0,0,0,0,False,False,False
2016-02-10,0,24,42,0,4,4,0,124,14458,106,0,124,0,0,0,0,0,0,False,False,False
2016-02-11,0,26,42,0,4,4,0,124,14481,106,0,124,0,0,0,0,0,0,False,False,False
2016-02-12,0,26,42,0,4,4,0,124,14506,108,0,124,0,0,0,0,0,0,False,False,False
2016-02-13,0,26,42,0,4,4,0,125,14530,108,0,125,0,0,0,0,0,0,False,False,False
2016-02-14,0,26,42,0,4,4,0,125,14553,108,0,125,0,0,0,0,0,0,False,False,False
2016-02-15,0,24,42,0,4,4,0,125,14577,108,0,125,0,0,0,0,0,0,False,False,False
2016-02-16,0,26,42,0,4,4,0,125,14602,108,0,125,0,0,0,0,0,0,False,False,False
2016-02-17,0,25,42,0,4,4,0,125,14626,108,0,125,0,0,0,0,0,0,False,False,False
2016-02-18,0,26,41,0,4,4,0,125,14649,108,0,125,0,0,0,0,0,0,False,False,False
2016-02-19,0,26,41,0,4,4,0,126,14674,108,0,126,0,0,0,0,0,0,False,False,False
2016-02-20,0,26,41,0,4,4,0,127,14698,108,0,127,0,0,0,0,0,0,False,False,False
2016-02-21,0,25,41,0,4,4,0,127,14721,108,0,127,0,0,0,0,0,0,False,False,False
2016-02-22,0,26,42,0,4,4,0,128,14746,108,0,128,0,0,0,0,0,0,False,False,False
2016-02-23,0,26,42,0,4,4,0,129,14770,108,0,129,0,0,0,0,0,0,False,False,False
2016-02-24,0,26,42,0,4,4,0,129,14793,108,0,129,0,0,0,0,0,0,False,False,False
2016-02-25,0,25,42,0,4,4,0,129,14817,108,0,129,0,0,0,0,0,0,False,False,False
2016-02-26,0,26,42,0,4,4,0,129,14842,108,0,129,0,0,0,0,0,0,False,False,False
2016-02-27,0,25,42,0,4,4,0,130,14865,108,0,130,0,0,0,0,0,0,False,False,False
2016-02-28,0,26,42,0,4,4,0,130,14889,108,0,130,0,0,0,0,0,0,False,False,False
2016-02-29,0,26,42,0,4,4,0,130,14914,108,0,130,0,0,0,0,0,0,False,False,False
2016-03-01,0,26,42,0,4,4,0,131,14938,108,0,131,0,0,0,0,0,0,False,False,False
2016-03-02,0,25,42,0,4,4,0,132,14961,108,0,132,0,0,0,0,0,0,False,False,False
2016-03-03,0,25,42,0,4,4,0,132,14986,108,0,132,0,0,0,0,0,0,False,False,False
2016-03-04,0,25,42,0,4,4,0,132,15010,108,0,132,0,0,0,0,0,0,False,False,False
2016-03-05,0,25,42,0,4,4,0,132,15033,108,0,132,0,0,0,0,0,0,False,False,False
2016-03-06,0,25,41,0,4,4,0,133,15057,108,0,133,0,0,0,0,0,0,False,False,False
2016-03-07,0,26,41,0,4,4,0,133,15082,108,0,133,0,0,0,0,0,0,False,False,False
2016-03-08,0,26,41,0,4,4,0,133,15105,108,0,133,0,0,0,0,0,0,False,False,False
2016-03-09,0,26,41,0,4,4,0,133,15129,108,0,133,0,0,0,0,0,0,False,False,False
2016-03-10,0,26,41,0,4,4,0,133,15154,108,0,133,0,0,0,0,0,0,False,False,False
2016-03-11,0,26,41,0,4,4,0,133,15178,108,0,133,0,0,0,0,0,0,False,False,False
2016-03-12,0,26,41,0,4,4,0,133,15201,108,0,133,0,0,0,0,0,0,False,False,False
2016-03-13,0,26,42,0,4,4,0,134,15226,108,0,134,0,0,0,0,0,0,False,False,False
2016-03-14,0,26,42,0,4,4,0,134,15250,108,0,134,0,0,0,0,0,0,False,False,False
2016-03-15,0,26,42,0,4,4,0,134,15273,108,0,134,0,0,0,0,0,0,False,False,False
2016-03-16,0,26,42,0,4,4,0,134,15296,108,0,134,0,0,0,0,0,0,False,False,False
2016-03-17,0,26,42,0,4,4,0,134,15320,108,0,134,0,0,0,0,0,0,False,False,False
2016-03-18,0,26,42,0,4,4,0,134,15345,108,0,134,0,0,0,0,0,0,False,False,False
2016-03-19,0,26,42,0,4,4,0,134,15368,108,0,134,0,0,0,0,0,0,False,False,False
2016-03-20,0,25,41,0,4,4,0,134,15392,108,0,134,0,0,0,0,0,0,False,False,False
2016-03-21,0,26,41,0,4,4,0,135,15416,108,0,135,0,0,0,0,0,0,False,False,False
2016-03-22,0,26,41,0,4,4,0,136,15441,108,0,136,0,0,0,0,0,0,False,False,False
2016-03-23,0,25,41,0,4,4,0,136,15464,108,0,136,0,0,0,0,0,0,False,False,False
2016-03-24,0,25,41,0,4,4,0,136,15489,108,0,136,0,0,0,0,0,0,False,False,False
2016-03-25,0,26,41,0,4,4,0,136,15513,108,0,136,0,0,0,0,0,0,False,False,False
2016-03-26,0,26,41,0,4,4,0,136,15536,108,0,136,0,0,0,0,0,0,False,False,False
2016-03-27,0,26,41,0,4,4,0,136,15561,108,0,136,0,0,0,0,0,0,False,False,False
2016-03-28,0,26,41,0,4,4,0,137,15585,108,0,137,0,0,0,0,0,0,False,False,False
2016-03-29,0,25,41,0,4,4,0,137,15608,108,0,137,0,0,0,0,0,0,False,False,False
2016-03-30,0,25,41,0,4,4,0,137,15632,108,0,137,0,0,0,0,0,0,False,False,False
2016-03-31,0,26,41,0,4,4,0,137,15657,108,0,137,0,0,0,0,0,0,False,False,False
2016-04-01,0,26,41,0,4,4,0,137,15681,108,0,137,0,0,0,0,0,0,False,False,False
2016-04-02,0,26,41,0,4,4,0,137,15704,108,0,137,0,0,0,0,0,0,False,False,False
2016-04-03,0,26,41,0,4,4,0,138,15729,108,0,138,0,0,0,0,0,0,False,False,False
2016-04-04,0,26,41,0,4,4,0,138,15753,108,0,138,0,0,0,0,0,0,False,False,False
2016-04-05,0,26,41,0,4,4,0,138,15776,108,0,138,0,0,0,0,0,0,False,False,False
2016-04-06,0,25,41,0,4,4,0,138,15801,108,0,138,0,0,0,0,0,0,False,False,False
2016-04-07,0,24,41,0,4,4,0,138,15825,108,0,138,0,0,0,0,0,0,False,False,False
2016-04-08,0,27,41,0,4,4,0,138,15848,108,0,138,0,0,0,0,0,0,False,False,False
2016-04-09,0,27,41,0,4,4,0,138,15873,108,0,138,0,0,0,0,0,0,False,False,False
2016-04-10,0,27,42,0,4,4,0,138,15897,108,0,138,0,0,0,0,0,0,False,False,False
2016-04-11,0,27,42,0,4,4,0,139,15921,108,0,139,0,0,0,0,0,0,False,False,False
2016-04-12,0,27,42,0,4,4,0,139,15944,108,0,139,0,0,0,0,0,0,False,False,False
2016-04-13,0,26,42,0,4,4,0,139,15969,108,0,139,0,0,0,0,0,0,False,False,False
2016-04-14,0,26,42,0,4,4,0,139,15993,108,0,139,0,0,0,0,0,0,False,False,False
2016-04-15,0,25,42,0,4,4,0,139,16016,108,0,139,0,0,0,0,0,0,False,False,False
2016-04-16,0,25,42,0,4,4,0,140,16041,108,0,140,0,0,0,0,0,0,False,False,False
2016-04-17,0,25,42,0,4,4,0,140,16065,108,0,140,0,0,0,0,0,0,False,False,False
2016-04-18,0,26,42,0,4,4,0,140,16088,108,0,140,0,0,0,0,0,0,False,False,False
2016-04-19,0,24,42,0,4,4,0,140,16112,108,0,140,0,0,0,0,0,0,False,False,False
2016-04-20,0,24,42,0,4,4,0,140,16137,108,0,140,0,0,0,0,0,0,False,False,False
2016-04-21,0,24,42,0,4,4,0,141,16160,108,0,141,0,0,0,0,0,0,False,False,False
2016-04-22,0,26,42,0,4,4,0,141,16184,108,0,141,0,0,0,0,0,0,False,False,False
2016-04-23,0,25,42,0,4,4,0,141,16208,108,0,141,0,0,0,0,0,0,False,False,False
2016-04-24,0,26,40,0,4,4,0,142,16233,108,0,142,0,0,0,0,0,0,False,False,False
2016-04-25,0,26,40,0,4,4,0,142,16256,108,0,142,0,0,0,0,0,0,False,False,False
2016-04-26,0,25,40,0,4,4,0,142,16281,108,0,142,0,0,0,0,0,0,False,False,False
2016-04-27,0,26,40,0,4,4,0,142,16305,108,0,142,0,0,0,0,0,0,False,False,False
2016-04-28,0,26,40,0,4,4,0,142,16328,108,0,142,0,0,0,0,0,0,False,False,False
2016-04-29,0,26,42,0,4,4,0,143,16353,108,0,143,0,0,0,0,0,0,False,False,False
2016-04-30,0,27,42,0,4,4,0,143,16377,108,0,143,0,0,0,0,0,0,False,False,False
2016-05-01,0,25,42,0,4,4,0,143,16400,108,0,143,0,0,0,0,0,0,False,False,False
2016-05-02,0,25,42,0,4,4,0,143,16424,108,0,143,0,0,0,0,0,0,False,False,False
2016-05-03,0,25,42,0,4,4,0,144,16449,108,0,144,0,0,0,0,0,0,False,False,False
2016-05-04,0,24,42,0,4,4,0,144,16473,108,0,144,0,0,0,0,0,0,False,False,False
2016-05-05,0,26,42,1,4,4,0,144,16496,108,0,144,0,0,0,0,0,0,False,False,False
2016-05-06,0,26,41,0,4,4,0,145,16521,108,0,145,0,0,0,0,0,0,False,False,False
2016-05-07,0,26,41,0,4,4,0,145,16545,108,0,145,0,0,0,0,0,0,False,False,False
2016-05-08,0,26,41,0,4,4,0,145,16568,108,0,145,0,0,0,0,0,0,False,False,False
2016-05-09,0,26,41,0,4,4,0,146,16592,108,0,146,0,0,0,0,0,0,False,False,False
2016-05-10,0,26,41,0,4,4,0,146,16617,108,0,146,0,0,0,0,0,0,False,False,False
2016-05-11,0,24,41,0,4,4,0,146,16640,108,0,146,0,0,0,0,0,0,False,False,False
2016-05-12,0,24,41,0,4,4,0,146,16664,108,0,146,0,0,0,0,0,0,False,False,False
2016-05-13,0,24,41,0,4,4,0,146,16689,108,0,146,0,0,0,0,0,0,False,False,False
2016-05-14,0,26,43,0,4,4,0,147,16713,108,0,147,0,0,0,0,0,0,False,False,False
2016-05-15,0,26,43,0,4,4,0,148,16736,108,0,148,0,0,0,0,0,0,False,False,False
2016-05-16,0,24,43,0,4,4,0,148,16760,108,0,148,0,0,0,0,0,0,False,False,False
2016-05-17,0,25,43,0,4,4,0,148,16785,108,0,148,0,0,0,0,0,0,False,False,False
2016-05-18,0,25,43,0,4,4,0,148,16808,108,0,148,0,0,0,0,0,0,False,False,False
2016-05-19,0,25,43,0,4,4,0,148,16832,108,0,148,0,0,0,0,0,0,False,False,False
2016-05-20,0,25,43,0,4,4,0,148,16857,108,0,148,0,0,0,0,0,0,False,False,False
2016-05-21,0,26,42,0,4,4,0,149,16880,108,0,149,0,0,0,0,0,0,False,False,False
2016-05-22,0,26,42,0,4,4,0,149,16904,108,0,149,0,0,0,0,0,0,False,False,False
2016-05-23,0,26,42,0,4,4,0,149,16929,108,0,149,0,0,0,0,0,0,False,False,False
2016-05-24,0,26,42,0,4,4,0,149,16953,108,0,149,0,0,0,0,0,0,False,False,False
2016-05-25,0,26,42,0,4,4,0,149,16976,108,0,149,0,0,0,0,0,0,False,False,False
2016-05-26,0,26,41,0,4,4,0,150,17001,108,0,150,0,0,0,0,0,0,False,False,False
2016-05-27,0,25,41,0,4,4,0,150,17025,108,0,150,0,0,0,0,0,0,False,False,False
2016-05-28,0,24,41,0,4,4,0,150,17048,108,0,150,0,0,0,0,0,0,False,False,False
2016-05-29,0,24,41,0,4,4,0,150,17073,108,0,150,0,0,0,0,0,0,False,False,False
2016-05-30,0,25,41,0,4,4,0,151,17097,108,0,151,0,0,0,0,0,0,False,False,False
2016-05-31,0,24,41,0,4,4,0,151,17120,108,0,151,0,0,0,0,0,0,False,False,False
2016-06-01,0,24,41,0,4,4,0,151,17144,108,0,151,0,0,0,0,0,0,False,False,False
2016-06-02,0,24,41,0,4,4,0,151,17169,108,0,151,0,0,0,0,0,0,False,False,False
2016-06-03,0,24,42,0,4,4,0,152,17193,108,0,152,0,0,0,0,0,0,False,False,False
2016-06-04,0,24,42,0,4,4,0,153,17216,108,0,153,0,0,0,0,0,0,False,False,False
2016-06-05,0,24,42,0,4,4,0,153,17240,108,0,153,0,0,0,0,0,0,False,False,False
2016-06-06,0,24,42,0,4,4,0,153,17265,108,0,153,0,0,0,0,0,0,False,False,False
2016-06-07,0,24,42,0,4,4,0,153,17288,108,0,153,0,0,0,0,0,0,False,False,False
2016-06-08,0,24,42,0,4,4,0,153,17313,108,0,153,0,0,0,0,0,0,False,False,False
2016-06-09,0,25,42,0,4,4,0,153,17337,108,0,153,0,0,0,0,0,0,False,False,False
2016-06-10,0,24,42,0,4,4,0,153,17360,108,0,153,0,0,0,0,0,0,False,False,False
2016-06-11,0,24,42,0,4,4,0,153,17384,108,0,153,0,0,0,0,0,0,False,False,False
2016-06-12,0,24,42,0,4,4,0,153,17409,108,0,153,0,0,0,0,0,0,False,False,False
2016-06-13,0,24,42,0,4,4,0,153,17433,108,0,153,0,0,0,0,0,0,False,False,False
2016-06-14,0,24,42,0,4,4,0,153,17456,108,0,153,0,0,0,0,0,0,False,False,False
2016-06-15,0,25,42,0,4,4,0,153,17480,108,0,153,0,0,0,0,0,0,False,False,False
2016-06-16,0,25,42,0,4,4,0,154,17505,108,0,154,0,0,0,0,0,0,False,False,False
2016-06-17,0,24,42,0,4,4,0,154,17528,108,0,154,0,0,0,0,0,0,False,False,False
2016-06-18,0,24,41,0,4,4,0,155,17553,108,0,155,0,0,0,0,0,0,False,False,False
2016-06-19,0,24,41,0,4,4,0,155,17577,108,0,155,0,0,0,0,0,0,False,False,False
2016-06-20,0,24,41,0,4,4,0,156,17600,108,0,156,0,0,0,0,0,0,False,False,False
2016-06-21,0,24,41,0,4,4,0,156,17625,108,0,156,0,0,0,0,0,0,False,False,False
2016-06-22,0,24,41,0,4,4,0,156,17649,108,0,156,0,0,0,0,0,0,False,False,False
2016-06-23,0,24,41,0,4,4,0,157,17673,108,0,157,0,0,0,0,0,0,False,False,False
2016-06-24,0,24,41,0,4,4,0,157,17696,108,0,157,0,0,0,0,0,0,False,False,False
2016-06-25,0,24,41,0,4,4,0,157,17721,108,0,157,0,0,0,0,0,0,False,False,False
2016-06-26,0,24,41,0,4,4,0,158,17745,108,0,158,0,0,0,0,0,0,False,False,False
2016-06-27,0,23,41,0,4,4,0,158,17769,108,0,158,0,0,0,0,0,0,False,False,False
2016-06-28,0,23,42,0,4,4,0,159,17793,108,0,159,0,0,0,0,0,0,False,False,False
2016-06-29,0,24,42,0,4,4,0,159,17817,108,0,159,0,0,0,0,0,0,False,False,False
2016-06-30,0,23,43,0,4,4,0,160,17840,108,0,160,0,0,0,0,0,0,False,False,False
