date,failure,Smart 194: Temperature_Celsius (Raw Value),Smart 8: Seek_Time_Performance (Raw Value),Smart 1: Raw_Read_Error_Rate (Raw Value),Smart 12: Power_Cycle_Count (Raw Value),Smart 4: Start_Stop_Count (Raw Value),Smart 10: Spin_Retry_Count (Raw Value),Smart 192: Power-Off_Retract_Count (Raw Value),Smart 9: Power_On_Hours (Raw Value),Smart 2: Throughput_Performance (Raw Value),Smart 7: Seek_Error_Rate (Raw Value),Smart 193: Load_Cycle_Count (Raw Value),Smart 3: Spin_Up_Time (Raw Value),Smart 5: Reallocated_Sector_Ct (Raw Value),Smart 197: Current_Pending_Sector (Raw Value),Smart 198: Offline_Uncorrectable (Raw Value),Smart 199: UDMA_CRC_Error_Count (Raw Value),Smart 196: Reallocated_Event_Count (Raw Value),op_fail_30,op_fail_15,op_fail_1
2014-08-16,0,26,42,0,1,1,0,2,31,98,0,2,0,0,0,0,0,0,False,False,False
2014-08-17,0,27,42,0,1,1,0,3,55,98,0,3,0,0,0,0,0,0,False,False,False
2014-08-18,0,27,42,0,1,1,0,4,79,98,0,4,0,0,0,0,0,0,False,False,False
2014-08-19,0,27,42,0,1,1,0,5,103,98,0,5,0,0,0,0,0,0,False,False,False
2014-08-20,0,26,42,0,1,1,0,6,127,98,0,6,0,0,0,0,0,0,False,False,False
2014-08-21,0,28,42,0,1,1,0,7,151,98,0,7,0,0,0,0,0,0,False,False,False
2014-08-22,0,27,42,0,1,1,0,8,175,98,0,8,0,0,0,0,0,0,False,False,False
2014-08-23,0,27,42,0,1,1,0,9,199,98,0,9,0,0,0,0,0,0,False,False,False
2014-08-24,0,26,42,0,1,1,0,10,223,98,0,10,0,0,0,0,0,0,False,False,False
2014-08-25,0,27,42,0,1,1,0,11,247,98,0,11,0,0,0,0,0,0,False,False,False
2014-08-26,0,25,42,0,1,1,0,11,271,98,0,11,0,0,0,0,0,0,False,False,False
2014-08-27,0,26,42,0,1,1,0,11,295,98,0,11,0,0,0,0,0,0,False,False,False
2014-08-28,0,26,42,0,1,1,0,11,319,98,0,11,0,0,0,0,0,0,False,False,False
2014-08-29,0,26,42,0,1,1,0,11,343,98,0,11,0,0,0,0,0,0,False,False,False
2014-08-30,0,26,42,0,1,1,0,11,367,98,0,11,0,0,0,0,0,0,False,False,False
2014-08-31,0,26,42,0,1,1,0,11,391,98,0,11,0,0,0,0,0,0,False,False,False
2014-09-01,0,26,42,0,1,1,0,11,415,98,0,11,0,0,0,0,0,0,False,False,False
2014-09-02,0,26,42,0,1,1,0,11,439,98,0,11,0,0,0,0,0,0,False,False,False
2014-09-03,0,26,42,0,1,1,0,11,463,98,0,11,0,0,0,0,0,0,False,False,False
2014-09-04,0,26,42,0,1,1,0,11,487,98,0,11,0,0,0,0,0,0,False,False,False
2014-09-05,0,26,42,0,1,1,0,11,511,98,0,11,0,0,0,0,0,0,False,False,False
2014-09-06,0,26,42,0,1,1,0,11,535,98,0,11,0,0,0,0,0,0,False,False,False
2014-09-07,0,26,42,0,1,1,0,11,559,98,0,11,0,0,0,0,0,0,False,False,False
2014-09-08,0,26,42,0,1,1,0,11,583,98,0,11,0,0,0,0,0,0,False,False,False
2014-09-09,0,25,42,0,1,1,0,11,607,98,0,11,0,0,0,0,0,0,False,False,False
2014-09-10,0,26,42,0,1,1,0,11,631,98,0,11,0,0,0,0,0,0,False,False,False
2014-09-11,0,27,42,0,1,1,0,11,655,98,0,11,0,0,0,0,0,0,False,False,False
2014-09-12,0,27,42,0,1,1,0,11,679,98,0,11,0,0,0,0,0,0,False,False,False
2014-09-13,0,26,42,0,1,1,0,11,703,98,0,11,0,0,0,0,0,0,False,False,False
2014-09-14,0,26,42,0,1,1,0,11,727,98,0,11,0,0,0,0,0,0,False,False,False
2014-09-15,0,26,42,0,1,1,0,11,751,98,0,11,0,0,0,0,0,0,False,False,False
2014-09-16,0,26,42,0,1,1,0,11,775,98,0,11,0,0,0,0,0,0,False,False,False
2014-09-17,0,26,42,0,1,1,0,11,799,98,0,11,0,0,0,0,0,0,False,False,False
2014-09-18,0,26,42,0,1,1,0,11,823,98,0,11,0,0,0,0,0,0,False,False,False
2014-09-19,0,26,42,0,1,1,0,11,847,98,0,11,0,0,0,0,0,0,False,False,False
2014-09-20,0,26,42,0,1,1,0,11,871,98,0,11,0,0,0,0,0,0,False,False,False
2014-09-21,0,26,42,0,1,1,0,11,895,98,0,11,0,0,0,0,0,0,False,False,False
2014-09-22,0,26,42,0,1,1,0,11,919,98,0,11,0,0,0,0,0,0,False,False,False
2014-09-23,0,26,42,0,1,1,0,11,943,98,0,11,0,0,0,0,0,0,False,False,False
2014-09-24,0,25,42,0,1,1,0,11,967,98,0,11,0,0,0,0,0,0,False,False,False
2014-09-25,0,25,42,0,1,1,0,11,991,98,0,11,0,0,0,0,0,0,False,False,False
2014-09-26,0,25,42,0,1,1,0,11,1015,98,0,11,0,0,0,0,0,0,False,False,False
2014-09-27,0,24,42,0,1,1,0,11,1039,98,0,11,0,0,0,0,0,0,False,False,False
2014-09-28,0,24,42,0,1,1,0,11,1063,98,0,11,0,0,0,0,0,0,False,False,False
2014-09-29,0,24,42,0,1,1,0,11,1087,98,0,11,0,0,0,0,0,0,False,False,False
2014-09-30,0,24,42,0,1,1,0,11,1111,98,0,11,0,0,0,0,0,0,False,False,False
2014-10-01,0,26,42,0,1,1,0,11,1135,98,0,11,0,0,0,0,0,0,False,False,False
2014-10-02,0,23,42,0,1,1,0,11,1159,98,0,11,0,0,0,0,0,0,False,False,False
2014-10-03,0,23,42,0,1,1,0,11,1183,98,0,11,0,0,0,0,0,0,False,False,False
2014-10-04,0,23,42,0,1,1,0,11,1207,98,0,11,0,0,0,0,0,0,False,False,False
2014-10-05,0,23,42,0,1,1,0,11,1231,98,0,11,0,0,0,0,0,0,False,False,False
2014-10-06,0,23,42,0,1,1,0,11,1255,98,0,11,0,0,0,0,0,0,False,False,False
2014-10-07,0,23,42,0,1,1,0,11,1279,98,0,11,0,0,0,0,0,0,False,False,False
2014-10-08,0,24,42,0,1,1,0,11,1303,98,0,11,0,0,0,0,0,0,False,False,False
2014-10-09,0,23,42,0,1,1,0,11,1327,98,0,11,0,0,0,0,0,0,False,False,False
2014-10-10,0,24,42,0,1,1,0,11,1351,98,0,11,0,0,0,0,0,0,False,False,False
2014-10-11,0,24,42,0,1,1,0,11,1375,98,0,11,0,0,0,0,0,0,False,False,False
2014-10-12,0,24,42,0,1,1,0,11,1399,98,0,11,0,0,0,0,0,0,False,False,False
2014-10-13,0,23,42,0,1,1,0,11,1423,98,0,11,0,0,0,0,0,0,False,False,False
2014-10-14,0,23,42,0,1,1,0,11,1447,98,0,11,0,0,0,0,0,0,False,False,False
2014-10-15,0,22,42,0,1,1,0,11,1471,98,0,11,0,0,0,0,0,0,False,False,False
2014-10-16,0,23,42,0,1,1,0,11,1495,98,0,11,0,0,0,0,0,0,False,False,False
2014-10-17,0,23,42,0,1,1,0,11,1519,98,0,11,0,0,0,0,0,0,False,False,False
2014-10-18,0,23,42,0,1,1,0,11,1543,98,0,11,0,0,0,0,0,0,False,False,False
2014-10-19,0,23,42,0,1,1,0,11,1567,98,0,11,0,0,0,0,0,0,False,False,False
2014-10-20,0,22,42,0,1,1,0,11,1591,98,0,11,0,0,0,0,0,0,False,False,False
2014-10-21,0,23,42,0,1,1,0,11,1615,98,0,11,0,0,0,0,0,0,False,False,False
2014-10-22,0,23,42,0,1,1,0,11,1639,98,0,11,0,0,0,0,0,0,False,False,False
2014-10-23,0,23,42,0,1,1,0,11,1663,98,0,11,0,0,0,0,0,0,False,False,False
2014-10-24,0,23,42,0,1,1,0,11,1687,98,0,11,0,0,0,0,0,0,False,False,False
2014-10-25,0,23,42,0,1,1,0,11,1711,98,0,11,0,0,0,0,0,0,False,False,False
2014-10-26,0,22,42,0,1,1,0,11,1736,98,0,11,0,0,0,0,0,0,False,False,False
2014-10-27,0,23,42,0,1,1,0,11,1759,98,0,11,0,0,0,0,0,0,False,False,False
2014-10-28,0,23,42,0,1,1,0,11,1783,98,0,11,0,0,0,0,0,0,False,False,False
2014-10-29,0,23,42,0,1,1,0,11,1807,98,0,11,0,0,0,0,0,0,False,False,False
2014-10-30,0,23,42,0,1,1,0,11,1831,98,0,11,0,0,0,0,0,0,False,False,False
2014-10-31,0,23,42,0,1,1,0,11,1855,98,0,11,0,0,0,0,0,0,False,False,False
2014-11-01,0,23,42,0,1,1,0,11,1879,98,0,11,0,0,0,0,0,0,False,False,False
2014-11-03,0,23,42,0,1,1,0,11,1928,98,0,11,0,0,0,0,0,0,False,False,False
2014-11-04,0,23,42,0,1,1,0,11,1952,98,0,11,0,0,0,0,0,0,False,False,False
2014-11-05,0,29,42,0,1,1,0,11,1976,98,0,11,0,0,0,0,0,0,False,False,False
2014-11-06,0,24,42,0,1,1,0,11,2000,98,0,11,0,0,0,0,0,0,False,False,False
2014-11-07,0,23,42,0,1,1,0,11,2024,98,0,11,0,0,0,0,0,0,False,False,False
2014-11-08,0,23,42,0,1,1,0,11,2048,98,0,11,0,0,0,0,0,0,False,False,False
2014-11-09,0,24,42,0,1,1,0,11,2072,98,0,11,0,0,0,0,0,0,False,False,False
2014-11-10,0,24,42,0,1,1,0,11,2096,98,0,11,0,0,0,0,0,0,False,False,False
2014-11-11,0,23,42,0,1,1,0,11,2120,98,0,11,0,0,0,0,0,0,False,False,False
2014-11-12,0,23,42,0,1,1,0,11,2144,98,0,11,0,0,0,0,0,0,False,False,False
2014-11-13,0,23,42,0,1,1,0,11,2168,98,0,11,0,0,0,0,0,0,False,False,False
2014-11-14,0,23,42,0,1,1,0,11,2192,98,0,11,0,0,0,0,0,0,False,False,False
2014-11-15,0,23,42,0,1,1,0,11,2216,98,0,11,0,0,0,0,0,0,False,False,False
2014-11-16,0,23,42,0,1,1,0,11,2240,98,0,11,0,0,0,0,0,0,False,False,False
2014-11-17,0,23,42,0,1,1,0,11,2264,98,0,11,0,0,0,0,0,0,False,False,False
2014-11-18,0,24,42,0,1,1,0,11,2288,98,0,11,0,0,0,0,0,0,False,False,False
2014-11-19,0,24,42,0,1,1,0,11,2312,98,0,11,0,0,0,0,0,0,False,False,False
2014-11-20,0,23,42,0,1,1,0,11,2336,98,0,11,0,0,0,0,0,0,False,False,False
2014-11-21,0,24,42,0,1,1,0,11,2360,98,0,11,0,0,0,0,0,0,False,False,False
2014-11-22,0,23,42,0,1,1,0,11,2384,98,0,11,0,0,0,0,0,0,False,False,False
2014-11-23,0,23,42,0,1,1,0,11,2408,98,0,11,0,0,0,0,0,0,False,False,False
2014-11-24,0,23,42,0,1,1,0,11,2432,98,0,11,0,0,0,0,0,0,False,False,False
2014-11-25,0,23,42,0,1,1,0,11,2456,98,0,11,0,0,0,0,0,0,False,False,False
2014-11-26,0,23,42,0,1,1,0,11,2480,98,0,11,0,0,0,0,0,0,False,False,False
2014-11-27,0,23,42,0,1,1,0,11,2504,98,0,11,0,0,0,0,0,0,False,False,False
2014-11-28,0,23,42,0,1,1,0,11,2528,98,0,11,0,0,0,0,0,0,False,False,False
2014-11-29,0,23,42,0,1,1,0,11,2552,98,0,11,0,0,0,0,0,0,False,False,False
2014-11-30,0,23,42,0,1,1,0,11,2576,98,0,11,0,0,0,0,0,0,False,False,False
2014-12-01,0,23,42,0,1,1,0,11,2600,98,0,11,0,0,0,0,0,0,False,False,False
2014-12-02,0,23,42,0,1,1,0,11,2624,98,0,11,0,0,0,0,0,0,False,False,False
2014-12-03,0,23,42,0,1,1,0,11,2648,98,0,11,0,0,0,0,0,0,False,False,False
2014-12-04,0,23,42,0,1,1,0,11,2672,98,0,11,0,0,0,0,0,0,False,False,False
2014-12-05,0,22,42,0,1,1,0,11,2696,98,0,11,0,0,0,0,0,0,False,False,False
2014-12-06,0,23,42,0,1,1,0,11,2720,98,0,11,0,0,0,0,0,0,False,False,False
2014-12-07,0,22,42,0,1,1,0,11,2745,98,0,11,0,0,0,0,0,0,False,False,False
2014-12-08,0,22,42,0,1,1,0,11,2768,98,0,11,0,0,0,0,0,0,False,False,False
2014-12-09,0,23,42,0,1,1,0,11,2792,98,0,11,0,0,0,0,0,0,False,False,False
2014-12-10,0,22,42,0,1,1,0,11,2816,98,0,11,0,0,0,0,0,0,False,False,False
2014-12-11,0,23,42,0,1,1,0,11,2840,98,0,11,0,0,0,0,0,0,False,False,False
2014-12-12,0,24,42,0,1,1,0,11,2864,98,0,11,0,0,0,0,0,0,False,False,False
2014-12-13,0,24,42,0,1,1,0,11,2888,98,0,11,0,0,0,0,0,0,False,False,False
2014-12-14,0,23,42,0,1,1,0,11,2912,98,0,11,0,0,0,0,0,0,False,False,False
2014-12-15,0,23,42,0,1,1,0,11,2936,98,0,11,0,0,0,0,0,0,False,False,False
2014-12-16,0,22,42,0,1,1,0,11,2960,98,0,11,0,0,0,0,0,0,False,False,False
2014-12-17,0,22,42,0,1,1,0,11,2984,98,0,11,0,0,0,0,0,0,False,False,False
2014-12-18,0,22,42,0,1,1,0,11,3008,98,0,11,0,0,0,0,0,0,False,False,False
2014-12-19,0,22,42,0,1,1,0,11,3032,98,0,11,0,0,0,0,0,0,False,False,False
2014-12-20,0,22,42,0,1,1,0,11,3056,98,0,11,0,0,0,0,0,0,False,False,False
2014-12-21,0,22,42,0,1,1,0,11,3080,98,0,11,0,0,0,0,0,0,False,False,False
2014-12-22,0,22,42,0,1,1,0,11,3104,98,0,11,0,0,0,0,0,0,False,False,False
2014-12-23,0,22,42,0,1,1,0,11,3128,98,0,11,0,0,0,0,0,0,False,False,False
2014-12-24,0,22,42,0,1,1,0,11,3152,100,0,11,0,0,0,0,0,0,False,False,False
2014-12-25,0,23,42,0,1,1,0,11,3176,100,0,11,0,0,0,0,0,0,False,False,False
2014-12-26,0,23,42,0,1,1,0,11,3200,100,0,11,0,0,0,0,0,0,False,False,False
2014-12-27,0,22,42,0,1,1,0,11,3224,100,0,11,0,0,0,0,0,0,False,False,False
2014-12-28,0,23,42,0,1,1,0,11,3248,100,0,11,0,0,0,0,0,0,False,False,False
2014-12-29,0,23,42,0,1,1,0,11,3272,100,0,11,0,0,0,0,0,0,False,False,False
2014-12-30,0,23,42,0,1,1,0,11,3296,100,0,11,0,0,0,0,0,0,False,False,False
2014-12-31,0,23,42,0,1,1,0,11,3320,100,0,11,0,0,0,0,0,0,False,False,False
2015-01-01,0,23,42,0,1,1,0,11,3344,100,0,11,0,0,0,0,0,0,False,False,False
2015-01-02,0,23,42,0,1,1,0,11,3368,100,0,11,0,0,0,0,0,0,False,False,False
2015-01-03,0,23,42,0,1,1,0,11,3392,100,0,11,0,0,0,0,0,0,False,False,False
2015-01-04,0,23,42,0,1,1,0,11,3416,100,0,11,0,0,0,0,0,0,False,False,False
2015-01-05,0,23,42,0,1,1,0,11,3440,100,0,11,0,0,0,0,0,0,False,False,False
2015-01-06,0,23,42,0,1,1,0,11,3464,100,0,11,0,0,0,0,0,0,False,False,False
2015-01-07,0,23,42,0,1,1,0,11,3488,100,0,11,0,0,0,0,0,0,False,False,False
2015-01-08,0,23,42,0,1,1,0,11,3512,100,0,11,0,0,0,0,0,0,False,False,False
2015-01-09,0,23,42,0,1,1,0,11,3536,100,0,11,0,0,0,0,0,0,False,False,False
2015-01-10,0,22,42,0,1,1,0,11,3560,100,0,11,0,0,0,0,0,0,False,False,False
2015-01-11,0,22,42,0,1,1,0,11,3584,100,0,11,0,0,0,0,0,0,False,False,False
2015-01-12,0,23,42,0,1,1,0,11,3609,100,0,11,0,0,0,0,0,0,False,False,False
2015-01-13,0,22,42,0,1,1,0,11,3632,100,0,11,0,0,0,0,0,0,False,False,False
2015-01-14,0,22,42,0,1,1,0,11,3656,100,0,11,0,0,0,0,0,0,False,False,False
2015-01-15,0,22,42,0,1,1,0,11,3680,100,0,11,0,0,0,0,0,0,False,False,False
2015-01-16,0,22,42,0,1,1,0,11,3704,100,0,11,0,0,0,0,0,0,False,False,False
2015-01-17,0,22,42,0,1,1,0,11,3728,100,0,11,0,0,0,0,0,0,False,False,False
2015-01-18,0,22,42,0,1,1,0,11,3752,100,0,11,0,0,0,0,0,0,False,False,False
2015-01-19,0,22,42,0,1,1,0,11,3777,100,0,11,0,0,0,0,0,0,False,False,False
2015-01-20,0,22,42,0,1,1,0,11,3800,100,0,11,0,0,0,0,0,0,False,False,False
2015-01-21,0,22,42,0,1,1,0,11,3824,100,0,11,0,0,0,0,0,0,False,False,False
2015-01-22,0,22,42,0,1,1,0,11,3848,100,0,11,0,0,0,0,0,0,False,False,False
2015-01-23,0,22,42,0,1,1,0,11,3872,100,0,11,0,0,0,0,0,0,False,False,False
2015-01-24,0,22,42,0,1,1,0,11,3896,100,0,11,0,0,0,0,0,0,False,False,False
2015-01-25,0,22,42,0,1,1,0,11,3920,100,0,11,0,0,0,0,0,0,False,False,False
2015-01-26,0,22,42,0,1,1,0,11,3944,100,0,11,0,0,0,0,0,0,False,False,False
2015-01-27,0,22,42,0,1,1,0,11,3968,100,0,11,0,0,0,0,0,0,False,False,False
2015-01-28,0,22,42,0,1,1,0,11,3992,100,0,11,0,0,0,0,0,0,False,False,False
2015-01-29,0,23,42,0,1,1,0,11,4017,100,0,11,0,0,0,0,0,0,False,False,False
2015-01-30,0,23,42,0,1,1,0,11,4040,100,0,11,0,0,0,0,0,0,False,False,False
2015-01-31,0,23,42,0,1,1,0,11,4064,100,0,11,0,0,0,0,0,0,False,False,False
2015-02-01,0,23,42,0,1,1,0,11,4088,100,0,11,0,0,0,0,0,0,False,False,False
2015-02-02,0,23,42,0,1,1,0,11,4112,100,0,11,0,0,0,0,0,0,False,False,False
2015-02-03,0,23,42,0,1,1,0,11,4136,100,0,11,0,0,0,0,0,0,False,False,False
2015-02-04,0,23,42,0,1,1,0,11,4160,100,0,11,0,0,0,0,0,0,False,False,False
2015-02-05,0,23,42,0,1,1,0,11,4184,100,0,11,0,0,0,0,0,0,False,False,False
2015-02-06,0,23,42,0,1,1,0,11,4208,100,0,11,0,0,0,0,0,0,False,False,False
2015-02-07,0,23,42,0,1,1,0,11,4232,100,0,11,0,0,0,0,0,0,False,False,False
2015-02-08,0,24,42,0,1,1,0,11,4257,100,0,11,0,0,0,0,0,0,False,False,False
2015-02-09,0,24,42,0,1,1,0,11,4280,100,0,11,0,0,0,0,0,0,False,False,False
2015-02-10,0,23,42,0,1,1,0,11,4304,100,0,11,0,0,0,0,0,0,False,False,False
2015-02-11,0,23,42,0,1,1,0,11,4328,100,0,11,0,0,0,0,0,0,False,False,False
2015-02-12,0,23,42,0,1,1,0,11,4352,100,0,11,0,0,0,0,0,0,False,False,False
2015-02-13,0,22,42,0,1,1,0,11,4376,100,0,11,0,0,0,0,0,0,False,False,False
2015-02-14,0,22,42,0,1,1,0,11,4400,100,0,11,0,0,0,0,0,0,False,False,False
2015-02-15,0,23,42,0,1,1,0,11,4424,100,0,11,0,0,0,0,0,0,False,False,False
2015-02-16,0,23,42,0,1,1,0,11,4448,100,0,11,0,0,0,0,0,0,False,False,False
2015-02-17,0,23,42,0,1,1,0,11,4472,100,0,11,0,0,0,0,0,0,False,False,False
2015-02-18,0,22,42,0,1,1,0,11,4497,100,0,11,0,0,0,0,0,0,False,False,False
2015-02-19,0,22,42,0,1,1,0,11,4520,100,0,11,0,0,0,0,0,0,False,False,False
2015-02-20,0,22,42,0,1,1,0,11,4544,100,0,11,0,0,0,0,0,0,False,False,False
2015-02-21,0,23,42,0,1,1,0,11,4569,100,0,11,0,0,0,0,0,0,False,False,False
2015-02-22,0,23,42,0,1,1,0,11,4592,100,0,11,0,0,0,0,0,0,False,False,False
2015-02-23,0,22,42,0,1,1,0,11,4616,100,0,11,0,0,0,0,0,0,False,False,False
2015-02-24,0,22,42,0,1,1,0,11,4640,100,0,11,0,0,0,0,0,0,False,False,False
2015-02-25,0,22,43,0,1,1,0,11,4664,100,0,11,0,0,0,0,0,0,False,False,False
2015-02-26,0,23,43,0,1,1,0,12,4688,100,0,12,0,0,0,0,0,0,False,False,False
2015-02-27,0,23,43,0,1,1,0,12,4712,100,0,12,0,0,0,0,0,0,False,False,False
2015-02-28,0,24,43,0,1,1,0,12,4736,100,0,12,0,0,0,0,0,0,False,False,False
2015-03-01,0,23,43,0,1,1,0,12,4760,100,0,12,0,0,0,0,0,0,False,False,False
2015-03-02,0,23,43,0,1,1,0,12,4784,100,0,12,0,0,0,0,0,0,False,False,False
2015-03-03,0,23,43,0,1,1,0,12,4808,100,0,12,0,0,0,0,0,0,False,False,False
2015-03-04,0,24,43,0,1,1,0,12,4832,100,0,12,0,0,0,0,0,0,False,False,False
2015-03-05,0,23,43,0,1,1,0,12,4856,100,0,12,0,0,0,0,0,0,False,False,False
2015-03-06,0,23,43,0,1,1,0,12,4880,100,0,12,0,0,0,0,0,0,False,False,False
2015-03-07,0,23,43,0,1,1,0,12,4904,100,0,12,0,0,0,0,0,0,False,False,False
2015-03-08,0,23,43,0,1,1,0,12,4928,100,0,12,0,0,0,0,0,0,False,False,False
2015-03-09,0,23,43,0,1,1,0,12,4952,100,0,12,0,0,0,0,0,0,False,False,False
2015-03-10,0,24,43,0,1,1,0,12,4975,100,0,12,0,0,0,0,0,0,False,False,False
2015-03-11,0,24,43,0,1,1,0,12,5000,100,0,12,0,0,0,0,0,0,False,False,False
2015-03-12,0,23,43,0,1,1,0,12,5023,100,0,12,0,0,0,0,0,0,False,False,False
2015-03-13,0,24,43,0,1,1,0,12,5047,100,0,12,0,0,0,0,0,0,False,False,False
2015-03-14,0,24,43,0,1,1,0,12,5072,100,0,12,0,0,0,0,0,0,False,False,False
2015-03-15,0,24,43,0,1,1,0,12,5095,100,0,12,0,0,0,0,0,0,False,False,False
2015-03-16,0,24,43,0,1,1,0,12,5119,100,0,12,0,0,0,0,0,0,False,False,False
2015-03-17,0,24,43,0,1,1,0,12,5143,100,0,12,0,0,0,0,0,0,False,False,False
2015-03-18,0,23,43,0,1,1,0,12,5167,100,0,12,0,0,0,0,0,0,False,False,False
2015-03-19,0,25,43,0,1,1,0,12,5191,100,0,12,0,0,0,0,0,0,False,False,False
2015-03-20,0,25,43,0,1,1,0,12,5215,100,0,12,0,0,0,0,0,0,False,False,False
2015-03-21,0,25,43,0,1,1,0,12,5240,100,0,12,0,0,0,0,0,0,False,False,False
2015-03-22,0,25,43,0,1,1,0,12,5263,100,0,12,0,0,0,0,0,0,False,False,False
2015-03-23,0,25,43,0,1,1,0,12,5287,100,0,12,0,0,0,0,0,0,False,False,False
2015-03-24,0,25,43,0,1,1,0,12,5312,100,0,12,0,0,0,0,0,0,False,False,False
2015-03-25,0,25,43,0,1,1,0,12,5335,100,0,12,0,0,0,0,0,0,False,False,False
2015-03-26,0,25,43,0,1,1,0,12,5359,100,0,12,0,0,0,0,0,0,False,False,False
2015-03-27,0,26,43,0,1,1,0,12,5383,100,0,12,0,0,0,0,0,0,False,False,False
2015-03-28,0,26,43,0,1,1,0,12,5407,100,0,12,0,0,0,0,0,0,False,False,False
2015-03-29,0,26,43,0,1,1,0,12,5431,100,0,12,0,0,0,0,0,0,False,False,False
2015-03-30,0,26,43,0,1,1,0,12,5455,100,0,12,0,0,0,0,0,0,False,False,False
2015-03-31,0,26,43,0,1,1,0,12,5479,100,0,12,0,0,0,0,0,0,False,False,False
2015-04-01,0,26,43,0,1,1,0,12,5503,100,0,12,0,0,0,0,0,0,False,False,False
2015-04-02,0,26,43,0,1,1,0,12,5527,100,0,12,0,0,0,0,0,0,False,False,False
2015-04-03,0,26,43,0,1,1,0,12,5552,100,0,12,0,0,0,0,0,0,False,False,False
2015-04-04,0,26,43,0,1,1,0,12,5575,99,0,12,0,0,0,0,0,0,False,False,False
2015-04-05,0,26,43,0,1,1,0,12,5599,99,0,12,0,0,0,0,0,0,False,False,False
2015-04-06,0,26,43,0,1,1,0,12,5624,99,0,12,0,0,0,0,0,0,False,False,False
2015-04-07,0,26,43,0,1,1,0,12,5647,99,0,12,0,0,0,0,0,0,False,False,False
2015-04-08,0,30,43,0,1,1,0,12,5671,99,0,12,0,0,0,0,0,0,False,False,False
2015-04-09,0,29,43,0,1,1,0,12,5695,99,0,12,0,0,0,0,0,0,False,False,False
2015-04-10,0,29,43,0,1,1,0,12,5719,99,0,12,0,0,0,0,0,0,False,False,False
2015-04-11,0,25,43,0,1,1,0,12,5743,99,0,12,0,0,0,0,0,0,False,False,False
2015-04-12,0,25,43,0,1,1,0,12,5767,99,0,12,0,0,0,0,0,0,False,False,False
2015-04-13,0,25,43,0,1,1,0,12,5792,99,0,12,0,0,0,0,0,0,False,False,False
2015-04-14,0,25,43,0,1,1,0,12,5815,99,0,12,0,0,0,0,0,0,False,False,False
2015-04-15,0,25,43,0,1,1,0,12,5839,99,0,12,0,0,0,0,0,0,False,False,False
2015-04-16,0,25,43,0,1,1,0,12,5863,99,0,12,0,0,0,0,0,0,False,False,False
2015-04-17,0,25,43,0,1,1,0,12,5887,99,0,12,0,0,0,0,0,0,False,False,False
2015-04-18,0,24,43,0,1,1,0,12,5911,99,0,12,0,0,0,0,0,0,False,False,False
2015-04-19,0,27,43,0,1,1,0,12,5936,99,0,12,0,0,0,0,0,0,False,False,False
2015-04-20,0,26,43,0,1,1,0,12,5959,99,0,12,0,0,0,0,0,0,False,False,False
2015-04-21,0,27,43,0,1,1,0,12,5983,99,0,12,0,0,0,0,0,0,False,False,False
2015-04-22,0,27,43,0,1,1,0,12,6007,99,0,12,0,0,0,0,0,0,False,False,False
2015-04-23,0,27,43,0,1,1,0,12,6032,99,0,12,0,0,0,0,0,0,False,False,False
2015-04-24,0,27,43,0,1,1,0,12,6055,99,0,12,0,0,0,0,0,0,False,False,False
2015-04-25,0,27,43,0,1,1,0,12,6079,99,0,12,0,0,0,0,0,0,False,False,False
2015-04-26,0,27,43,0,1,1,0,12,6104,99,0,12,0,0,0,0,0,0,False,False,False
2015-04-27,0,27,43,0,1,1,0,12,6127,99,0,12,0,0,0,0,0,0,False,False,False
2015-04-28,0,27,43,0,1,1,0,12,6151,99,0,12,0,0,0,0,0,0,False,False,False
2015-04-29,0,31,43,0,1,1,0,12,6176,99,0,12,0,0,0,0,0,0,False,False,False
2015-04-30,0,30,44,0,1,1,0,13,6199,99,0,13,0,0,0,0,0,0,False,False,False
2015-05-01,0,28,44,0,1,1,0,14,6223,99,0,14,0,0,0,0,0,0,False,False,False
2015-05-02,0,31,44,0,1,1,0,14,6247,99,0,14,0,0,0,0,0,0,False,False,False
2015-05-03,0,31,44,0,1,1,0,14,6272,99,0,14,0,0,0,0,0,0,False,False,False
2015-05-04,0,31,44,0,1,1,0,14,6295,99,0,14,0,0,0,0,0,0,False,False,False
2015-05-05,0,31,44,0,1,1,0,14,6319,99,0,14,0,0,0,0,0,0,False,False,False
2015-05-06,0,31,44,0,1,1,0,14,6343,99,0,14,0,0,0,0,0,0,False,False,False
2015-05-07,0,31,44,0,1,1,0,14,6367,99,0,14,0,0,0,0,0,0,False,False,False
2015-05-08,0,32,42,0,1,1,0,15,6391,98,0,15,0,0,0,0,0,0,False,False,False
2015-05-09,0,32,42,0,1,1,0,15,6415,98,0,15,0,0,0,0,0,0,False,False,False
2015-05-10,0,32,42,0,1,1,0,15,6440,98,0,15,0,0,0,0,0,0,False,False,False
2015-05-11,0,32,42,0,1,1,0,15,6463,98,0,15,0,0,0,0,0,0,False,False,False
2015-05-12,0,33,42,0,1,1,0,15,6487,98,0,15,0,0,0,0,0,0,False,False,False
2015-05-13,0,31,42,0,1,1,0,15,6511,98,0,15,0,0,0,0,0,0,False,False,False
2015-05-14,0,32,42,0,1,1,0,15,6535,98,0,15,0,0,0,0,0,0,False,False,False
2015-05-15,0,29,42,0,1,1,0,15,6559,98,0,15,0,0,0,0,0,0,False,False,False
2015-05-16,0,32,42,0,1,1,0,15,6584,98,0,15,0,0,0,0,0,0,False,False,False
2015-05-17,0,32,42,0,1,1,0,15,6607,98,0,15,0,0,0,0,0,0,False,False,False
2015-05-18,0,32,42,0,1,1,0,15,6631,98,0,15,0,0,0,0,0,0,False,False,False
2015-05-19,0,32,42,0,1,1,0,15,6655,98,0,15,0,0,0,0,0,0,False,False,False
2015-05-20,0,32,42,0,1,1,0,16,6680,100,0,16,0,0,0,0,0,0,False,False,False
2015-05-21,0,33,42,0,1,1,0,17,6703,100,0,17,0,0,0,0,0,0,False,False,False
2015-05-22,0,32,42,0,1,1,0,17,6727,100,0,17,0,0,0,0,0,0,False,False,False
2015-05-23,0,32,42,0,1,1,0,17,6752,100,0,17,0,0,0,0,0,0,False,False,False
2015-05-24,0,32,42,0,1,1,0,17,6775,100,0,17,0,0,0,0,0,0,False,False,False
2015-05-25,0,30,42,0,1,1,0,17,6799,100,0,17,0,0,0,0,0,0,False,False,False
2015-05-26,0,32,42,0,1,1,0,17,6823,99,0,17,0,0,0,0,0,0,False,False,False
2015-05-27,0,31,42,0,1,1,0,17,6847,99,0,17,0,0,0,0,0,0,False,False,False
2015-05-28,0,32,42,0,1,1,0,17,6871,99,0,17,0,0,0,0,0,0,False,False,False
2015-05-29,0,31,42,0,1,1,0,17,6895,99,0,17,0,0,0,0,0,0,False,False,False
2015-05-30,0,32,42,0,1,1,0,17,6920,99,0,17,0,0,0,0,0,0,False,False,False
2015-05-31,0,32,42,0,1,1,0,17,6943,99,0,17,0,0,0,0,0,0,False,False,False
2015-06-01,0,31,42,0,1,1,0,17,6967,99,0,17,0,0,0,0,0,0,False,False,False
2015-06-02,0,32,42,0,1,1,0,17,6991,99,0,17,0,0,0,0,0,0,False,False,False
2015-06-03,0,32,42,0,1,1,0,17,7015,99,0,17,0,0,0,0,0,0,False,False,False
2015-06-04,0,24,42,0,1,1,0,17,7039,99,0,17,0,0,0,0,0,0,False,False,False
2015-06-05,0,27,42,0,1,1,0,17,7064,99,0,17,0,0,0,0,0,0,False,False,False
2015-06-06,0,27,42,0,1,1,0,17,7087,99,0,17,0,0,0,0,0,0,False,False,False
2015-06-07,0,27,42,0,1,1,0,17,7111,99,0,17,0,0,0,0,0,0,False,False,False
2015-06-08,0,28,42,0,1,1,0,17,7135,99,0,17,0,0,0,0,0,0,False,False,False
2015-06-09,0,28,42,0,1,1,0,17,7159,99,0,17,0,0,0,0,0,0,False,False,False
2015-06-10,0,29,42,0,1,1,0,17,7183,99,0,17,0,0,0,0,0,0,False,False,False
2015-06-11,0,28,42,0,1,1,0,17,7207,99,0,17,0,0,0,0,0,0,False,False,False
2015-06-12,0,26,42,0,1,1,0,17,7232,99,0,17,0,0,0,0,0,0,False,False,False
2015-06-13,0,27,44,0,1,1,0,18,7255,99,0,18,0,0,0,0,0,0,False,False,False
2015-06-14,0,28,44,0,1,1,0,19,7279,99,0,19,0,0,0,0,0,0,False,False,False
2015-06-15,0,27,44,0,1,1,0,20,7303,99,0,20,0,0,0,0,0,0,False,False,False
2015-06-16,0,26,44,0,1,1,0,20,7327,99,0,20,0,0,0,0,0,0,False,False,False
2015-06-17,0,27,44,0,1,1,0,20,7351,99,0,20,0,0,0,0,0,0,False,False,False
2015-06-18,0,27,44,0,1,1,0,20,7375,100,0,20,0,0,0,0,0,0,False,False,False
2015-06-19,0,26,44,0,1,1,0,20,7399,100,0,20,0,0,0,0,0,0,False,False,False
2015-06-20,0,26,44,0,1,1,0,20,7423,100,0,20,0,0,0,0,0,0,False,False,False
2015-06-21,0,26,44,0,1,1,0,20,7447,100,0,20,0,0,0,0,0,0,False,False,False
2015-06-22,0,25,44,0,1,1,0,20,7472,100,0,20,0,0,0,0,0,0,False,False,False
2015-06-23,0,25,44,0,1,1,0,20,7495,100,0,20,0,0,0,0,0,0,False,False,False
2015-06-24,0,25,44,0,1,1,0,20,7519,100,0,20,0,0,0,0,0,0,False,False,False
2015-06-25,0,26,43,0,1,1,0,20,7544,100,0,20,0,0,0,0,0,0,False,False,False
2015-06-26,0,26,43,0,1,1,0,21,7567,100,0,21,0,0,0,0,0,0,False,False,False
2015-06-27,0,26,43,0,1,1,0,22,7591,100,0,22,0,0,0,0,0,0,False,False,False
2015-06-28,0,26,43,0,1,1,0,22,7615,100,0,22,0,0,0,0,0,0,False,False,False
2015-06-29,0,27,43,0,1,1,0,22,7639,100,0,22,0,0,0,0,0,0,False,False,False
2015-06-30,0,26,43,0,1,1,0,22,7663,100,0,22,0,0,0,0,0,0,False,False,False
2015-07-01,0,27,43,0,1,1,0,22,7687,100,0,22,0,0,0,0,0,0,False,False,False
2015-07-02,0,26,43,0,1,1,0,22,7712,100,0,22,0,0,0,0,0,0,False,False,False
2015-07-03,0,26,43,0,1,1,0,22,7735,100,0,22,0,0,0,0,0,0,False,False,False
2015-07-04,0,26,43,0,1,1,0,22,7759,100,0,22,0,0,0,0,0,0,False,False,False
2015-07-05,0,26,43,0,1,1,0,22,7784,100,0,22,0,0,0,0,0,0,False,False,False
2015-07-06,0,25,43,0,1,1,0,22,7807,100,0,22,0,0,0,0,0,0,False,False,False
2015-07-07,0,26,43,0,1,1,0,22,7831,100,0,22,0,0,0,0,0,0,False,False,False
2015-07-08,0,26,43,0,1,1,0,22,7855,100,0,22,0,0,0,0,0,0,False,False,False
2015-07-09,0,26,43,0,1,1,0,22,7879,100,0,22,0,0,0,0,0,0,False,False,False
2015-07-10,0,25,43,0,1,1,0,22,7903,100,0,22,0,0,0,0,0,0,False,False,False
2015-07-11,0,25,43,0,1,1,0,22,7927,100,0,22,0,0,0,0,0,0,False,False,False
2015-07-12,0,24,43,0,1,1,0,22,7951,100,0,22,0,0,0,0,0,0,False,False,False
2015-07-13,0,25,43,0,1,1,0,22,7975,100,0,22,0,0,0,0,0,0,False,False,False
2015-07-14,0,24,43,0,1,1,0,22,7999,100,0,22,0,0,0,0,0,0,False,False,False
2015-07-15,0,25,43,0,1,1,0,22,8024,100,0,22,0,0,0,0,0,0,False,False,False
2015-07-16,0,26,43,0,1,1,0,22,8047,100,0,22,0,0,0,0,0,0,False,False,False
2015-07-17,0,26,43,0,1,1,0,22,8071,100,0,22,0,0,0,0,0,0,False,False,False
2015-07-18,0,27,43,0,1,1,0,22,8095,100,0,22,0,0,0,0,0,0,False,False,False
2015-07-19,0,25,43,0,1,1,0,23,8120,100,0,23,0,0,0,0,0,0,False,False,False
2015-07-20,0,26,43,0,1,1,0,24,8143,100,0,24,0,0,0,0,0,0,False,False,False
2015-07-21,0,26,43,0,1,1,0,24,8167,100,0,24,0,0,0,0,0,0,False,False,False
2015-07-22,0,26,43,0,1,1,0,24,8191,100,0,24,0,0,0,0,0,0,False,False,False
2015-07-23,0,28,43,0,1,1,0,24,8216,100,0,24,0,0,0,0,0,0,False,False,False
2015-07-24,0,29,43,0,1,1,0,24,8239,100,0,24,0,0,0,0,0,0,False,False,False
2015-07-25,0,23,44,0,1,1,0,25,8263,100,0,25,0,0,0,0,0,0,False,False,False
2015-07-26,0,23,44,0,1,1,0,25,8288,100,0,25,0,0,0,0,0,0,False,False,False
2015-07-27,0,23,44,0,1,1,0,25,8311,100,0,25,0,0,0,0,0,0,False,False,False
2015-07-28,0,21,44,0,1,1,0,25,8335,100,0,25,0,0,0,0,0,0,False,False,False
2015-07-29,0,23,44,0,1,1,0,25,8359,100,0,25,0,0,0,0,0,0,False,False,False
2015-07-30,0,22,42,0,2,2,0,28,8383,99,0,28,0,0,0,0,0,0,False,False,False
2015-07-31,0,23,42,0,2,2,0,29,8407,98,0,29,0,0,0,0,0,0,False,False,False
2015-08-01,0,23,42,0,2,2,0,29,8431,98,0,29,0,0,0,0,0,0,False,False,False
2015-08-02,0,23,42,0,2,2,0,30,8455,98,0,30,0,0,0,0,0,0,False,False,False
2015-08-03,0,23,42,0,2,2,0,30,8479,98,0,30,0,0,0,0,0,0,False,False,False
2015-08-04,0,23,42,0,2,2,0,30,8503,98,0,30,0,0,0,0,0,0,False,False,False
2015-08-05,0,24,42,0,2,2,0,30,8527,98,0,30,0,0,0,0,0,0,False,False,False
2015-08-06,0,23,42,0,2,2,0,30,8551,98,0,30,0,0,0,0,0,0,False,False,False
2015-08-07,0,23,42,0,2,2,0,30,8575,98,0,30,0,0,0,0,0,0,False,False,False
2015-08-08,0,23,42,0,2,2,0,30,8599,98,0,30,0,0,0,0,0,0,False,False,False
2015-08-09,0,22,42,0,2,2,0,30,8623,98,0,30,0,0,0,0,0,0,False,False,False
2015-08-10,0,23,42,0,2,2,0,30,8647,98,0,30,0,0,0,0,0,0,False,False,False
2015-08-11,0,23,42,0,2,2,0,30,8671,98,0,30,0,0,0,0,0,0,False,False,False
2015-08-12,0,22,42,0,2,2,0,30,8695,98,0,30,0,0,0,0,0,0,False,False,False
2015-08-13,0,23,42,0,2,2,0,30,8719,98,0,30,0,0,0,0,0,0,False,False,False
2015-08-14,0,23,42,0,2,2,0,30,8743,98,0,30,0,0,0,0,0,0,False,False,False
2015-08-15,0,23,42,0,2,2,0,30,8767,100,0,30,0,0,0,0,0,0,False,False,False
2015-08-16,0,23,42,0,2,2,0,30,8791,100,0,30,0,0,0,0,0,0,False,False,False
2015-08-17,0,23,43,0,2,2,0,31,8815,100,0,31,0,0,0,0,0,0,False,False,False
2015-08-18,0,23,43,0,2,2,0,32,8839,100,0,32,0,0,0,0,0,0,False,False,False
2015-08-19,0,23,43,0,2,2,0,32,8864,100,0,32,0,0,0,0,0,0,False,False,False
2015-08-20,0,24,43,0,2,2,0,32,8887,100,0,32,0,0,0,0,0,0,False,False,False
2015-08-21,0,23,43,0,2,2,0,32,8911,100,0,32,0,0,0,0,0,0,False,False,False
2015-08-22,0,23,43,0,2,2,0,32,8935,100,0,32,0,0,0,0,0,0,False,False,False
2015-08-23,0,23,43,0,2,2,0,32,8959,100,0,32,0,0,0,0,0,0,False,False,False
2015-08-24,0,23,43,0,2,2,0,32,8983,100,0,32,0,0,0,0,0,0,False,False,False
2015-08-25,0,23,43,0,2,2,0,32,9007,100,0,32,0,0,0,0,0,0,False,False,False
2015-08-26,0,23,43,0,2,2,0,32,9032,100,0,32,0,0,0,0,0,0,False,False,False
2015-08-27,0,23,43,0,2,2,0,32,9055,100,0,32,0,0,0,0,0,0,False,False,False
2015-08-28,0,23,43,0,2,2,0,32,9079,100,0,32,0,0,0,0,0,0,False,False,False
2015-08-29,0,23,43,0,2,2,0,32,9104,100,0,32,0,0,0,0,0,0,False,False,False
2015-08-30,0,23,43,0,2,2,0,32,9127,100,0,32,0,0,0,0,0,0,False,False,False
2015-08-31,0,23,43,0,2,2,0,32,9151,100,0,32,0,0,0,0,0,0,False,False,False
2015-09-01,0,23,43,0,2,2,0,32,9176,100,0,32,0,0,0,0,0,0,False,False,False
2015-09-02,0,23,43,0,2,2,0,32,9199,100,0,32,0,0,0,0,0,0,False,False,False
2015-09-03,0,23,43,0,2,2,0,32,9223,100,0,32,0,0,0,0,0,0,False,False,False
2015-09-04,0,23,43,0,2,2,0,32,9247,100,0,32,0,0,0,0,0,0,False,False,False
2015-09-05,0,23,43,0,2,2,0,32,9272,100,0,32,0,0,0,0,0,0,False,False,False
2015-09-06,0,23,43,0,2,2,0,32,9295,100,0,32,0,0,0,0,0,0,False,False,False
2015-09-07,0,23,43,0,2,2,0,32,9319,100,0,32,0,0,0,0,0,0,False,False,False
2015-09-08,0,23,43,0,2,2,0,32,9343,100,0,32,0,0,0,0,0,0,False,False,False
2015-09-09,0,23,43,0,2,2,0,32,9367,100,0,32,0,0,0,0,0,0,False,False,False
2015-09-10,0,22,43,0,2,2,0,33,9391,100,0,33,0,0,0,0,0,0,False,False,False
2015-09-11,0,22,43,0,2,2,0,34,9415,100,0,34,0,0,0,0,0,0,False,False,False
2015-09-12,0,22,43,0,2,2,0,34,9439,100,0,34,0,0,0,0,0,0,False,False,False
2015-09-13,0,23,43,0,2,2,0,34,9463,100,0,34,0,0,0,0,0,0,False,False,False
2015-09-14,0,22,43,0,2,2,0,34,9487,100,0,34,0,0,0,0,0,0,False,False,False
2015-09-15,0,22,43,0,2,2,0,34,9512,100,0,34,0,0,0,0,0,0,False,False,False
2015-09-16,0,22,42,0,2,2,0,35,9535,100,0,35,0,0,0,0,0,0,False,False,False
2015-09-17,0,23,42,0,2,2,0,36,9559,100,0,36,0,0,0,0,0,0,False,False,False
2015-09-18,0,23,42,0,2,2,0,37,9584,100,0,37,0,0,0,0,0,0,False,False,False
2015-09-19,0,23,42,0,2,2,0,37,9607,100,0,37,0,0,0,0,0,0,False,False,False
2015-09-20,0,23,42,0,2,2,0,37,9631,100,0,37,0,0,0,0,0,0,False,False,False
2015-09-21,0,22,43,0,2,2,0,38,9656,100,0,38,0,0,0,0,0,0,False,False,False
2015-09-22,0,22,43,0,2,2,0,38,9679,100,0,38,0,0,0,0,0,0,False,False,False
2015-09-23,0,23,43,0,2,2,0,38,9703,100,0,38,0,0,0,0,0,0,False,False,False
2015-09-24,0,23,43,0,2,2,0,38,9727,100,0,38,0,0,0,0,0,0,False,False,False
2015-09-25,0,23,43,0,2,2,0,38,9751,100,0,38,0,0,0,0,0,0,False,False,False
2015-09-26,0,23,43,0,2,2,0,38,9775,100,0,38,0,0,0,0,0,0,False,False,False
2015-09-27,0,23,43,0,2,2,0,38,9799,100,0,38,0,0,0,0,0,0,False,False,False
2015-09-28,0,23,43,0,2,2,0,38,9824,100,0,38,0,0,0,0,0,0,False,False,False
2015-09-29,0,23,43,0,2,2,0,39,9847,100,0,39,0,0,0,0,0,0,False,False,False
2015-09-30,0,23,43,0,2,2,0,39,9871,100,0,39,0,0,0,0,0,0,False,False,False
2015-10-01,0,23,43,0,2,2,0,39,9896,100,0,39,0,0,0,0,0,0,False,False,False
2015-10-02,0,23,43,0,2,2,0,39,9919,100,0,39,0,0,0,0,0,0,False,False,False
2015-10-03,0,23,43,0,2,2,0,39,9943,100,0,39,0,0,0,0,0,0,False,False,False
2015-10-04,0,23,43,0,2,2,0,39,9967,100,0,39,0,0,0,0,0,0,False,False,False
2015-10-05,0,23,43,0,2,2,0,39,9991,100,0,39,0,0,0,0,0,0,False,False,False
2015-10-06,0,23,43,0,2,2,0,39,10015,100,0,39,0,0,0,0,0,0,False,False,False
2015-10-07,0,23,43,0,2,2,0,39,10039,100,0,39,0,0,0,0,0,0,False,False,False
2015-10-08,0,28,43,0,2,2,0,39,10064,100,0,39,0,0,0,0,0,0,False,False,False
2015-10-09,0,28,43,0,2,2,0,40,10087,100,0,40,0,0,0,0,0,0,False,False,False
2015-10-10,0,27,43,0,2,2,0,40,10111,100,0,40,0,0,0,0,0,0,False,False,False
2015-10-11,0,27,43,0,2,2,0,40,10135,100,0,40,0,0,0,0,0,0,False,False,False
2015-10-12,0,28,43,0,2,2,0,40,10159,100,0,40,0,0,0,0,0,0,False,False,False
2015-10-13,0,27,43,0,2,2,0,40,10183,100,0,40,0,0,0,0,0,0,False,False,False
2015-10-14,0,27,43,0,2,2,0,40,10207,100,0,40,0,0,0,0,0,0,False,False,False
2015-10-15,0,27,43,0,2,2,0,40,10232,100,0,40,0,0,0,0,0,0,False,False,False
2015-10-16,0,27,43,0,2,2,0,40,10255,100,0,40,0,0,0,0,0,0,False,False,False
2015-10-17,0,26,42,0,2,2,0,41,10279,100,0,41,0,0,0,0,0,0,False,False,False
2015-10-18,0,26,42,0,2,2,0,41,10304,100,0,41,0,0,0,0,0,0,False,False,False
2015-10-19,0,27,42,0,2,2,0,41,10327,100,0,41,0,0,0,0,0,0,False,False,False
2015-10-20,0,27,42,0,2,2,0,41,10351,100,0,41,0,0,0,0,0,0,False,False,False
2015-10-21,0,27,42,0,2,2,0,41,10376,100,0,41,0,0,0,0,0,0,False,False,False
2015-10-22,0,27,42,0,2,2,0,41,10399,100,0,41,0,0,0,0,0,0,False,False,False
2015-10-23,0,27,42,0,2,2,0,41,10423,100,0,41,0,0,0,0,0,0,False,False,False
2015-10-24,0,26,42,0,2,2,0,41,10448,100,0,41,0,0,0,0,0,0,False,False,False
2015-10-25,0,26,42,0,2,2,0,41,10471,100,0,41,0,0,0,0,0,0,False,False,False
2015-10-26,0,27,42,0,2,2,0,41,10495,100,0,41,0,0,0,0,0,0,False,False,False
2015-10-27,0,27,43,0,2,2,0,42,10520,100,0,42,0,0,0,0,0,0,False,False,False
2015-10-28,0,26,43,0,2,2,0,42,10544,100,0,42,0,0,0,0,0,0,False,False,False
2015-10-29,0,27,43,0,2,2,0,42,10567,100,0,42,0,0,0,0,0,0,False,False,False
2015-10-30,0,27,43,0,2,2,0,42,10591,100,0,42,0,0,0,0,0,0,False,False,False
2015-10-31,0,27,43,0,2,2,0,42,10616,100,0,42,0,0,0,0,0,0,False,False,False
2015-11-02,0,26,43,0,2,2,0,43,10664,100,0,43,0,0,0,0,0,0,False,False,False
2015-11-03,0,26,43,0,2,2,0,43,10688,100,0,43,0,0,0,0,0,0,False,False,False
2015-11-04,0,26,43,0,2,2,0,43,10712,100,0,43,0,0,0,0,0,0,False,False,False
2015-11-05,0,27,43,0,2,2,0,43,10736,100,0,43,0,0,0,0,0,0,False,False,False
2015-11-06,0,27,43,0,2,2,0,43,10760,100,0,43,0,0,0,0,0,0,False,False,False
2015-11-07,0,28,43,0,2,2,0,43,10784,100,0,43,0,0,0,0,0,0,False,False,False
2015-11-08,0,27,43,0,2,2,0,43,10808,100,0,43,0,0,0,0,0,0,False,False,False
2015-11-09,0,27,43,0,2,2,0,43,10833,100,0,43,0,0,0,0,0,0,False,False,False
2015-11-10,0,27,43,0,2,2,0,43,10856,100,0,43,0,0,0,0,0,0,False,False,False
2015-11-11,0,26,43,0,2,2,0,43,10880,100,0,43,0,0,0,0,0,0,False,False,False
2015-11-12,0,26,43,0,2,2,0,43,10904,100,0,43,0,0,0,0,0,0,False,False,False
2015-11-13,0,26,43,0,2,2,0,44,10928,100,0,44,0,0,0,0,0,0,False,False,False
2015-11-14,0,26,43,0,2,2,0,44,10952,100,0,44,0,0,0,0,0,0,False,False,False
2015-11-15,0,26,43,0,2,2,0,44,10977,100,0,44,0,0,0,0,0,0,False,False,False
2015-11-16,0,27,43,0,2,2,0,44,11000,100,0,44,0,0,0,0,0,0,False,False,False
2015-11-17,0,24,43,0,2,2,0,44,11024,100,0,44,0,0,0,0,0,0,False,False,False
2015-11-18,0,28,43,0,2,2,0,45,11048,100,0,45,0,0,0,0,0,0,False,False,False
2015-11-19,0,29,43,0,2,2,0,45,11073,100,0,45,0,0,0,0,0,0,False,False,False
2015-11-20,0,26,43,0,2,2,0,45,11096,100,0,45,0,0,0,0,0,0,False,False,False
2015-11-21,0,28,43,0,2,2,0,45,11120,100,0,45,0,0,0,0,0,0,False,False,False
2015-11-22,0,25,43,0,2,2,0,45,11144,100,0,45,0,0,0,0,0,0,False,False,False
2015-11-23,0,24,43,0,2,2,0,45,11168,100,0,45,0,0,0,0,0,0,False,False,False
2015-11-24,0,25,43,0,2,2,0,45,11192,100,0,45,0,0,0,0,0,0,False,False,False
2015-11-25,0,26,43,0,2,2,0,45,11216,100,0,45,0,0,0,0,0,0,False,False,False
2015-11-26,0,25,43,0,2,2,0,45,11240,100,0,45,0,0,0,0,0,0,False,False,False
2015-11-27,0,25,44,0,2,2,0,46,11264,100,0,46,0,0,0,0,0,0,False,False,False
2015-11-28,0,24,44,0,2,2,0,47,11288,100,0,47,0,0,0,0,0,0,False,False,False
2015-11-29,0,24,44,0,2,2,0,47,11312,100,0,47,0,0,0,0,0,0,False,False,False
2015-11-30,0,25,44,0,2,2,0,47,11336,100,0,47,0,0,0,0,0,0,False,False,False
2015-12-01,0,25,44,0,2,2,0,47,11360,100,0,47,0,0,0,0,0,0,False,False,False
2015-12-02,0,26,44,0,2,2,0,48,11384,100,0,48,0,0,0,0,0,0,False,False,False
2015-12-03,0,24,44,0,2,2,0,48,11408,100,0,48,0,0,0,0,0,0,False,False,False
2015-12-04,0,25,44,0,2,2,0,48,11432,100,0,48,0,0,0,0,0,0,False,False,False
2015-12-05,0,26,44,0,2,2,0,48,11456,100,0,48,0,0,0,0,0,0,False,False,False
2015-12-06,0,25,44,0,2,2,0,48,11480,100,0,48,0,0,0,0,0,0,False,False,False
2015-12-07,0,25,44,0,2,2,0,48,11504,100,0,48,0,0,0,0,0,0,False,False,False
2015-12-08,0,25,44,0,2,2,0,48,11528,100,0,48,0,0,0,0,0,0,False,False,False
2015-12-09,0,24,44,0,2,2,0,48,11553,100,0,48,0,0,0,0,0,0,False,False,False
2015-12-10,0,24,45,0,2,2,0,48,11576,100,0,48,0,0,0,0,0,0,False,False,False
2015-12-11,0,25,45,0,2,2,0,49,11600,100,0,49,0,0,0,0,0,0,False,False,False
2015-12-12,0,27,45,0,2,2,0,49,11625,100,0,49,0,0,0,0,0,0,False,False,False
2015-12-13,0,26,45,0,2,2,0,49,11648,100,0,49,0,0,0,0,0,0,False,False,False
2015-12-14,0,26,45,0,2,2,0,49,11672,100,0,49,0,0,0,0,0,0,False,False,False
2015-12-15,0,27,45,0,2,2,0,50,11696,100,0,50,0,0,0,0,0,0,False,False,False
2015-12-16,0,26,45,0,2,2,0,50,11720,100,0,50,0,0,0,0,0,0,False,False,False
2015-12-17,0,26,45,0,2,2,0,50,11744,100,0,50,0,0,0,0,0,0,False,False,False
2015-12-18,0,26,45,0,2,2,0,50,11768,100,0,50,0,0,0,0,0,0,False,False,False
2015-12-19,0,26,44,0,2,2,0,51,11792,100,0,51,0,0,0,0,0,0,False,False,False
2015-12-20,0,26,44,0,2,2,0,51,11816,100,0,51,0,0,0,0,0,0,False,False,False
2015-12-21,0,26,44,0,2,2,0,51,11840,100,0,51,0,0,0,0,0,0,False,False,False
2015-12-22,0,25,42,0,2,2,0,52,11864,100,0,52,0,0,0,0,0,0,False,False,False
2015-12-23,0,25,42,0,2,2,0,52,11888,100,0,52,0,0,0,0,0,0,False,False,False
2015-12-24,0,25,42,0,2,2,0,52,11912,100,0,52,0,0,0,0,0,0,False,False,False
2015-12-25,0,26,42,0,2,2,0,52,11937,100,0,52,0,0,0,0,0,0,False,False,False
2015-12-26,0,26,42,0,2,2,0,52,11960,100,0,52,0,0,0,0,0,0,False,False,False
2015-12-27,0,25,42,0,2,2,0,53,11984,100,0,53,0,0,0,0,0,0,False,False,False
2015-12-28,0,28,42,0,2,2,0,53,12008,100,0,53,0,0,0,0,0,0,False,False,False
2015-12-29,0,27,42,0,2,2,0,53,12032,100,0,53,0,0,0,0,0,0,False,False,False
2015-12-30,0,27,42,0,2,2,0,53,12056,100,0,53,0,0,0,0,0,0,False,False,False
2015-12-31,0,27,42,0,2,2,0,53,12080,100,0,53,0,0,0,0,0,0,False,False,False
2016-01-01,0,27,42,0,2,2,0,53,12105,100,0,53,0,0,0,0,0,0,False,False,False
2016-01-02,0,27,42,0,2,2,0,53,12128,100,0,53,0,0,0,0,0,0,False,False,False
2016-01-03,0,28,42,0,2,2,0,53,12152,100,0,53,0,0,0,0,0,0,False,False,False
2016-01-04,0,28,45,0,2,2,0,54,12176,100,0,54,0,0,0,0,0,0,False,False,False
2016-01-05,0,28,45,0,2,2,0,55,12200,100,0,55,0,0,0,0,0,0,False,False,False
2016-01-06,0,27,45,0,2,2,0,55,12224,100,0,55,0,0,0,0,0,0,False,False,False
2016-01-07,0,27,45,0,2,2,0,55,12248,100,0,55,0,0,0,0,0,0,False,False,False
2016-01-08,0,29,45,0,2,2,0,55,12272,100,0,55,0,0,0,0,0,0,False,False,False
2016-01-09,0,27,45,0,2,2,0,55,12296,100,0,55,0,0,0,0,0,0,False,False,False
2016-01-10,0,27,45,0,2,2,0,55,12321,100,0,55,0,0,0,0,0,0,False,False,False
2016-01-11,0,27,45,0,2,2,0,55,12345,100,0,55,0,0,0,0,0,0,False,False,False
2016-01-12,0,27,45,0,2,2,0,55,12368,100,0,55,0,0,0,0,0,0,False,False,False
2016-01-13,0,28,45,0,2,2,0,55,12392,100,0,55,0,0,0,0,0,0,False,False,False
2016-01-14,0,27,45,0,2,2,0,55,12417,100,0,55,0,0,0,0,0,0,False,False,False
2016-01-15,0,27,45,0,2,2,0,55,12440,100,0,55,0,0,0,0,0,0,False,False,False
2016-01-16,0,26,45,0,2,2,0,55,12464,100,0,55,0,0,0,0,0,0,False,False,False
2016-01-17,0,27,45,0,2,2,0,55,12488,100,0,55,0,0,0,0,0,0,False,False,False
2016-01-18,0,26,44,0,2,2,0,56,12512,100,0,56,0,0,0,0,0,0,False,False,False
2016-01-19,0,26,44,0,2,2,0,56,12536,100,0,56,0,0,0,0,0,0,False,False,False
2016-01-20,0,25,44,0,2,2,0,56,12560,100,0,56,0,0,0,0,0,0,False,False,False
2016-01-21,0,25,44,0,2,2,0,56,12585,100,0,56,0,0,0,0,0,0,False,False,False
2016-01-22,0,24,43,0,2,2,0,57,12608,100,0,57,0,0,0,0,0,0,False,False,False
2016-01-23,0,24,43,0,2,2,0,57,12632,100,0,57,0,0,0,0,0,0,False,False,False
2016-01-24,0,25,43,0,2,2,0,57,12657,100,0,57,0,0,0,0,0,0,False,False,False
2016-01-25,0,25,43,0,2,2,0,57,12680,100,0,57,0,0,0,0,0,0,False,False,False
2016-01-26,0,25,43,0,2,2,0,57,12704,100,0,57,0,0,0,0,0,0,False,False,False
2016-01-27,0,25,43,0,2,2,0,57,12729,100,0,57,0,0,0,0,0,0,False,False,False
2016-01-28,0,25,43,0,2,2,0,57,12752,100,0,57,0,0,0,0,0,0,False,False,False
2016-01-29,0,25,43,0,2,2,0,57,12776,100,0,57,0,0,0,0,0,0,False,False,False
2016-01-30,0,25,42,0,2,2,0,58,12800,100,0,58,0,0,0,0,0,0,False,False,False
2016-01-31,0,29,42,0,2,2,0,58,12825,100,0,58,0,0,0,0,0,0,False,False,False
2016-02-01,0,29,42,0,2,2,0,58,12848,100,0,58,0,0,0,0,0,0,False,False,False
2016-02-02,0,26,42,0,2,2,0,58,12872,100,0,58,0,0,0,0,0,0,False,False,False
2016-02-03,0,26,42,0,2,2,0,58,12897,100,0,58,0,0,0,0,0,0,False,False,False
2016-02-04,0,27,42,0,2,2,0,58,12920,100,0,58,0,0,0,0,0,0,False,False,False
2016-02-05,0,28,42,0,2,2,0,58,12944,100,0,58,0,0,0,0,0,0,False,False,False
2016-02-06,0,25,42,0,2,2,0,58,12968,100,0,58,0,0,0,0,0,0,False,False,False
2016-02-07,0,24,42,0,2,2,0,58,12992,100,0,58,0,0,0,0,0,0,False,False,False
2016-02-08,0,24,42,0,2,2,0,58,13016,100,0,58,0,0,0,0,0,0,False,False,False
2016-02-09,0,25,42,0,2,2,0,58,13040,100,0,58,0,0,0,0,0,0,False,False,False
2016-02-10,0,24,42,0,2,2,0,58,13065,100,0,58,0,0,0,0,0,0,False,False,False
2016-02-11,0,25,43,0,2,2,0,59,13088,100,0,59,0,0,0,0,0,0,False,False,False
2016-02-12,0,24,43,0,2,2,0,59,13112,100,0,59,0,0,0,0,0,0,False,False,False
2016-02-13,0,24,43,0,2,2,0,59,13137,100,0,59,0,0,0,0,0,0,False,False,False
2016-02-14,0,24,43,0,2,2,0,59,13160,100,0,59,0,0,0,0,0,0,False,False,False
2016-02-15,0,24,43,0,2,2,0,59,13184,100,0,59,0,0,0,0,0,0,False,False,False
2016-02-16,0,24,43,0,2,2,0,59,13208,100,0,59,0,0,0,0,0,0,False,False,False
2016-02-17,0,24,43,0,2,2,0,59,13232,100,0,59,0,0,0,0,0,0,False,False,False
2016-02-18,0,24,43,0,2,2,0,59,13256,100,0,59,0,0,0,0,0,0,False,False,False
2016-02-19,0,24,43,0,2,2,0,60,13280,100,0,60,0,0,0,0,0,0,False,False,False
2016-02-20,0,24,43,0,2,2,0,60,13305,100,0,60,0,0,0,0,0,0,False,False,False
2016-02-21,0,24,43,0,2,2,0,60,13328,100,0,60,0,0,0,0,0,0,False,False,False
2016-02-22,0,25,43,0,2,2,0,60,13352,100,0,60,0,0,0,0,0,0,False,False,False
2016-02-23,0,24,43,0,2,2,0,61,13376,100,0,61,0,0,0,0,0,0,False,False,False
2016-02-24,0,25,43,0,2,2,0,62,13400,100,0,62,0,0,0,0,0,0,False,False,False
2016-02-25,0,24,43,0,2,2,0,62,13424,100,0,62,0,0,0,0,0,0,False,False,False
2016-02-26,0,24,43,0,2,2,0,62,13448,100,0,62,0,0,0,0,0,0,False,False,False
2016-02-27,0,24,43,0,2,2,0,63,13472,100,0,63,0,0,0,0,0,0,False,False,False
2016-02-28,0,25,43,0,2,2,0,63,13496,100,0,63,0,0,0,0,0,0,False,False,False
2016-02-29,0,24,43,0,2,2,0,63,13520,100,0,63,0,0,0,0,0,0,False,False,False
2016-03-01,0,24,43,0,2,2,0,63,13544,100,0,63,0,0,0,0,0,0,False,False,False
2016-03-02,0,23,43,0,2,2,0,63,13568,100,0,63,0,0,0,0,0,0,False,False,False
2016-03-03,0,24,43,0,2,2,0,64,13592,100,0,64,0,0,0,0,0,0,False,False,False
2016-03-04,0,24,43,0,2,2,0,64,13616,100,0,64,0,0,0,0,0,0,False,False,False
2016-03-05,0,24,43,0,2,2,0,64,13640,100,0,64,0,0,0,0,0,0,False,False,False
2016-03-06,0,25,43,0,2,2,0,64,13664,100,0,64,0,0,0,0,0,0,False,False,False
2016-03-07,0,25,43,0,2,2,0,64,13688,100,0,64,0,0,0,0,0,0,False,False,False
2016-03-08,0,26,43,0,2,2,0,64,13712,100,0,64,0,0,0,0,0,0,False,False,False
2016-03-09,0,26,43,0,2,2,0,64,13736,100,0,64,0,0,0,0,0,0,False,False,False
2016-03-10,0,25,43,0,2,2,0,64,13761,100,0,64,0,0,0,0,0,0,False,False,False
2016-03-11,0,25,43,0,2,2,0,64,13784,100,0,64,0,0,0,0,0,0,False,False,False
2016-03-12,0,26,43,0,2,2,0,64,13808,100,0,64,0,0,0,0,0,0,False,False,False
2016-03-13,0,26,43,0,2,2,0,64,13832,100,0,64,0,0,0,0,0,0,False,False,False
2016-03-14,0,26,44,0,2,2,0,65,13857,100,0,65,0,0,0,0,0,0,False,False,False
2016-03-15,0,24,44,0,2,2,0,66,13879,100,0,66,0,0,0,0,0,0,False,False,False
2016-03-16,0,26,43,0,2,2,0,67,13903,100,0,67,0,0,0,0,0,0,False,False,False
2016-03-17,0,24,43,0,2,2,0,68,13927,100,0,68,0,0,0,0,0,0,False,False,False
2016-03-18,0,24,43,0,2,2,0,68,13952,100,0,68,0,0,0,0,0,0,False,False,False
2016-03-19,0,24,43,0,2,2,0,68,13975,100,0,68,0,0,0,0,0,0,False,False,False
2016-03-20,0,24,43,0,2,2,0,68,13999,100,0,68,0,0,0,0,0,0,False,False,False
2016-03-21,0,24,43,0,2,2,0,69,14024,100,0,69,0,0,0,0,0,0,False,False,False
2016-03-22,0,24,43,0,2,2,0,70,14047,100,0,70,0,0,0,0,0,0,False,False,False
2016-03-23,0,24,43,0,2,2,0,70,14071,100,0,70,0,0,0,0,0,0,False,False,False
2016-03-24,0,24,43,0,2,2,0,70,14095,100,0,70,0,0,0,0,0,0,False,False,False
2016-03-25,0,24,43,0,2,2,0,70,14120,100,0,70,0,0,0,0,0,0,False,False,False
2016-03-26,0,24,43,0,2,2,0,70,14143,100,0,70,0,0,0,0,0,0,False,False,False
2016-03-27,0,24,43,0,2,2,0,70,14167,100,0,70,0,0,0,0,0,0,False,False,False
2016-03-28,0,24,43,0,2,2,0,70,14191,100,0,70,0,0,0,0,0,0,False,False,False
2016-03-29,0,24,45,0,2,2,0,71,14215,100,0,71,0,0,0,0,0,0,False,False,False
2016-03-30,0,24,45,0,2,2,0,71,14239,100,0,71,0,0,0,0,0,0,False,False,False
2016-03-31,0,24,45,0,2,2,0,71,14263,99,0,71,0,0,0,0,0,0,False,False,False
2016-04-01,0,24,43,0,2,2,0,72,14287,99,0,72,0,0,0,0,0,0,False,False,False
2016-04-02,0,24,43,0,2,2,0,72,14311,99,0,72,0,0,0,0,0,0,False,False,False
2016-04-03,0,24,43,0,2,2,0,72,14335,100,0,72,0,0,0,0,0,0,False,False,False
2016-04-04,0,24,44,0,2,2,0,73,14360,100,0,73,0,0,0,0,0,0,False,False,False
2016-04-05,0,24,44,0,2,2,0,74,14383,100,0,74,0,0,0,0,0,0,False,False,False
2016-04-06,0,24,44,0,2,2,0,74,14407,100,0,74,0,0,0,0,0,0,False,False,False
2016-04-07,0,23,44,0,2,2,0,74,14431,100,0,74,0,0,0,0,0,0,False,False,False
2016-04-08,0,24,44,0,2,2,0,74,14455,100,0,74,0,0,0,0,0,0,False,False,False
2016-04-09,0,25,44,0,2,2,0,74,14479,100,0,74,0,0,0,0,0,0,False,False,False
2016-04-10,0,25,44,0,2,2,0,74,14503,100,0,74,0,0,0,0,0,0,False,False,False
2016-04-11,0,24,44,0,2,2,0,74,14527,100,0,74,0,0,0,0,0,0,False,False,False
2016-04-12,0,25,44,0,2,2,0,74,14551,100,0,74,0,0,0,0,0,0,False,False,False
2016-04-13,0,24,44,0,2,2,0,74,14575,100,0,74,0,0,0,0,0,0,False,False,False
2016-04-14,0,24,43,0,2,2,0,74,14599,100,0,74,0,0,0,0,0,0,False,False,False
2016-04-15,0,25,43,0,2,2,0,75,14623,100,0,75,0,0,0,0,0,0,False,False,False
2016-04-16,0,25,43,0,2,2,0,76,14647,100,0,76,0,0,0,0,0,0,False,False,False
2016-04-17,0,24,43,0,2,2,0,76,14671,100,0,76,0,0,0,0,0,0,False,False,False
2016-04-18,0,24,43,0,2,2,0,76,14695,100,0,76,0,0,0,0,0,0,False,False,False
2016-04-19,0,23,43,0,2,2,0,76,14719,100,0,76,0,0,0,0,0,0,False,False,False
2016-04-20,0,23,43,0,2,2,0,76,14743,100,0,76,0,0,0,0,0,0,False,False,False
2016-04-21,0,23,42,0,2,2,0,77,14767,100,0,77,0,0,0,0,0,0,False,False,False
2016-04-22,0,25,44,0,2,2,0,78,14791,100,0,78,0,0,0,0,0,0,False,False,False
2016-04-23,0,25,44,0,2,2,0,79,14816,100,0,79,0,0,0,0,0,0,False,False,False
2016-04-24,0,25,43,0,2,2,0,80,14839,100,0,80,0,0,0,0,0,0,False,False,False
2016-04-25,0,24,43,0,2,2,0,80,14863,100,0,80,0,0,0,0,0,0,False,False,False
2016-04-26,0,24,43,0,2,2,0,80,14887,100,0,80,0,0,0,0,0,0,False,False,False
2016-04-27,0,24,42,0,2,2,0,81,14911,100,0,81,0,0,0,0,0,0,False,False,False
2016-04-28,0,24,42,0,2,2,0,81,14935,100,0,81,0,0,0,0,0,0,False,False,False
2016-04-29,0,24,42,0,2,2,0,81,14959,100,0,81,0,0,0,0,0,0,False,False,False
2016-04-30,0,25,44,0,2,2,0,82,14983,100,0,82,0,0,0,0,0,0,False,False,False
2016-05-01,0,23,44,0,2,2,0,83,15007,100,0,83,0,0,0,0,0,0,False,False,False
2016-05-02,0,23,43,0,2,2,0,84,15031,100,0,84,0,0,0,0,0,0,False,False,False
2016-05-03,0,23,42,0,2,2,0,85,15055,100,0,85,0,0,0,0,0,0,False,False,False
2016-05-04,0,23,42,0,2,2,0,85,15079,100,0,85,0,0,0,0,0,0,False,False,False
2016-05-05,0,24,42,0,2,2,0,85,15103,100,0,85,0,0,0,0,0,0,False,False,False
2016-05-06,0,34,42,0,3,3,0,87,15127,99,0,87,0,0,0,0,0,0,False,False,False
2016-05-07,0,34,42,0,3,3,0,87,15151,100,0,87,0,0,0,0,0,0,False,False,False
2016-05-08,0,35,42,0,3,3,0,87,15175,100,0,87,0,0,0,0,0,0,False,False,False
2016-05-09,0,35,45,0,3,3,0,88,15199,100,0,88,0,0,0,0,0,0,False,False,False
2016-05-10,0,34,45,0,3,3,0,88,15223,100,0,88,0,0,0,0,0,0,False,False,False
2016-05-11,0,33,44,0,3,3,0,89,15247,100,0,89,0,0,0,0,0,0,False,False,False
2016-05-12,0,33,44,0,3,3,0,89,15271,100,0,89,0,0,0,0,0,0,False,False,False
2016-05-13,0,34,44,0,3,3,0,89,15295,100,0,89,0,0,0,0,0,0,False,False,False
2016-05-14,0,35,44,0,3,3,0,89,15319,100,0,89,0,0,0,0,0,0,False,False,False
2016-05-15,0,35,44,0,3,3,0,89,15343,100,0,89,0,0,0,0,0,0,False,False,False
2016-05-16,0,34,42,0,3,3,0,90,15367,100,0,90,0,0,0,0,0,0,False,False,False
2016-05-17,0,34,42,0,3,3,0,90,15391,100,0,90,0,0,0,0,0,0,False,False,False
2016-05-18,0,34,42,0,3,3,0,90,15415,100,0,90,0,0,0,0,0,0,False,False,False
2016-05-19,0,34,42,0,3,3,0,90,15439,100,0,90,0,0,0,0,0,0,False,False,False
2016-05-20,0,35,42,0,3,3,0,90,15463,100,0,90,0,0,0,0,0,0,False,False,False
2016-05-21,0,34,42,0,3,3,0,91,15487,100,0,91,0,0,0,0,0,0,False,False,False
2016-05-22,0,35,42,0,3,3,0,91,15511,100,0,91,0,0,0,0,0,0,False,False,False
2016-05-23,0,35,42,0,3,3,0,91,15535,100,0,91,0,0,0,0,0,0,False,False,False
2016-05-24,0,35,43,0,3,3,0,92,15559,100,0,92,0,0,0,0,0,0,False,False,False
2016-05-25,0,35,43,0,3,3,0,93,15583,100,0,93,0,0,0,0,0,0,False,False,False
2016-05-26,0,35,43,0,3,3,0,93,15607,100,0,93,0,0,0,0,0,0,False,False,False
2016-05-27,0,34,42,0,3,3,0,94,15631,100,0,94,0,0,0,0,0,0,False,False,False
2016-05-28,0,34,42,0,3,3,0,94,15655,100,0,94,0,0,0,0,0,0,False,False,False
2016-05-29,0,34,42,0,3,3,0,94,15679,100,0,94,0,0,0,0,0,0,False,False,False
2016-05-30,0,34,43,0,3,3,0,95,15703,100,0,95,0,0,0,0,0,0,False,False,False
2016-05-31,0,34,43,0,3,3,0,95,15727,100,0,95,0,0,0,0,0,0,False,False,False
2016-06-01,0,34,43,0,3,3,0,95,15751,100,0,95,0,0,0,0,0,0,False,False,False
2016-06-02,0,34,43,0,3,3,0,95,15775,100,0,95,0,0,0,0,0,0,False,False,False
2016-06-03,0,34,43,0,3,3,0,95,15799,100,0,95,0,0,0,0,0,0,False,False,False
2016-06-04,0,34,44,0,3,3,0,96,15823,100,0,96,0,0,0,0,0,0,False,False,False
2016-06-05,0,34,44,0,3,3,0,96,15847,100,0,96,0,0,0,0,0,0,False,False,False
2016-06-06,0,35,44,0,3,3,0,96,15871,100,0,96,0,0,0,0,0,0,False,False,False
2016-06-07,0,35,44,0,3,3,0,96,15895,100,0,96,0,0,0,0,0,0,False,False,False
2016-06-08,0,35,45,0,3,3,0,97,15919,100,0,97,0,0,0,0,0,0,False,False,False
2016-06-09,0,35,45,0,3,3,0,97,15943,100,0,97,0,0,0,0,0,0,False,False,False
2016-06-10,0,34,45,0,3,3,0,97,15967,100,0,97,0,0,0,0,0,0,False,False,False
2016-06-11,0,34,45,0,3,3,0,97,15991,100,0,97,0,0,0,0,0,0,False,False,False
2016-06-12,0,34,45,0,3,3,0,97,16015,100,0,97,0,0,0,0,0,0,False,False,False
2016-06-13,0,34,45,0,3,3,0,97,16039,100,0,97,0,0,0,0,0,0,False,False,False
2016-06-14,0,34,45,0,3,3,0,97,16063,100,0,97,0,0,0,0,0,0,False,False,False
2016-06-15,0,35,45,0,3,3,0,97,16087,100,0,97,0,0,0,0,0,0,False,False,False
2016-06-16,0,35,44,0,3,3,0,98,16111,100,0,98,0,0,0,0,0,0,False,False,False
2016-06-17,0,35,44,0,3,3,0,98,16135,100,0,98,0,0,0,0,0,0,False,False,False
2016-06-18,0,34,44,0,3,3,0,98,16159,100,0,98,0,0,0,0,0,0,False,False,False
2016-06-19,0,34,44,0,3,3,0,99,16183,100,0,99,0,0,0,0,0,0,False,False,False
2016-06-20,0,34,42,0,3,3,0,100,16207,99,0,100,0,0,0,0,0,0,False,False,False
2016-06-21,0,34,42,0,3,3,0,100,16231,99,0,100,0,0,0,0,0,0,False,False,False
2016-06-22,0,34,42,0,3,3,0,100,16255,100,0,100,0,0,0,0,0,0,False,False,False
2016-06-23,0,35,44,0,3,3,0,101,16279,100,0,101,0,0,0,0,0,0,False,False,False
2016-06-24,0,34,44,0,3,3,0,101,16303,100,0,101,0,0,0,0,0,0,False,False,False
2016-06-25,0,34,44,0,3,3,0,101,16327,100,0,101,0,0,0,0,0,0,False,False,False
2016-06-26,0,34,43,0,3,3,0,102,16352,100,0,102,0,0,0,0,0,0,False,False,False
2016-06-27,0,34,43,0,3,3,0,103,16375,100,0,103,0,0,0,0,0,0,False,False,False
2016-06-28,0,34,43,0,3,3,0,103,16399,100,0,103,0,0,0,0,0,0,False,False,False
2016-06-29,0,34,44,0,3,3,0,104,16424,100,0,104,0,0,0,0,0,0,False,False,False
2016-06-30,0,34,44,0,3,3,0,104,16447,100,0,104,0,0,0,0,0,0,False,False,False
