date,failure,Smart 194: Temperature_Celsius (Raw Value),Smart 8: Seek_Time_Performance (Raw Value),Smart 1: Raw_Read_Error_Rate (Raw Value),Smart 12: Power_Cycle_Count (Raw Value),Smart 4: Start_Stop_Count (Raw Value),Smart 10: Spin_Retry_Count (Raw Value),Smart 192: Power-Off_Retract_Count (Raw Value),Smart 9: Power_On_Hours (Raw Value),Smart 2: Throughput_Performance (Raw Value),Smart 7: Seek_Error_Rate (Raw Value),Smart 193: Load_Cycle_Count (Raw Value),Smart 3: Spin_Up_Time (Raw Value),Smart 5: Reallocated_Sector_Ct (Raw Value),Smart 197: Current_Pending_Sector (Raw Value),Smart 198: Offline_Uncorrectable (Raw Value),Smart 199: UDMA_CRC_Error_Count (Raw Value),Smart 196: Reallocated_Event_Count (Raw Value),op_fail_30,op_fail_15,op_fail_1
2014-07-23,0,33,0,0,3,3,0,4,12,0,0,4,0,0,0,0,0,0,False,False,False
2014-07-24,0,34,0,0,3,3,0,4,35,0,0,4,0,0,0,0,0,0,False,False,False
2014-07-25,0,34,0,0,3,3,0,5,59,0,0,5,0,0,0,0,0,0,False,False,False
2014-07-26,0,33,0,0,3,3,0,6,84,0,0,6,0,0,0,0,0,0,False,False,False
2014-07-27,0,33,0,0,3,3,0,7,107,0,0,7,0,0,0,0,0,0,False,False,False
2014-07-28,0,33,0,0,3,3,0,8,131,0,0,8,0,0,0,0,0,0,False,False,False
2014-07-29,0,34,0,0,3,3,0,9,156,0,0,9,0,0,0,0,0,0,False,False,False
2014-07-30,0,33,0,0,3,3,0,9,180,0,0,9,0,0,0,0,0,0,False,False,False
2014-07-31,0,33,0,0,3,3,0,10,203,0,0,10,0,0,0,0,0,0,False,False,False
2014-08-01,0,33,0,0,3,3,0,11,228,0,0,11,0,0,0,0,0,0,False,False,False
2014-08-02,0,33,0,0,3,3,0,12,252,0,0,12,0,0,0,0,0,0,False,False,False
2014-08-03,0,33,0,0,3,3,0,12,275,0,0,12,0,0,0,0,0,0,False,False,False
2014-08-04,0,33,0,0,3,3,0,12,299,0,0,12,0,0,0,0,0,0,False,False,False
2014-08-05,0,34,0,0,3,3,0,12,324,0,0,12,0,0,0,0,0,0,False,False,False
2014-08-06,0,33,0,0,3,3,0,12,348,0,0,12,0,0,0,0,0,0,False,False,False
2014-08-07,0,33,0,0,3,3,0,12,371,0,0,12,0,0,0,0,0,0,False,False,False
2014-08-08,0,33,0,0,3,3,0,12,396,0,0,12,0,0,0,0,0,0,False,False,False
2014-08-09,0,33,0,0,3,3,0,12,420,0,0,12,0,0,0,0,0,0,False,False,False
2014-08-10,0,37,0,0,3,3,0,12,443,0,0,12,0,0,0,0,0,0,False,False,False
2014-08-11,0,37,0,0,3,3,0,12,468,0,0,12,0,0,0,0,0,0,False,False,False
2014-08-12,0,36,0,0,3,3,0,12,492,0,0,12,0,0,0,0,0,0,False,False,False
2014-08-13,0,35,0,0,3,3,0,12,510,0,0,12,0,0,0,0,0,0,False,False,False
2014-09-05,0,31,42,0,3,3,0,25,1067,103,0,25,0,0,0,0,0,0,False,False,False
2014-09-06,0,31,43,0,3,3,0,26,1091,104,0,26,0,0,0,0,0,0,False,False,False
2014-09-07,0,31,43,0,3,3,0,27,1116,104,0,27,0,0,0,0,0,0,False,False,False
2014-09-08,0,31,42,0,3,3,0,27,1139,104,0,27,0,0,0,0,0,0,False,False,False
2014-09-09,0,31,42,0,3,3,0,28,1163,104,0,28,0,0,0,0,0,0,False,False,False
2014-09-10,0,30,42,0,3,3,0,28,1188,104,0,28,0,0,0,0,0,0,False,False,False
2014-09-11,0,36,39,0,3,3,0,29,1212,104,0,29,0,0,0,0,0,0,False,False,False
2014-09-12,0,36,39,0,3,3,0,29,1235,104,0,29,0,0,0,0,0,0,False,False,False
2014-09-13,0,36,39,0,3,3,0,29,1260,104,0,29,0,0,0,0,0,0,False,False,False
2014-09-14,0,37,41,0,3,3,0,30,1284,104,0,30,0,0,0,0,0,0,False,False,False
2014-09-15,0,37,41,0,3,3,0,30,1307,104,0,30,0,0,0,0,0,0,False,False,False
2014-09-16,0,37,42,0,3,3,0,31,1331,104,0,31,0,0,0,0,0,0,False,False,False
2014-09-17,0,37,42,0,3,3,0,31,1356,104,0,31,0,0,0,0,0,0,False,False,False
2014-09-18,0,37,41,0,3,3,0,32,1379,104,0,32,0,0,0,0,0,0,False,False,False
2014-09-19,0,37,41,0,3,3,0,32,1403,104,0,32,0,0,0,0,0,0,False,False,False
2014-09-20,0,37,41,0,3,3,0,33,1428,104,0,33,0,0,0,0,0,0,False,False,False
2014-09-21,0,37,41,0,3,3,0,33,1452,104,0,33,0,0,0,0,0,0,False,False,False
2014-09-22,0,37,41,0,3,3,0,33,1475,104,0,33,0,0,0,0,0,0,False,False,False
2014-09-23,0,37,41,0,3,3,0,33,1500,104,0,33,0,0,0,0,0,0,False,False,False
2014-09-24,0,35,41,0,3,3,0,34,1524,104,0,34,0,0,0,0,0,0,False,False,False
2014-09-25,0,30,41,0,3,3,0,34,1547,104,0,34,0,0,0,0,0,0,False,False,False
2014-09-26,0,31,44,0,3,3,0,35,1572,104,0,35,0,0,0,0,0,0,False,False,False
2014-09-27,0,30,44,0,3,3,0,35,1596,103,0,35,0,0,0,0,0,0,False,False,False
2014-09-28,0,30,42,0,3,3,0,36,1619,103,0,36,0,0,0,0,0,0,False,False,False
2014-09-29,0,30,42,0,3,3,0,36,1644,104,0,36,0,0,0,0,0,0,False,False,False
2014-09-30,0,30,42,0,3,3,0,36,1668,104,0,36,0,0,0,0,0,0,False,False,False
2014-10-01,0,31,42,0,3,3,0,37,1691,104,0,37,0,0,0,0,0,0,False,False,False
2014-10-02,0,34,42,0,3,3,0,37,1715,104,0,37,0,0,0,0,0,0,False,False,False
2014-10-03,0,35,42,0,3,3,0,38,1740,104,0,38,0,0,0,0,0,0,False,False,False
2014-10-04,0,35,42,0,3,3,0,38,1764,104,0,38,0,0,0,0,0,0,False,False,False
2014-10-05,0,35,42,0,3,3,0,39,1787,104,0,39,0,0,0,0,0,0,False,False,False
2014-10-06,0,35,42,0,3,3,0,39,1812,104,0,39,0,0,0,0,0,0,False,False,False
2014-10-07,0,35,42,0,3,3,0,39,1836,104,0,39,0,0,0,0,0,0,False,False,False
2014-10-08,0,35,41,0,3,3,0,40,1859,104,0,40,0,0,0,0,0,0,False,False,False
2014-10-09,0,34,41,0,3,3,0,40,1883,104,0,40,0,0,0,0,0,0,False,False,False
2014-10-10,0,35,42,0,3,3,0,40,1908,104,0,40,0,0,0,0,0,0,False,False,False
2014-10-11,0,34,42,0,3,3,0,41,1931,104,0,41,0,0,0,0,0,0,False,False,False
2014-10-12,0,35,42,0,3,3,0,41,1955,104,0,41,0,0,0,0,0,0,False,False,False
2014-10-13,0,35,42,0,3,3,0,42,1980,104,0,42,0,0,0,0,0,0,False,False,False
2014-10-14,0,34,42,0,3,3,0,42,2004,104,0,42,0,0,0,0,0,0,False,False,False
2014-10-15,0,34,42,0,3,3,0,43,2027,104,0,43,0,0,0,0,0,0,False,False,False
2014-10-16,0,34,42,0,3,3,0,43,2052,104,0,43,0,0,0,0,0,0,False,False,False
2014-10-17,0,34,41,0,3,3,0,44,2076,104,0,44,0,0,0,0,0,0,False,False,False
2014-10-18,0,34,41,0,3,3,0,44,2099,104,0,44,0,0,0,0,0,0,False,False,False
2014-10-19,0,34,41,0,3,3,0,44,2124,104,0,44,0,0,0,0,0,0,False,False,False
2014-10-20,0,34,42,0,3,3,0,45,2148,104,0,45,0,0,0,0,0,0,False,False,False
2014-10-21,0,34,42,0,3,3,0,45,2171,104,0,45,0,0,0,0,0,0,False,False,False
2014-10-22,0,34,42,0,3,3,0,45,2196,104,0,45,0,0,0,0,0,0,False,False,False
2014-10-23,0,34,42,0,3,3,0,46,2220,104,0,46,0,0,0,0,0,0,False,False,False
2014-10-24,0,34,42,0,3,3,0,46,2244,104,0,46,0,0,0,0,0,0,False,False,False
2014-10-25,0,33,42,0,3,3,0,46,2267,104,0,46,0,0,0,0,0,0,False,False,False
2014-10-26,0,33,41,0,3,3,0,47,2292,104,0,47,0,0,0,0,0,0,False,False,False
2014-10-27,0,33,42,0,3,3,0,48,2316,102,0,48,0,0,0,0,0,0,False,False,False
2014-10-28,0,34,42,0,3,3,0,49,2339,103,0,49,0,0,0,0,0,0,False,False,False
2014-10-29,0,34,42,0,3,3,0,50,2364,103,0,50,0,0,0,0,0,0,False,False,False
2014-10-30,0,34,42,0,3,3,0,50,2388,103,0,50,0,0,0,0,0,0,False,False,False
2014-10-31,0,34,42,0,3,3,0,50,2411,103,0,50,0,0,0,0,0,0,False,False,False
2014-11-01,0,34,42,0,3,3,0,50,2435,103,0,50,0,0,0,0,0,0,False,False,False
2014-11-03,0,34,42,0,3,3,0,50,2484,103,0,50,0,0,0,0,0,0,False,False,False
2014-11-04,0,34,42,0,3,3,0,50,2509,103,0,50,0,0,0,0,0,0,False,False,False
2014-11-05,0,36,42,0,3,3,0,50,2533,103,0,50,0,0,0,0,0,0,False,False,False
2014-11-06,0,34,42,0,3,3,0,50,2556,103,0,50,0,0,0,0,0,0,False,False,False
2014-11-07,0,34,42,0,3,3,0,50,2580,103,0,50,0,0,0,0,0,0,False,False,False
2014-11-08,0,34,42,0,3,3,0,50,2605,103,0,50,0,0,0,0,0,0,False,False,False
2014-11-09,0,34,42,0,3,3,0,50,2628,103,0,50,0,0,0,0,0,0,False,False,False
2014-11-10,0,34,42,0,3,3,0,50,2652,103,0,50,0,0,0,0,0,0,False,False,False
2014-11-11,0,34,42,0,3,3,0,50,2677,103,0,50,0,0,0,0,0,0,False,False,False
2014-11-12,0,34,42,0,3,3,0,50,2701,103,0,50,0,0,0,0,0,0,False,False,False
2014-11-13,0,34,42,0,3,3,0,50,2725,103,0,50,0,0,0,0,0,0,False,False,False
2014-11-14,0,34,42,0,3,3,0,50,2749,103,0,50,0,0,0,0,0,0,False,False,False
2014-11-15,0,33,42,0,3,3,0,50,2773,103,0,50,0,0,0,0,0,0,False,False,False
2014-11-16,0,34,42,0,3,3,0,50,2796,103,0,50,0,0,0,0,0,0,False,False,False
2014-11-17,0,34,42,0,3,3,0,50,2821,103,0,50,0,0,0,0,0,0,False,False,False
2014-11-18,0,34,42,0,3,3,0,50,2845,103,0,50,0,0,0,0,0,0,False,False,False
2014-11-19,0,34,42,0,3,3,0,50,2868,103,0,50,0,0,0,0,0,0,False,False,False
2014-11-20,0,34,42,0,3,3,0,50,2893,103,0,50,0,0,0,0,0,0,False,False,False
2014-11-21,0,34,42,0,3,3,0,50,2917,103,0,50,0,0,0,0,0,0,False,False,False
2014-11-22,0,34,42,0,3,3,0,50,2941,103,0,50,0,0,0,0,0,0,False,False,False
2014-11-23,0,34,42,0,3,3,0,50,2964,103,0,50,0,0,0,0,0,0,False,False,False
2014-11-24,0,34,42,0,3,3,0,50,2989,103,0,50,0,0,0,0,0,0,False,False,False
2014-11-25,0,34,40,0,3,3,0,51,3013,103,0,51,0,0,0,0,0,0,False,False,False
2014-11-26,0,34,40,0,3,3,0,51,3036,103,0,51,0,0,0,0,0,0,False,False,False
2014-11-27,0,34,40,0,3,3,0,51,3061,104,0,51,0,0,0,0,0,0,False,False,False
2014-11-28,0,34,40,0,3,3,0,51,3085,104,0,51,0,0,0,0,0,0,False,False,False
2014-11-29,0,34,42,0,3,3,0,51,3108,104,0,51,0,0,0,0,0,0,False,False,False
2014-11-30,0,34,42,0,3,3,0,52,3133,104,0,52,0,0,0,0,0,0,False,False,False
2014-12-01,0,34,42,0,3,3,0,52,3157,104,0,52,0,0,0,0,0,0,False,False,False
2014-12-02,0,34,42,0,3,3,0,52,3180,104,0,52,0,0,0,0,0,0,False,False,False
2014-12-03,0,34,40,0,3,3,0,52,3204,104,0,52,0,0,0,0,0,0,False,False,False
2014-12-04,0,34,40,0,3,3,0,53,3229,104,0,53,0,0,0,0,0,0,False,False,False
2014-12-05,0,34,40,0,3,3,0,53,3253,104,0,53,0,0,0,0,0,0,False,False,False
2014-12-06,0,33,40,0,3,3,0,53,3276,104,0,53,0,0,0,0,0,0,False,False,False
2014-12-07,0,33,40,0,3,3,0,53,3301,104,0,53,0,0,0,0,0,0,False,False,False
2014-12-08,0,34,40,0,3,3,0,53,3325,104,0,53,0,0,0,0,0,0,False,False,False
2014-12-09,0,34,40,0,3,3,0,53,3348,104,0,53,0,0,0,0,0,0,False,False,False
2014-12-10,0,33,40,0,3,3,0,53,3373,104,0,53,0,0,0,0,0,0,False,False,False
2014-12-11,0,34,40,0,3,3,0,53,3397,104,0,53,0,0,0,0,0,0,False,False,False
2014-12-12,0,34,41,0,3,3,0,53,3420,104,0,53,0,0,0,0,0,0,False,False,False
2014-12-13,0,34,41,0,3,3,0,53,3445,104,0,53,0,0,0,0,0,0,False,False,False
2014-12-14,0,34,41,0,3,3,0,53,3469,104,0,53,0,0,0,0,0,0,False,False,False
2014-12-15,0,34,41,0,3,3,0,53,3493,104,0,53,0,0,0,0,0,0,False,False,False
2014-12-16,0,34,41,0,3,3,0,53,3516,104,0,53,0,0,0,0,0,0,False,False,False
2014-12-17,0,33,41,0,3,3,0,54,3541,104,0,54,0,0,0,0,0,0,False,False,False
2014-12-18,0,34,41,0,3,3,0,54,3565,104,0,54,0,0,0,0,0,0,False,False,False
2014-12-19,0,34,41,0,3,3,0,54,3588,104,0,54,0,0,0,0,0,0,False,False,False
2014-12-20,0,34,41,0,3,3,0,54,3613,104,0,54,0,0,0,0,0,0,False,False,False
2014-12-21,0,35,41,0,3,3,0,54,3637,104,0,54,0,0,0,0,0,0,False,False,False
2014-12-22,0,34,41,0,3,3,0,54,3660,104,0,54,0,0,0,0,0,0,False,False,False
2014-12-23,0,35,39,0,3,3,0,55,3684,104,0,55,0,0,0,0,0,0,False,False,False
2014-12-24,0,34,39,0,3,3,0,56,3709,104,0,56,0,0,0,0,0,0,False,False,False
2014-12-25,0,34,39,0,3,3,0,56,3733,104,0,56,0,0,0,0,0,0,False,False,False
2014-12-26,0,34,39,0,3,3,0,56,3757,104,0,56,0,0,0,0,0,0,False,False,False
2014-12-27,0,34,39,0,3,3,0,56,3781,104,0,56,0,0,0,0,0,0,False,False,False
2014-12-28,0,34,39,0,3,3,0,56,3805,104,0,56,0,0,0,0,0,0,False,False,False
2014-12-29,0,34,39,0,3,3,0,56,3828,104,0,56,0,0,0,0,0,0,False,False,False
2014-12-30,0,34,39,0,3,3,0,56,3853,104,0,56,0,0,0,0,0,0,False,False,False
2014-12-31,0,34,39,0,3,3,0,56,3877,104,0,56,0,0,0,0,0,0,False,False,False
2015-01-01,0,34,39,0,3,3,0,56,3900,104,0,56,0,0,0,0,0,0,False,False,False
2015-01-02,0,34,39,0,3,3,0,56,3925,104,0,56,0,0,0,0,0,0,False,False,False
2015-01-03,0,34,39,0,3,3,0,56,3949,104,0,56,0,0,0,0,0,0,False,False,False
2015-01-04,0,34,39,0,3,3,0,56,3972,104,0,56,0,0,0,0,0,0,False,False,False
2015-01-05,0,34,39,0,3,3,0,56,3996,104,0,56,0,0,0,0,0,0,False,False,False
2015-01-06,0,34,39,0,3,3,0,56,4021,104,0,56,0,0,0,0,0,0,False,False,False
2015-01-07,0,34,39,0,3,3,0,56,4045,104,0,56,0,0,0,0,0,0,False,False,False
2015-01-08,0,34,41,0,3,3,0,57,4069,104,0,57,0,0,0,0,0,0,False,False,False
2015-01-09,0,34,41,0,3,3,0,58,4093,104,0,58,0,0,0,0,0,0,False,False,False
2015-01-10,0,34,41,0,3,3,0,58,4117,104,0,58,0,0,0,0,0,0,False,False,False
2015-01-11,0,34,41,0,3,3,0,58,4140,104,0,58,0,0,0,0,0,0,False,False,False
2015-01-12,0,34,41,0,3,3,0,58,4165,104,0,58,0,0,0,0,0,0,False,False,False
2015-01-13,0,34,41,0,3,3,0,58,4189,104,0,58,0,0,0,0,0,0,False,False,False
2015-01-14,0,34,41,0,3,3,0,58,4213,103,0,58,0,0,0,0,0,0,False,False,False
2015-01-15,0,34,41,0,3,3,0,58,4236,103,0,58,0,0,0,0,0,0,False,False,False
2015-01-16,0,34,41,0,3,3,0,58,4261,103,0,58,0,0,0,0,0,0,False,False,False
2015-01-17,0,34,41,0,3,3,0,58,4285,103,0,58,0,0,0,0,0,0,False,False,False
2015-01-18,0,34,41,0,3,3,0,58,4308,103,0,58,0,0,0,0,0,0,False,False,False
2015-01-19,0,34,41,0,3,3,0,58,4333,103,0,58,0,0,0,0,0,0,False,False,False
2015-01-20,0,34,41,0,3,3,0,58,4357,103,0,58,0,0,0,0,0,0,False,False,False
2015-01-21,0,34,41,0,3,3,0,58,4380,103,0,58,0,0,0,0,0,0,False,False,False
2015-01-22,0,34,41,0,3,3,0,58,4405,103,0,58,0,0,0,0,0,0,False,False,False
2015-01-23,0,33,41,0,3,3,0,58,4429,103,0,58,0,0,0,0,0,0,False,False,False
2015-01-24,0,34,41,0,3,3,0,58,4453,103,0,58,0,0,0,0,0,0,False,False,False
2015-01-25,0,34,41,0,3,3,0,58,4476,103,0,58,0,0,0,0,0,0,False,False,False
2015-01-26,0,35,41,0,3,3,0,58,4501,103,0,58,0,0,0,0,0,0,False,False,False
2015-01-27,0,35,41,0,3,3,0,58,4525,103,0,58,0,0,0,0,0,0,False,False,False
2015-01-28,0,34,42,0,5,5,0,61,4548,103,0,61,440,0,0,0,0,0,False,False,False
2015-01-29,0,34,42,0,5,5,0,61,4572,103,0,61,440,0,0,0,0,0,False,False,False
2015-01-30,0,34,42,0,5,5,0,62,4597,102,0,62,440,0,0,0,0,0,False,False,False
2015-01-31,0,35,42,0,5,5,0,63,4621,102,0,63,440,0,0,0,0,0,False,False,False
2015-02-01,0,34,42,0,5,5,0,63,4644,102,0,63,440,0,0,0,0,0,False,False,False
2015-02-02,0,35,42,0,5,5,0,64,4669,102,0,64,440,0,0,0,0,0,False,False,False
2015-02-03,0,34,42,0,5,5,0,65,4693,102,0,65,440,0,0,0,0,0,False,False,False
2015-02-04,0,34,42,0,5,5,0,66,4716,102,0,66,440,0,0,0,0,0,False,False,False
2015-02-05,0,34,42,0,5,5,0,67,4740,102,0,67,440,0,0,0,0,0,False,False,False
2015-02-06,0,34,42,0,5,5,0,68,4765,102,0,68,440,0,0,0,0,0,False,False,False
2015-02-07,0,34,42,0,5,5,0,68,4788,102,0,68,440,0,0,0,0,0,False,False,False
2015-02-08,0,35,42,0,5,5,0,68,4812,102,0,68,440,0,0,0,0,0,False,False,False
2015-02-09,0,35,42,0,5,5,0,68,4837,102,0,68,440,0,0,0,0,0,False,False,False
2015-02-10,0,35,42,0,5,5,0,68,4861,102,0,68,440,0,0,0,0,0,False,False,False
2015-02-11,0,34,42,0,5,5,0,68,4884,102,0,68,440,0,0,0,0,0,False,False,False
2015-02-12,0,34,42,0,5,5,0,68,4909,102,0,68,440,0,0,0,0,0,False,False,False
2015-02-13,0,34,42,0,5,5,0,68,4933,102,0,68,440,0,0,0,0,0,False,False,False
2015-02-14,0,34,42,0,5,5,0,68,4956,102,0,68,440,0,0,0,0,0,False,False,False
2015-02-15,0,34,42,0,5,5,0,68,4980,102,0,68,440,0,0,0,0,0,False,False,False
2015-02-16,0,34,42,0,5,5,0,68,5005,102,0,68,440,0,0,0,0,0,False,False,False
2015-02-17,0,34,42,0,5,5,0,68,5028,102,0,68,440,0,0,0,0,0,False,False,False
2015-02-18,0,34,42,0,5,5,0,68,5052,102,0,68,440,0,0,0,0,0,False,False,False
2015-02-19,0,34,42,0,5,5,0,68,5077,102,0,68,440,0,0,0,0,0,False,False,False
2015-02-20,0,34,42,0,5,5,0,68,5101,102,0,68,440,0,0,0,0,0,False,False,False
2015-02-21,0,35,42,0,5,5,0,68,5124,104,0,68,440,0,0,0,0,0,False,False,False
2015-02-22,0,35,42,0,5,5,0,68,5148,104,0,68,440,0,0,0,0,0,False,False,False
2015-02-23,0,34,42,0,5,5,0,69,5173,104,0,69,440,0,0,0,0,0,False,False,False
2015-02-24,0,35,42,0,5,5,0,70,5196,104,0,70,440,0,0,0,0,0,False,False,False
2015-02-25,0,35,42,0,5,5,0,70,5220,104,0,70,440,0,0,0,0,0,False,False,False
2015-02-26,0,34,42,0,5,5,0,70,5245,104,0,70,440,0,0,0,0,0,False,False,False
2015-02-27,0,35,42,0,5,5,0,70,5269,104,0,70,440,0,0,0,0,0,False,False,False
2015-02-28,0,34,42,0,5,5,0,70,5292,104,0,70,440,0,0,0,0,0,False,False,False
2015-03-01,0,34,42,0,5,5,0,70,5317,104,0,70,440,0,0,0,0,0,False,False,False
2015-03-02,0,34,42,0,5,5,0,70,5341,104,0,70,440,0,0,0,0,0,False,False,False
2015-03-03,0,34,42,0,5,5,0,70,5364,104,0,70,440,0,0,0,0,0,False,False,False
2015-03-04,0,34,42,0,5,5,0,70,5388,104,0,70,440,0,0,0,0,0,False,False,False
2015-03-05,0,34,42,0,5,5,0,70,5413,104,0,70,440,0,0,0,0,0,False,False,False
2015-03-06,0,34,42,0,5,5,0,70,5436,104,0,70,440,0,0,0,0,0,False,False,False
2015-03-07,0,34,42,0,5,5,0,70,5460,104,0,70,440,0,0,0,0,0,False,False,False
2015-03-08,0,34,42,0,5,5,0,70,5485,104,0,70,440,0,0,0,0,0,False,False,False
2015-03-09,0,34,42,0,5,5,0,70,5509,104,0,70,440,0,0,0,0,0,False,False,False
2015-03-10,0,35,42,0,5,5,0,70,5532,104,0,70,440,0,0,0,0,0,False,False,False
2015-03-11,0,34,42,0,5,5,0,70,5555,104,0,70,440,0,0,0,0,0,False,False,False
2015-03-12,0,34,42,0,5,5,0,70,5580,104,0,70,440,0,0,0,0,0,False,False,False
2015-03-13,0,34,42,0,5,5,0,70,5604,104,0,70,440,0,0,0,0,0,False,False,False
2015-03-14,0,34,42,0,5,5,0,70,5627,104,0,70,440,0,0,0,0,0,False,False,False
2015-03-15,0,35,42,0,5,5,0,70,5652,104,0,70,440,0,0,0,0,0,False,False,False
2015-03-16,0,34,42,0,5,5,0,70,5676,104,0,70,440,0,0,0,0,0,False,False,False
2015-03-17,0,35,42,0,5,5,0,70,5699,104,0,70,440,0,0,0,0,0,False,False,False
2015-03-18,0,34,42,0,5,5,0,71,5723,104,0,71,440,0,0,0,0,0,False,False,False
2015-03-19,0,35,42,0,5,5,0,72,5748,104,0,72,440,0,0,0,0,0,False,False,False
2015-03-20,0,34,42,0,5,5,0,72,5771,104,0,72,440,0,0,0,0,0,False,False,False
2015-03-21,0,34,42,0,5,5,0,72,5795,104,0,72,440,0,0,0,0,0,False,False,False
2015-03-22,0,34,42,0,5,5,0,72,5820,104,0,72,440,0,0,0,0,0,False,False,False
2015-03-23,0,34,42,0,5,5,0,72,5844,104,0,72,440,0,0,0,0,0,False,False,False
2015-03-24,0,34,42,0,5,5,0,72,5867,104,0,72,440,0,0,0,0,0,False,False,False
2015-03-25,0,34,42,0,5,5,0,72,5891,104,0,72,440,0,0,0,0,0,False,False,False
2015-03-26,0,34,42,0,5,5,0,72,5916,104,0,72,440,0,0,0,0,0,False,False,False
2015-03-27,0,34,42,0,5,5,0,72,5939,104,0,72,440,0,0,0,0,0,False,False,False
2015-03-28,0,34,42,0,5,5,0,72,5963,104,0,72,440,0,0,0,0,0,False,False,False
2015-03-29,0,34,42,0,5,5,0,72,5988,104,0,72,440,0,0,0,0,0,False,False,False
2015-03-30,0,34,42,0,5,5,0,72,6011,104,0,72,440,0,0,0,0,0,False,False,False
2015-03-31,0,35,42,0,5,5,0,72,6035,104,0,72,440,0,0,0,0,0,False,False,False
2015-04-01,0,34,42,0,5,5,0,72,6060,104,0,72,440,0,0,0,0,0,False,False,False
2015-04-02,0,34,42,0,5,5,0,72,6084,104,0,72,440,0,0,0,0,0,False,False,False
2015-04-03,0,34,42,0,5,5,0,72,6107,104,0,72,440,0,0,0,0,0,False,False,False
2015-04-04,0,34,41,0,5,5,0,73,6132,104,0,73,440,0,0,0,0,0,False,False,False
2015-04-05,0,34,41,0,5,5,0,73,6156,104,0,73,440,0,0,0,0,0,False,False,False
2015-04-06,0,34,41,0,5,5,0,73,6179,104,0,73,440,0,0,0,0,0,False,False,False
2015-04-07,0,34,41,0,5,5,0,73,6204,104,0,73,440,0,0,0,0,0,False,False,False
2015-04-08,0,34,41,0,5,5,0,73,6228,104,0,73,440,0,0,0,0,0,False,False,False
2015-04-09,0,35,41,0,5,5,0,73,6251,104,0,73,440,0,0,0,0,0,False,False,False
2015-04-10,0,35,41,0,5,5,0,73,6275,104,0,73,440,0,0,0,0,0,False,False,False
2015-04-11,0,34,42,0,5,5,0,74,6300,104,0,74,440,0,0,0,0,0,False,False,False
2015-04-12,0,34,42,0,5,5,0,74,6324,104,0,74,440,0,0,0,0,0,False,False,False
2015-04-13,0,34,42,0,5,5,0,74,6347,104,0,74,440,0,0,0,0,0,False,False,False
2015-04-14,0,35,42,0,5,5,0,74,6372,104,0,74,440,0,0,0,0,0,False,False,False
2015-04-15,0,34,42,0,5,5,0,74,6396,104,0,74,440,0,0,0,0,0,False,False,False
2015-04-16,0,34,41,0,5,5,0,75,6419,104,0,75,440,0,0,0,0,0,False,False,False
2015-04-17,0,35,41,0,5,5,0,75,6443,104,0,75,440,0,0,0,0,0,False,False,False
2015-04-18,0,33,41,0,5,5,0,75,6468,104,0,75,440,0,0,0,0,0,False,False,False
2015-04-19,0,35,41,0,5,5,0,76,6491,104,0,76,440,0,0,0,0,0,False,False,False
2015-04-20,0,36,41,0,5,5,0,76,6515,104,0,76,440,0,0,0,0,0,False,False,False
2015-04-21,0,36,41,0,5,5,0,76,6540,104,0,76,440,0,0,0,0,0,False,False,False
2015-04-22,0,36,42,0,5,5,0,77,6563,104,0,77,440,0,0,0,0,0,False,False,False
2015-04-23,0,36,42,0,5,5,0,77,6587,104,0,77,440,0,0,0,0,0,False,False,False
2015-04-24,0,36,42,0,5,5,0,77,6612,104,0,77,440,0,0,0,0,0,False,False,False
2015-04-25,0,35,42,0,5,5,0,78,6636,104,0,78,440,0,0,0,0,0,False,False,False
2015-04-26,0,35,42,0,5,5,0,79,6659,104,0,79,440,0,0,0,0,0,False,False,False
2015-04-27,0,35,42,0,5,5,0,79,6683,104,0,79,440,0,0,0,0,0,False,False,False
2015-04-28,0,36,42,0,5,5,0,79,6708,104,0,79,440,0,0,0,0,0,False,False,False
2015-04-29,0,36,42,0,5,5,0,80,6731,104,0,80,440,0,0,0,0,0,False,False,False
2015-04-30,0,37,42,0,5,5,0,80,6755,104,0,80,440,0,0,0,0,0,False,False,False
2015-05-01,0,37,42,0,5,5,0,80,6780,104,0,80,440,0,0,0,0,0,False,False,False
2015-05-02,0,36,42,0,5,5,0,80,6804,104,0,80,440,0,0,0,0,0,False,False,False
2015-05-03,0,36,42,0,5,5,0,80,6827,104,0,80,440,0,0,0,0,0,False,False,False
2015-05-04,0,35,42,0,5,5,0,81,6852,104,0,81,440,0,0,0,0,0,False,False,False
2015-05-05,0,36,42,0,5,5,0,82,6876,103,0,82,440,0,0,0,0,0,False,False,False
2015-05-06,0,36,42,0,5,5,0,82,6900,103,0,82,440,0,0,0,0,0,False,False,False
2015-05-07,0,36,42,0,5,5,0,82,6923,103,0,82,440,0,0,0,0,0,False,False,False
2015-05-08,0,37,42,0,5,5,0,82,6948,103,0,82,440,0,0,0,0,0,False,False,False
2015-05-09,0,36,42,0,5,5,0,82,6972,104,0,82,440,0,0,0,0,0,False,False,False
2015-05-10,0,36,42,0,5,5,0,83,6995,104,0,83,440,0,0,0,0,0,False,False,False
2015-05-11,0,36,42,0,5,5,0,83,7020,104,0,83,440,0,0,0,0,0,False,False,False
2015-05-12,0,38,42,0,5,5,0,83,7044,104,0,83,440,0,0,0,0,0,False,False,False
2015-05-13,0,37,42,0,5,5,0,83,7067,104,0,83,440,0,0,0,0,0,False,False,False
2015-05-14,0,36,42,0,5,5,0,83,7091,104,0,83,440,0,0,0,0,0,False,False,False
2015-05-15,0,36,41,0,5,5,0,84,7116,104,0,84,440,0,0,0,0,0,False,False,False
2015-05-16,0,36,41,0,5,5,0,84,7140,104,0,84,440,0,0,0,0,0,False,False,False
2015-05-17,0,36,41,0,5,5,0,84,7163,104,0,84,440,0,0,0,0,0,False,False,False
2015-05-18,0,36,43,0,5,5,0,85,7188,104,0,85,440,0,0,0,0,0,False,False,False
2015-05-19,0,37,43,0,5,5,0,86,7212,104,0,86,440,0,0,0,0,0,False,False,False
2015-05-20,0,36,41,0,5,5,0,87,7235,104,0,87,440,0,0,0,0,0,False,False,False
2015-05-21,0,38,41,0,5,5,0,87,7259,104,0,87,440,0,0,0,0,0,False,False,False
2015-05-22,0,38,41,0,5,5,0,87,7284,103,0,87,440,0,0,0,0,0,False,False,False
2015-05-23,0,38,41,0,5,5,0,87,7307,103,0,87,440,0,0,0,0,0,False,False,False
2015-05-24,0,38,41,0,5,5,0,87,7331,103,0,87,440,0,0,0,0,0,False,False,False
2015-05-25,0,37,41,0,5,5,0,87,7356,103,0,87,440,0,0,0,0,0,False,False,False
2015-05-26,0,38,41,0,5,5,0,88,7380,103,0,88,440,0,0,0,0,0,False,False,False
2015-05-27,0,36,41,0,5,5,0,88,7403,103,0,88,440,0,0,0,0,0,False,False,False
2015-05-28,0,36,41,0,5,5,0,88,7428,103,0,88,440,0,0,0,0,0,False,False,False
2015-05-29,0,36,41,0,5,5,0,88,7452,103,0,88,440,0,0,0,0,0,False,False,False
2015-05-30,0,36,41,0,5,5,0,88,7475,104,0,88,440,0,0,0,0,0,False,False,False
2015-05-31,0,36,42,0,5,5,0,89,7500,104,0,89,440,0,0,0,0,0,False,False,False
2015-06-01,0,36,42,0,5,5,0,89,7524,104,0,89,440,0,0,0,0,0,False,False,False
2015-06-02,0,36,42,0,5,5,0,89,7547,104,0,89,440,0,0,0,0,0,False,False,False
2015-06-03,0,36,42,0,5,5,0,89,7571,104,0,89,440,0,0,0,0,0,False,False,False
2015-06-04,0,36,42,0,5,5,0,89,7596,104,0,89,440,0,0,0,0,0,False,False,False
2015-06-05,0,35,42,0,5,5,0,89,7620,104,0,89,440,0,0,0,0,0,False,False,False
2015-06-06,0,35,42,0,5,5,0,89,7643,104,0,89,440,0,0,0,0,0,False,False,False
2015-06-07,0,35,42,0,5,5,0,90,7668,104,0,90,440,0,0,0,0,0,False,False,False
2015-06-08,0,36,42,0,5,5,0,90,7692,104,0,90,440,0,0,0,0,0,False,False,False
2015-06-09,0,36,42,0,5,5,0,90,7715,104,0,90,440,0,0,0,0,0,False,False,False
2015-06-10,0,35,42,0,5,5,0,90,7739,104,0,90,440,0,0,0,0,0,False,False,False
2015-06-11,0,38,42,0,5,5,0,90,7764,104,0,90,440,0,0,0,0,0,False,False,False
2015-06-12,0,35,42,0,5,5,0,90,7787,104,0,90,440,0,0,0,0,0,False,False,False
2015-06-13,0,35,42,0,5,5,0,90,7811,104,0,90,440,0,0,0,0,0,False,False,False
2015-06-14,0,36,42,0,5,5,0,91,7836,104,0,91,440,0,0,0,0,0,False,False,False
2015-06-15,0,35,42,0,5,5,0,91,7860,104,0,91,440,0,0,0,0,0,False,False,False
2015-06-16,0,35,42,0,5,5,0,91,7883,104,0,91,440,0,0,0,0,0,False,False,False
2015-06-17,0,35,42,0,5,5,0,91,7908,104,0,91,440,0,0,0,0,0,False,False,False
2015-06-18,0,35,42,0,5,5,0,92,7932,104,0,92,440,0,0,0,0,0,False,False,False
2015-06-19,0,36,42,0,5,5,0,93,7955,104,0,93,440,0,0,0,0,0,False,False,False
2015-06-20,0,35,42,0,5,5,0,93,7979,104,0,93,440,0,0,0,0,0,False,False,False
2015-06-21,0,36,42,0,5,5,0,93,8004,104,0,93,440,0,0,0,0,0,False,False,False
2015-06-22,0,35,42,0,5,5,0,93,8027,104,0,93,440,0,0,0,0,0,False,False,False
2015-06-23,0,36,42,0,5,5,0,93,8051,104,0,93,440,0,0,0,0,0,False,False,False
2015-06-24,0,35,42,0,5,5,0,93,8076,104,0,93,440,0,0,0,0,0,False,False,False
2015-06-25,0,35,41,0,5,5,0,94,8099,104,0,94,440,0,0,0,0,0,False,False,False
2015-06-26,0,35,41,0,5,5,0,94,8123,104,0,94,440,0,0,0,0,0,False,False,False
2015-06-27,0,35,41,0,5,5,0,94,8148,104,0,94,440,0,0,0,0,0,False,False,False
2015-06-28,0,35,41,0,5,5,0,94,8172,104,0,94,440,0,0,0,0,0,False,False,False
2015-06-29,0,36,41,0,5,5,0,94,8195,104,0,94,440,0,0,0,0,0,False,False,False
2015-06-30,0,36,41,0,5,5,0,94,8220,104,0,94,440,0,0,0,0,0,False,False,False
2015-07-01,0,35,41,0,5,5,0,94,8244,104,0,94,440,0,0,0,0,0,False,False,False
2015-07-02,0,35,41,0,5,5,0,94,8267,104,0,94,440,0,0,0,0,0,False,False,False
2015-07-03,0,35,40,0,5,5,0,95,8291,104,0,95,440,0,0,0,0,0,False,False,False
2015-07-04,0,35,40,0,5,5,0,96,8316,104,0,96,440,0,0,0,0,0,False,False,False
2015-07-05,0,35,40,0,5,5,0,96,8339,104,0,96,440,0,0,0,0,0,False,False,False
2015-07-06,0,35,40,0,5,5,0,96,8364,104,0,96,440,0,0,0,0,0,False,False,False
2015-07-07,0,36,40,0,5,5,0,97,8388,104,0,97,440,0,0,0,0,0,False,False,False
2015-07-08,0,36,42,0,5,5,0,98,8412,104,0,98,440,0,0,0,0,0,False,False,False
2015-07-09,0,37,42,0,5,5,0,99,8435,104,0,99,440,0,0,0,0,0,False,False,False
2015-07-10,0,37,42,0,5,5,0,99,8460,104,0,99,440,0,0,0,0,0,False,False,False
2015-07-11,0,37,42,0,5,5,0,99,8484,104,0,99,440,0,0,0,0,0,False,False,False
2015-07-12,0,37,42,0,5,5,0,99,8507,104,0,99,440,0,0,0,0,0,False,False,False
2015-07-13,0,37,41,0,5,5,0,99,8531,104,0,99,440,0,0,0,0,0,False,False,False
2015-07-14,0,38,41,0,5,5,0,100,8556,104,0,100,440,0,0,0,0,0,False,False,False
2015-07-15,0,37,41,0,5,5,0,100,8580,104,0,100,440,0,0,0,0,0,False,False,False
2015-07-16,0,36,41,0,5,5,0,100,8603,104,0,100,440,0,0,0,0,0,False,False,False
2015-07-17,0,36,41,0,5,5,0,100,8628,104,0,100,440,0,0,0,0,0,False,False,False
2015-07-18,0,36,41,0,5,5,0,100,8652,104,0,100,440,0,0,0,0,0,False,False,False
2015-07-19,0,36,41,0,5,5,0,101,8675,104,0,101,440,0,0,0,0,0,False,False,False
2015-07-20,0,36,41,0,5,5,0,101,8700,104,0,101,440,0,0,0,0,0,False,False,False
2015-07-21,0,37,41,0,5,5,0,101,8724,104,0,101,440,0,0,0,0,0,False,False,False
2015-07-22,0,36,42,0,5,5,0,102,8748,104,0,102,440,0,0,0,0,0,False,False,False
2015-07-23,0,36,42,0,5,5,0,103,8771,104,0,103,440,0,0,0,0,0,False,False,False
2015-07-24,0,37,42,0,5,5,0,103,8796,104,0,103,440,0,0,0,0,0,False,False,False
2015-07-25,0,37,40,0,5,5,0,104,8820,104,0,104,440,0,0,0,0,0,False,False,False
2015-07-26,0,38,40,0,5,5,0,104,8844,104,0,104,440,0,0,0,0,0,False,False,False
2015-07-27,0,38,42,0,5,5,0,105,8867,104,0,105,440,0,0,0,0,0,False,False,False
2015-07-28,0,38,42,0,5,5,0,105,8892,104,0,105,440,0,0,0,0,0,False,False,False
2015-07-29,0,38,42,0,5,5,0,105,8916,104,0,105,440,0,0,0,0,0,False,False,False
2015-07-30,0,38,42,0,5,5,0,106,8939,104,0,106,440,0,0,0,0,0,False,False,False
2015-07-31,0,37,42,0,5,5,0,107,8964,104,0,107,440,0,0,0,0,0,False,False,False
2015-08-01,0,37,42,0,5,5,0,107,8988,104,0,107,440,0,0,0,0,0,False,False,False
2015-08-02,0,37,42,0,5,5,0,107,9011,104,0,107,440,0,0,0,0,0,False,False,False
2015-08-03,0,37,42,0,5,5,0,107,9036,104,0,107,440,0,0,0,0,0,False,False,False
2015-08-04,0,37,42,0,5,5,0,107,9060,104,0,107,440,0,0,0,0,0,False,False,False
2015-08-05,0,37,40,0,5,5,0,108,9083,104,0,108,440,0,0,0,0,0,False,False,False
2015-08-06,0,37,40,0,5,5,0,108,9107,104,0,108,440,0,0,0,0,0,False,False,False
2015-08-07,0,36,40,0,5,5,0,108,9132,104,0,108,440,0,0,0,0,0,False,False,False
2015-08-08,0,36,40,0,5,5,0,108,9156,104,0,108,440,0,0,0,0,0,False,False,False
2015-08-09,0,36,40,0,5,5,0,108,9179,104,0,108,440,0,0,0,0,0,False,False,False
2015-08-10,0,37,40,0,5,5,0,108,9204,104,0,108,440,0,0,0,0,0,False,False,False
2015-08-11,0,37,40,0,5,5,0,108,9228,104,0,108,440,0,0,0,0,0,False,False,False
2015-08-12,0,37,40,0,5,5,0,108,9251,104,0,108,440,0,0,0,0,0,False,False,False
2015-08-13,0,36,40,0,5,5,0,108,9276,104,0,108,440,0,0,0,0,0,False,False,False
2015-08-14,0,36,40,0,5,5,0,108,9300,104,0,108,440,0,0,0,0,0,False,False,False
2015-08-15,0,36,40,0,5,5,0,108,9324,104,0,108,440,0,0,0,0,0,False,False,False
2015-08-16,0,36,40,0,5,5,0,108,9347,104,0,108,440,0,0,0,0,0,False,False,False
2015-08-17,0,36,40,0,5,5,0,108,9372,104,0,108,440,0,0,0,0,0,False,False,False
2015-08-18,0,37,40,0,5,5,0,108,9396,104,0,108,440,0,0,0,0,0,False,False,False
2015-08-19,0,36,41,0,5,5,0,109,9419,104,0,109,440,0,0,0,0,0,False,False,False
2015-08-20,0,36,41,0,5,5,0,110,9444,104,0,110,440,0,0,0,0,0,False,False,False
2015-08-21,0,37,41,0,5,5,0,110,9468,104,0,110,440,0,0,0,0,0,False,False,False
2015-08-22,0,37,41,0,5,5,0,110,9492,104,0,110,440,0,0,0,0,0,False,False,False
2015-08-23,0,37,41,0,5,5,0,110,9515,104,0,110,440,0,0,0,0,0,False,False,False
2015-08-24,0,37,41,0,5,5,0,110,9540,104,0,110,440,0,0,0,0,0,False,False,False
2015-08-25,0,37,41,0,5,5,0,110,9564,104,0,110,440,0,0,0,0,0,False,False,False
2015-08-26,0,36,41,0,5,5,0,110,9587,104,0,110,440,0,0,0,0,0,False,False,False
2015-08-27,0,36,41,0,5,5,0,110,9612,104,0,110,440,0,0,0,0,0,False,False,False
2015-08-28,0,37,41,0,5,5,0,110,9636,104,0,110,440,0,0,0,0,0,False,False,False
2015-08-29,0,36,41,0,5,5,0,111,9659,104,0,111,440,0,0,0,0,0,False,False,False
2015-08-30,0,36,41,0,5,5,0,111,9684,104,0,111,440,0,0,0,0,0,False,False,False
2015-08-31,0,36,41,0,5,5,0,111,9708,104,0,111,440,0,0,0,0,0,False,False,False
2015-09-01,0,37,41,0,5,5,0,111,9732,104,0,111,440,0,0,0,0,0,False,False,False
2015-09-02,0,36,41,0,5,5,0,111,9755,104,0,111,440,0,0,0,0,0,False,False,False
2015-09-03,0,36,41,0,5,5,0,111,9780,104,0,111,440,0,0,0,0,0,False,False,False
2015-09-04,0,36,41,0,5,5,0,111,9804,104,0,111,440,0,0,0,0,0,False,False,False
2015-09-05,0,36,41,0,5,5,0,111,9827,104,0,111,440,0,0,0,0,0,False,False,False
2015-09-06,0,36,41,0,5,5,0,111,9851,104,0,111,440,0,0,0,0,0,False,False,False
2015-09-07,0,36,41,0,5,5,0,111,9876,104,0,111,440,0,0,0,0,0,False,False,False
2015-09-08,0,37,40,0,5,5,0,112,9900,104,0,112,440,0,0,0,0,0,False,False,False
2015-09-09,0,36,40,0,5,5,0,113,9923,104,0,113,440,0,0,0,0,0,False,False,False
2015-09-10,0,36,40,0,5,5,0,114,9948,104,0,114,440,0,0,0,0,0,False,False,False
2015-09-11,0,36,40,0,5,5,0,114,9972,104,0,114,440,0,0,0,0,0,False,False,False
2015-09-12,0,36,40,0,5,5,0,114,9995,104,0,114,440,0,0,0,0,0,False,False,False
2015-09-13,0,36,40,0,5,5,0,114,10020,104,0,114,440,0,0,0,0,0,False,False,False
2015-09-14,0,36,42,0,5,5,0,115,10044,104,0,115,440,0,0,0,0,0,False,False,False
2015-09-15,0,36,42,0,5,5,0,115,10067,104,0,115,440,0,0,0,0,0,False,False,False
2015-09-16,0,36,41,0,5,5,0,116,10092,104,0,116,440,0,0,0,0,0,False,False,False
2015-09-17,0,36,41,0,5,5,0,117,10116,104,0,117,440,0,0,0,0,0,False,False,False
2015-09-18,0,36,41,0,5,5,0,117,10139,104,0,117,440,0,0,0,0,0,False,False,False
2015-09-19,0,36,41,0,5,5,0,117,10164,104,0,117,440,0,0,0,0,0,False,False,False
2015-09-20,0,36,41,0,5,5,0,117,10188,104,0,117,440,0,0,0,0,0,False,False,False
2015-09-21,0,36,41,0,5,5,0,118,10212,104,0,118,440,0,0,0,0,0,False,False,False
2015-09-22,0,36,41,0,5,5,0,118,10236,104,0,118,440,0,0,0,0,0,False,False,False
2015-09-23,0,36,41,0,5,5,0,118,10260,104,0,118,440,0,0,0,0,0,False,False,False
2015-09-24,0,36,42,0,5,5,0,119,10284,104,0,119,440,0,0,0,0,0,False,False,False
2015-09-25,0,36,42,0,5,5,0,119,10307,104,0,119,440,0,0,0,0,0,False,False,False
2015-09-26,0,36,42,0,5,5,0,119,10332,104,0,119,440,0,0,0,0,0,False,False,False
2015-09-27,0,36,42,0,5,5,0,119,10356,104,0,119,440,0,0,0,0,0,False,False,False
2015-09-28,0,36,42,0,5,5,0,120,10379,104,0,120,440,0,0,0,0,0,False,False,False
2015-09-29,0,36,42,0,5,5,0,121,10404,104,0,121,440,0,0,0,0,0,False,False,False
2015-09-30,0,36,42,0,5,5,0,121,10428,104,0,121,440,0,0,0,0,0,False,False,False
2015-10-01,0,36,42,0,5,5,0,121,10452,104,0,121,440,0,0,0,0,0,False,False,False
2015-10-02,0,36,42,0,5,5,0,121,10475,104,0,121,440,0,0,0,0,0,False,False,False
2015-10-03,0,36,42,0,5,5,0,121,10500,104,0,121,440,0,0,0,0,0,False,False,False
2015-10-04,0,36,42,0,5,5,0,121,10524,104,0,121,440,0,0,0,0,0,False,False,False
2015-10-05,0,36,41,0,5,5,0,122,10547,104,0,122,440,0,0,0,0,0,False,False,False
2015-10-06,0,36,41,0,5,5,0,123,10572,104,0,123,440,0,0,0,0,0,False,False,False
2015-10-07,0,37,41,0,5,5,0,123,10596,104,0,123,440,0,0,0,0,0,False,False,False
2015-10-08,0,35,42,0,5,5,0,124,10619,104,0,124,440,0,0,0,0,0,False,False,False
2015-10-09,0,36,42,0,5,5,0,124,10644,104,0,124,440,0,0,0,0,0,False,False,False
2015-10-10,0,36,42,0,5,5,0,124,10668,104,0,124,440,0,0,0,0,0,False,False,False
2015-10-11,0,36,42,0,5,5,0,125,10692,104,0,125,440,0,0,0,0,0,False,False,False
2015-10-12,0,36,42,0,5,5,0,125,10715,104,0,125,440,0,0,0,0,0,False,False,False
2015-10-13,0,35,42,0,5,5,0,126,10740,104,0,126,440,0,0,0,0,0,False,False,False
2015-10-14,0,36,42,0,5,5,0,126,10764,104,0,126,440,0,0,0,0,0,False,False,False
2015-10-15,0,36,42,0,5,5,0,126,10787,104,0,126,440,0,0,0,0,0,False,False,False
2015-10-16,0,35,42,0,5,5,0,126,10812,104,0,126,440,0,0,0,0,0,False,False,False
2015-10-17,0,35,42,0,5,5,0,126,10836,104,0,126,440,0,0,0,0,0,False,False,False
2015-10-18,0,35,42,0,5,5,0,127,10859,104,0,127,440,0,0,0,0,0,False,False,False
2015-10-19,0,35,42,0,5,5,0,127,10883,104,0,127,440,0,0,0,0,0,False,False,False
2015-10-20,0,35,42,0,5,5,0,127,10908,104,0,127,440,0,0,0,0,0,False,False,False
2015-10-21,0,35,42,0,5,5,0,127,10932,104,0,127,440,0,0,0,0,0,False,False,False
2015-10-22,0,35,39,0,5,5,0,128,10955,104,0,128,440,0,0,0,0,0,False,False,False
2015-10-23,0,35,39,0,5,5,0,128,10980,104,0,128,440,0,0,0,0,0,False,False,False
2015-10-24,0,35,41,0,5,5,0,129,11004,104,0,129,440,0,0,0,0,0,False,False,False
2015-10-25,0,35,41,0,5,5,0,130,11028,104,0,130,440,0,0,0,0,0,False,False,False
2015-10-26,0,35,42,0,5,5,0,131,11051,104,0,131,440,0,0,0,0,0,False,False,False
2015-10-27,0,35,42,0,5,5,0,131,11076,104,0,131,440,0,0,0,0,0,False,False,False
2015-10-29,0,35,42,0,5,5,0,132,11123,104,0,132,440,0,0,0,0,0,False,False,False
2015-10-30,0,36,42,0,5,5,0,133,11148,103,0,133,440,0,0,0,0,0,False,False,False
2015-10-31,0,36,42,0,5,5,0,134,11172,103,0,134,440,0,0,0,0,0,False,False,False
2015-11-02,0,37,42,0,5,5,0,135,11221,104,0,135,440,0,0,0,0,0,False,False,False
2015-11-03,0,36,42,0,5,5,0,136,11244,104,0,136,440,0,0,0,0,0,False,False,False
2015-11-04,0,37,42,0,5,5,0,137,11269,104,0,137,440,0,0,0,0,0,False,False,False
2015-11-05,0,37,42,0,5,5,0,137,11293,104,0,137,440,0,0,0,0,0,False,False,False
2015-11-06,0,37,42,0,5,5,0,137,11317,104,0,137,440,0,0,0,0,0,False,False,False
2015-11-07,0,38,42,0,5,5,0,138,11340,104,0,138,440,0,0,0,0,0,False,False,False
2015-11-08,0,37,42,0,5,5,0,138,11365,104,0,138,440,0,0,0,0,0,False,False,False
2015-11-09,0,37,42,0,5,5,0,138,11389,104,0,138,440,0,0,0,0,0,False,False,False
2015-11-10,0,37,41,0,5,5,0,139,11412,104,0,139,440,0,0,0,0,0,False,False,False
2015-11-11,0,36,41,0,5,5,0,139,11437,104,0,139,440,0,0,0,0,0,False,False,False
2015-11-12,0,37,41,0,5,5,0,139,11461,104,0,139,440,0,0,0,0,0,False,False,False
2015-11-13,0,37,41,0,5,5,0,139,11484,104,0,139,440,0,0,0,0,0,False,False,False
2015-11-14,0,37,41,0,5,5,0,140,11509,104,0,140,440,0,0,0,0,0,False,False,False
2015-11-15,0,37,41,0,5,5,0,140,11533,104,0,140,440,0,0,0,0,0,False,False,False
2015-11-16,0,37,41,0,5,5,0,140,11557,104,0,140,440,0,0,0,0,0,False,False,False
2015-11-17,0,38,41,0,5,5,0,140,11581,104,0,140,440,0,0,0,0,0,False,False,False
2015-11-18,0,38,41,0,5,5,0,141,11605,104,0,141,440,0,0,0,0,0,False,False,False
2015-11-19,0,39,41,0,5,5,0,142,11629,104,0,142,440,0,0,0,0,0,False,False,False
2015-11-20,0,39,41,0,5,5,0,143,11652,104,0,143,440,0,0,0,0,0,False,False,False
2015-11-21,0,39,41,0,5,5,0,143,11677,104,0,143,440,0,0,0,0,0,False,False,False
2015-11-22,0,39,41,0,5,5,0,143,11701,104,0,143,440,0,0,0,0,0,False,False,False
2015-11-23,0,38,41,0,5,5,0,143,11724,104,0,143,440,0,0,0,0,0,False,False,False
2015-11-24,0,39,40,0,5,5,0,143,11749,104,0,143,440,0,0,0,0,0,False,False,False
2015-11-25,0,38,40,0,5,5,0,144,11773,104,0,144,440,0,0,0,0,0,False,False,False
2015-11-26,0,38,41,0,5,5,0,145,11797,104,0,145,440,0,0,0,0,0,False,False,False
2015-11-27,0,38,41,0,5,5,0,145,11821,104,0,145,440,0,0,0,0,0,False,False,False
2015-11-28,0,38,41,0,5,5,0,146,11845,104,0,146,440,0,0,0,0,0,False,False,False
2015-11-29,0,38,41,0,5,5,0,146,11869,104,0,146,440,0,0,0,0,0,False,False,False
2015-11-30,0,38,41,0,5,5,0,146,11892,104,0,146,440,0,0,0,0,0,False,False,False
2015-12-01,0,37,41,0,5,5,0,147,11917,104,0,147,440,0,0,0,0,0,False,False,False
2015-12-02,0,37,41,0,5,5,0,147,11941,104,0,147,440,0,0,0,0,0,False,False,False
2015-12-03,0,38,41,0,5,5,0,148,11964,104,0,148,440,0,0,0,0,0,False,False,False
2015-12-04,0,38,41,0,5,5,0,148,11989,104,0,148,440,0,0,0,0,0,False,False,False
2015-12-05,0,37,41,0,5,5,0,149,12013,104,0,149,440,0,0,0,0,0,False,False,False
2015-12-06,0,38,41,0,5,5,0,149,12036,104,0,149,440,0,0,0,0,0,False,False,False
2015-12-07,0,38,42,0,5,5,0,149,12061,104,0,149,440,0,0,0,0,0,False,False,False
2015-12-08,0,38,42,0,5,5,0,150,12085,104,0,150,440,0,0,0,0,0,False,False,False
2015-12-09,0,37,42,0,5,5,0,151,12109,102,0,151,440,0,0,0,0,0,False,False,False
2015-12-10,0,38,42,0,5,5,0,151,12133,102,0,151,440,0,0,0,0,0,False,False,False
2015-12-11,0,38,40,0,5,5,0,151,12157,104,0,151,440,0,0,0,0,0,False,False,False
2015-12-12,0,37,40,0,5,5,0,152,12181,104,0,152,440,0,0,0,0,0,False,False,False
2015-12-13,0,38,40,0,5,5,0,152,12204,104,0,152,440,0,0,0,0,0,False,False,False
2015-12-14,0,38,42,0,5,5,0,153,12229,104,0,153,440,0,0,0,0,0,False,False,False
2015-12-15,0,37,42,0,5,5,0,154,12253,104,0,154,440,0,0,0,0,0,False,False,False
2015-12-16,0,36,42,0,5,5,0,154,12276,104,0,154,440,0,0,0,0,0,False,False,False
2015-12-17,0,36,41,0,5,5,0,155,12301,104,0,155,440,0,0,0,0,0,False,False,False
2015-12-18,0,36,41,0,5,5,0,155,12325,104,0,155,440,0,0,0,0,0,False,False,False
2015-12-19,0,37,41,0,5,5,0,156,12349,104,0,156,440,0,0,0,0,0,False,False,False
2015-12-20,0,38,41,0,5,5,0,156,12373,104,0,156,440,0,0,0,0,0,False,False,False
2015-12-21,0,37,41,0,5,5,0,156,12397,104,0,156,440,0,0,0,0,0,False,False,False
2015-12-22,0,37,41,0,5,5,0,157,12421,104,0,157,440,0,0,0,0,0,False,False,False
2015-12-23,0,37,41,0,5,5,0,157,12445,104,0,157,440,0,0,0,0,0,False,False,False
2015-12-24,0,35,41,0,5,5,0,157,12469,104,0,157,440,0,0,0,0,0,False,False,False
2015-12-25,0,36,40,0,5,5,0,158,12493,104,0,158,440,0,0,0,0,0,False,False,False
2015-12-26,0,36,40,0,5,5,0,158,12516,104,0,158,440,0,0,0,0,0,False,False,False
2015-12-27,0,36,40,0,5,5,0,158,12540,104,0,158,440,0,0,0,0,0,False,False,False
2015-12-28,0,37,41,0,5,5,0,159,12565,104,0,159,440,0,0,0,0,0,False,False,False
2015-12-29,0,36,41,0,5,5,0,159,12588,104,0,159,440,0,0,0,0,0,False,False,False
2015-12-30,0,36,41,0,5,5,0,160,12613,104,0,160,440,0,0,0,0,0,False,False,False
2015-12-31,0,36,41,0,5,5,0,161,12637,104,0,161,440,0,0,0,0,0,False,False,False
2016-01-01,0,36,41,0,5,5,0,162,12661,104,0,162,440,0,0,0,0,0,False,False,False
2016-01-02,0,36,41,0,5,5,0,162,12685,104,0,162,440,0,0,0,0,0,False,False,False
2016-01-03,0,37,41,0,5,5,0,162,12709,104,0,162,440,0,0,0,0,0,False,False,False
2016-01-04,0,37,42,0,5,5,0,163,12733,104,0,163,440,0,0,0,0,0,False,False,False
2016-01-05,0,37,42,0,5,5,0,163,12756,104,0,163,440,0,0,0,0,0,False,False,False
2016-01-06,0,36,41,0,5,5,0,164,12781,104,0,164,440,0,0,0,0,0,False,False,False
2016-01-07,0,36,41,0,5,5,0,164,12805,103,0,164,440,0,0,0,0,0,False,False,False
2016-01-08,0,36,41,0,5,5,0,164,12828,103,0,164,440,0,0,0,0,0,False,False,False
2016-01-09,0,36,41,0,5,5,0,165,12852,103,0,165,440,0,0,0,0,0,False,False,False
2016-01-10,0,37,41,0,5,5,0,166,12877,103,0,166,440,0,0,0,0,0,False,False,False
2016-01-11,0,37,41,0,5,5,0,166,12901,104,0,166,440,0,0,0,0,0,False,False,False
2016-01-12,0,36,41,0,5,5,0,166,12925,104,0,166,440,0,0,0,0,0,False,False,False
2016-01-13,0,36,41,0,5,5,0,167,12949,104,0,167,440,0,0,0,0,0,False,False,False
2016-01-14,0,37,41,0,5,5,0,167,12973,104,0,167,440,0,0,0,0,0,False,False,False
2016-01-15,0,36,41,0,5,5,0,168,12996,104,0,168,440,0,0,0,0,0,False,False,False
2016-01-16,0,36,41,0,5,5,0,168,13021,104,0,168,440,0,0,0,0,0,False,False,False
2016-01-17,0,37,41,0,5,5,0,169,13045,104,0,169,440,0,0,0,0,0,False,False,False
2016-01-18,0,38,41,0,5,5,0,170,13068,104,0,170,440,0,0,0,0,0,False,False,False
2016-01-19,0,36,42,0,5,5,0,171,13093,104,0,171,440,0,0,0,0,0,False,False,False
2016-01-20,0,36,42,0,5,5,0,171,13117,104,0,171,440,0,0,0,0,0,False,False,False
2016-01-21,0,36,41,0,5,5,0,172,13141,104,0,172,440,0,0,0,0,0,False,False,False
2016-01-22,0,36,41,0,5,5,0,172,13165,104,0,172,440,0,0,0,0,0,False,False,False
2016-01-23,0,36,41,0,5,5,0,172,13189,104,0,172,440,0,0,0,0,0,False,False,False
2016-01-24,0,36,41,0,5,5,0,173,13213,104,0,173,440,0,0,0,0,0,False,False,False
2016-01-25,0,36,42,0,5,5,0,174,13236,104,0,174,440,0,0,0,0,0,False,False,False
2016-01-26,0,36,42,0,5,5,0,174,13261,104,0,174,440,0,0,0,0,0,False,False,False
2016-01-27,0,35,42,0,5,5,0,174,13285,104,0,174,440,0,0,0,0,0,False,False,False
2016-01-28,0,36,42,0,5,5,0,175,13308,104,0,175,440,0,0,0,0,0,False,False,False
2016-01-29,0,36,42,0,5,5,0,175,13333,104,0,175,440,0,0,0,0,0,False,False,False
2016-01-30,0,36,42,0,5,5,0,176,13357,104,0,176,440,0,0,0,0,0,False,False,False
2016-01-31,0,36,42,0,5,5,0,176,13380,104,0,176,440,0,0,0,0,0,False,False,False
2016-02-01,0,38,42,0,5,5,0,176,13405,104,0,176,440,0,0,0,0,0,False,False,False
2016-02-02,0,36,42,0,5,5,0,176,13429,104,0,176,440,0,0,0,0,0,False,False,False
2016-02-03,0,37,42,0,5,5,0,177,13453,104,0,177,440,0,0,0,0,0,False,False,False
2016-02-04,0,38,42,0,5,5,0,178,13476,104,0,178,440,0,0,0,0,0,False,False,False
2016-02-05,0,38,41,0,5,5,0,179,13501,104,0,179,440,0,0,0,0,0,False,False,False
2016-02-06,0,37,41,0,5,5,0,179,13525,104,0,179,440,0,0,0,0,0,False,False,False
2016-02-07,0,37,41,0,5,5,0,179,13548,104,0,179,440,0,0,0,0,0,False,False,False
2016-02-08,0,38,42,0,5,5,0,180,13573,104,0,180,440,0,0,0,0,0,False,False,False
2016-02-09,0,38,42,0,5,5,0,181,13597,104,0,181,440,0,0,0,0,0,False,False,False
2016-02-10,0,37,42,0,5,5,0,181,13620,104,0,181,440,0,0,0,0,0,False,False,False
2016-02-11,0,38,42,0,5,5,0,181,13645,104,0,181,440,0,0,0,0,0,False,False,False
2016-02-12,0,38,42,0,5,5,0,181,13669,104,0,181,440,0,0,0,0,0,False,False,False
2016-02-13,0,38,42,0,5,5,0,182,13693,104,0,182,440,0,0,0,0,0,False,False,False
2016-02-14,0,38,42,0,5,5,0,182,13716,104,0,182,440,0,0,0,0,0,False,False,False
2016-02-15,0,38,42,0,5,5,0,182,13741,104,0,182,440,0,0,0,0,0,False,False,False
2016-02-16,0,38,42,0,5,5,0,182,13765,104,0,182,440,0,0,0,0,0,False,False,False
2016-02-17,0,38,42,0,5,5,0,182,13788,104,0,182,440,0,0,0,0,0,False,False,False
2016-02-18,0,38,40,0,5,5,0,183,13813,104,0,183,440,0,0,0,0,0,False,False,False
2016-02-19,0,39,40,0,5,5,0,183,13837,104,0,183,440,0,0,0,0,0,False,False,False
2016-02-20,0,39,42,0,5,5,0,183,13860,104,0,183,440,0,0,0,0,0,False,False,False
2016-02-21,0,38,42,0,5,5,0,184,13885,104,0,184,440,0,0,0,0,0,False,False,False
2016-02-22,0,39,42,0,5,5,0,184,13909,104,0,184,440,0,0,0,0,0,False,False,False
2016-02-23,0,38,42,0,5,5,0,185,13932,104,0,185,440,0,0,0,0,0,False,False,False
2016-02-24,0,38,41,0,5,5,0,186,13957,104,0,186,440,0,0,0,0,0,False,False,False
2016-02-25,0,38,41,0,5,5,0,186,13981,104,0,186,440,0,0,0,0,0,False,False,False
2016-02-26,0,38,42,0,5,5,0,186,14005,104,0,186,440,0,0,0,0,0,False,False,False
2016-02-27,0,38,42,0,5,5,0,187,14028,104,0,187,440,0,0,0,0,0,False,False,False
2016-02-28,0,39,42,0,5,5,0,187,14053,104,0,187,440,0,0,0,0,0,False,False,False
2016-02-29,0,38,42,0,5,5,0,188,14077,104,0,188,440,0,0,0,0,0,False,False,False
2016-03-01,0,38,42,0,5,5,0,189,14100,104,0,189,440,0,0,0,0,0,False,False,False
2016-03-02,0,38,42,0,5,5,0,189,14125,104,0,189,440,0,0,0,0,0,False,False,False
2016-03-03,0,38,41,0,5,5,0,190,14149,104,0,190,440,0,0,0,0,0,False,False,False
2016-03-04,0,38,41,0,5,5,0,190,14173,104,0,190,440,0,0,0,0,0,False,False,False
2016-03-05,0,38,42,0,5,5,0,191,14196,104,0,191,440,0,0,0,0,0,False,False,False
2016-03-06,0,39,42,0,5,5,0,191,14221,104,0,191,440,0,0,0,0,0,False,False,False
2016-03-07,0,39,42,0,5,5,0,191,14245,104,0,191,440,0,0,0,0,0,False,False,False
2016-03-08,0,38,42,0,5,5,0,191,14268,104,0,191,440,0,0,0,0,0,False,False,False
2016-03-09,0,39,40,0,5,5,0,191,14293,104,0,191,440,0,0,0,0,0,False,False,False
2016-03-10,0,38,40,0,5,5,0,192,14317,104,0,192,440,0,0,0,0,0,False,False,False
2016-03-11,0,38,40,0,5,5,0,192,14340,104,0,192,440,0,0,0,0,0,False,False,False
2016-03-12,0,39,40,0,5,5,0,192,14365,104,0,192,440,0,0,0,0,0,False,False,False
2016-03-13,0,39,41,0,5,5,0,193,14389,104,0,193,440,0,0,0,0,0,False,False,False
2016-03-14,0,39,41,0,5,5,0,193,14412,104,0,193,440,0,0,0,0,0,False,False,False
2016-03-15,0,39,42,0,5,5,0,193,14435,104,0,193,440,0,0,0,0,0,False,False,False
2016-03-16,0,39,42,0,5,5,0,194,14460,104,0,194,440,0,0,0,0,0,False,False,False
2016-03-17,0,39,42,0,5,5,0,194,14484,104,0,194,440,0,0,0,0,0,False,False,False
2016-03-18,0,39,42,0,5,5,0,194,14508,104,0,194,440,0,0,0,0,0,False,False,False
2016-03-19,0,37,42,0,5,5,0,195,14531,104,0,195,440,0,0,0,0,0,False,False,False
2016-03-20,0,38,42,0,5,5,0,195,14556,104,0,195,440,0,0,0,0,0,False,False,False
2016-03-21,0,39,42,0,5,5,0,195,14580,104,0,195,440,0,0,0,0,0,False,False,False
2016-03-22,0,38,42,0,5,5,0,196,14603,104,0,196,440,0,0,0,0,0,False,False,False
2016-03-23,0,38,42,0,5,5,0,196,14628,104,0,196,440,0,0,0,0,0,False,False,False
2016-03-24,0,38,42,0,5,5,0,196,14652,104,0,196,440,0,0,0,0,0,False,False,False
2016-03-25,0,39,41,0,5,5,0,197,14675,104,0,197,440,0,0,0,0,0,False,False,False
2016-03-26,0,38,41,0,5,5,0,197,14700,104,0,197,440,0,0,0,0,0,False,False,False
2016-03-27,0,39,41,0,5,5,0,197,14724,104,0,197,440,0,0,0,0,0,False,False,False
2016-03-28,0,39,41,0,5,5,0,197,14748,104,0,197,440,0,0,0,0,0,False,False,False
2016-03-29,0,38,41,0,5,5,0,198,14772,104,0,198,440,0,0,0,0,0,False,False,False
2016-03-30,0,38,41,0,5,5,0,199,14796,104,0,199,440,0,0,0,0,0,False,False,False
2016-03-31,0,39,42,0,5,5,0,200,14820,104,0,200,440,0,0,0,0,0,False,False,False
2016-04-01,0,39,42,0,5,5,0,200,14843,104,0,200,440,0,0,0,0,0,False,False,False
2016-04-02,0,38,42,0,5,5,0,200,14868,104,0,200,440,0,0,0,0,0,False,False,False
2016-04-03,0,38,42,0,5,5,0,201,14892,104,0,201,440,0,0,0,0,0,False,False,False
2016-04-04,0,38,42,0,5,5,0,201,14915,104,0,201,440,0,0,0,0,0,False,False,False
2016-04-05,0,38,41,0,5,5,0,202,14940,104,0,202,440,0,0,0,0,0,False,False,False
2016-04-06,0,37,41,0,5,5,0,203,14964,104,0,203,440,0,0,0,0,0,False,False,False
2016-04-07,0,36,42,0,5,5,0,204,14988,104,0,204,440,0,0,0,0,0,False,False,False
2016-04-08,0,40,42,0,5,5,0,204,15012,104,0,204,440,0,0,0,0,0,False,False,False
2016-04-09,0,40,42,0,5,5,0,204,15036,104,0,204,440,0,0,0,0,0,False,False,False
2016-04-10,0,39,42,0,5,5,0,204,15060,104,0,204,440,0,0,0,0,0,False,False,False
2016-04-11,0,40,42,0,5,5,0,205,15083,104,0,205,440,0,0,0,0,0,False,False,False
2016-04-12,0,40,42,0,5,5,0,205,15108,104,0,205,440,0,0,0,0,0,False,False,False
2016-04-13,0,38,42,0,5,5,0,205,15132,104,0,205,440,0,0,0,0,0,False,False,False
2016-04-14,0,38,42,0,5,5,0,205,15155,104,0,205,440,0,0,0,0,0,False,False,False
2016-04-15,0,38,42,0,5,5,0,205,15180,104,0,205,440,0,0,0,0,0,False,False,False
2016-04-16,0,37,41,0,5,5,0,206,15204,104,0,206,440,0,0,0,0,0,False,False,False
2016-04-17,0,37,41,0,5,5,0,206,15227,104,0,206,440,0,0,0,0,0,False,False,False
2016-04-18,0,38,43,0,5,5,0,207,15252,104,0,207,440,0,0,0,0,0,False,False,False
2016-04-19,0,36,43,0,5,5,0,207,15276,104,0,207,440,0,0,0,0,0,False,False,False
2016-04-20,0,36,42,0,5,5,0,208,15300,104,0,208,440,0,0,0,0,0,False,False,False
2016-04-21,0,36,42,0,5,5,0,209,15323,104,0,209,440,0,0,0,0,0,False,False,False
2016-04-22,0,38,42,0,5,5,0,209,15348,104,0,209,440,0,0,0,0,0,False,False,False
2016-04-23,0,38,41,0,5,5,0,210,15372,104,0,210,440,0,0,0,0,0,False,False,False
2016-04-24,0,38,41,0,5,5,0,211,15395,104,0,211,440,0,0,0,0,0,False,False,False
2016-04-25,0,38,41,0,5,5,0,211,15420,104,0,211,440,0,0,0,0,0,False,False,False
2016-04-26,0,38,40,0,5,5,0,212,15444,103,0,212,440,0,0,0,0,0,False,False,False
2016-04-27,0,38,40,0,5,5,0,212,15467,103,0,212,440,0,0,0,0,0,False,False,False
2016-04-28,0,38,42,0,5,5,0,212,15492,104,0,212,440,0,0,0,0,0,False,False,False
2016-04-29,0,38,42,0,5,5,0,213,15516,104,0,213,440,0,0,0,0,0,False,False,False
2016-04-30,0,39,41,0,5,5,0,214,15540,104,0,214,440,0,0,0,0,0,False,False,False
2016-05-01,0,38,41,0,5,5,0,214,15564,104,0,214,440,0,0,0,0,0,False,False,False
2016-05-02,0,37,41,0,5,5,0,214,15588,104,0,214,440,0,0,0,0,0,False,False,False
2016-05-03,0,37,39,0,5,5,0,215,15612,104,0,215,440,0,0,0,0,0,False,False,False
2016-05-04,0,37,39,0,5,5,0,215,15635,104,0,215,440,0,0,0,0,0,False,False,False
2016-05-05,0,40,41,0,5,5,0,216,15660,104,0,216,440,0,0,0,0,0,False,False,False
2016-05-06,0,40,41,0,5,5,0,216,15684,104,0,216,440,0,0,0,0,0,False,False,False
2016-05-07,0,40,41,0,5,5,0,216,15707,104,0,216,440,0,0,0,0,0,False,False,False
2016-05-08,0,40,40,0,5,5,0,217,15732,104,0,217,440,0,0,0,0,0,False,False,False
2016-05-09,0,40,40,0,5,5,0,218,15756,104,0,218,440,0,0,0,0,0,False,False,False
2016-05-10,0,40,42,0,5,5,0,219,15780,104,0,219,440,0,0,0,0,0,False,False,False
2016-05-11,0,39,42,0,5,5,0,219,15804,104,0,219,440,0,0,0,0,0,False,False,False
2016-05-12,0,39,41,0,5,5,0,220,15828,104,0,220,440,0,0,0,0,0,False,False,False
2016-05-13,0,39,41,0,5,5,0,220,15852,104,0,220,440,0,0,0,0,0,False,False,False
2016-05-14,0,40,42,0,5,5,0,220,15875,103,0,220,440,0,0,0,0,0,False,False,False
2016-05-15,0,41,42,0,5,5,0,221,15900,103,0,221,440,0,0,0,0,0,False,False,False
2016-05-16,0,39,42,0,5,5,0,221,15924,103,0,221,440,0,0,0,0,0,False,False,False
2016-05-17,0,39,42,0,5,5,0,221,15947,104,0,221,440,0,0,0,0,0,False,False,False
2016-05-18,0,39,41,0,5,5,0,222,15972,104,0,222,440,0,0,0,0,0,False,False,False
2016-05-19,0,40,41,0,5,5,0,222,15996,104,0,222,440,0,0,0,0,0,False,False,False
2016-05-20,0,40,41,0,5,5,0,222,16019,104,0,222,440,0,0,0,0,0,False,False,False
2016-05-21,0,40,42,0,5,5,0,223,16044,104,0,223,440,0,0,0,0,0,False,False,False
2016-05-22,0,41,41,0,5,5,0,224,16068,104,0,224,440,0,0,0,0,0,False,False,False
2016-05-23,0,41,41,0,5,5,0,224,16092,104,0,224,440,0,0,0,0,0,False,False,False
2016-05-24,0,40,40,0,5,5,0,225,16116,104,0,225,440,0,0,0,0,0,False,False,False
2016-05-25,0,40,40,0,5,5,0,226,16140,104,0,226,440,0,0,0,0,0,False,False,False
2016-05-26,0,40,41,0,5,5,0,227,16164,104,0,227,440,0,0,0,0,0,False,False,False
2016-05-27,0,39,41,0,5,5,0,227,16188,104,0,227,440,0,0,0,0,0,False,False,False
2016-05-28,0,39,42,0,5,5,0,228,16212,104,0,228,440,0,0,0,0,0,False,False,False
2016-05-29,0,39,42,0,5,5,0,228,16236,104,0,228,440,0,0,0,0,0,False,False,False
2016-05-30,0,39,40,0,5,5,0,229,16259,104,0,229,440,0,0,0,0,0,False,False,False
2016-05-31,0,39,40,0,5,5,0,229,16284,104,0,229,440,0,0,0,0,0,False,False,False
2016-06-01,0,39,40,0,5,5,0,229,16308,104,0,229,440,0,0,0,0,0,False,False,False
2016-06-02,0,39,41,0,5,5,0,230,16332,104,0,230,440,0,0,0,0,0,False,False,False
2016-06-03,0,39,42,0,5,5,0,231,16356,104,0,231,440,0,0,0,0,0,False,False,False
2016-06-04,0,39,42,0,5,5,0,232,16380,104,0,232,440,0,0,0,0,0,False,False,False
2016-06-05,0,40,42,0,5,5,0,232,16404,104,0,232,440,0,0,0,0,0,False,False,False
2016-06-06,0,39,42,0,5,5,0,232,16427,104,0,232,440,0,0,0,0,0,False,False,False
2016-06-07,0,40,42,0,5,5,0,233,16452,104,0,233,440,0,0,0,0,0,False,False,False
2016-06-08,0,40,42,0,5,5,0,233,16476,104,0,233,440,0,0,0,0,0,False,False,False
2016-06-09,0,40,42,0,5,5,0,234,16500,104,0,234,440,0,0,0,0,0,False,False,False
2016-06-10,0,38,42,0,5,5,0,235,16524,104,0,235,440,0,0,0,0,0,False,False,False
2016-06-11,0,39,42,0,5,5,0,235,16548,104,0,235,440,0,0,0,0,0,False,False,False
2016-06-12,0,39,42,0,5,5,0,236,16572,104,0,236,440,0,0,0,0,0,False,False,False
2016-06-13,0,39,42,0,5,5,0,236,16595,104,0,236,440,0,0,0,0,0,False,False,False
2016-06-14,0,39,42,0,5,5,0,237,16620,104,0,237,440,0,0,0,0,0,False,False,False
2016-06-15,0,39,42,0,5,5,0,237,16644,104,0,237,440,0,0,0,0,0,False,False,False
2016-06-16,0,39,41,0,5,5,0,238,16667,104,0,238,440,0,0,0,0,0,False,False,False
2016-06-17,0,40,41,0,5,5,0,238,16692,104,0,238,440,0,0,0,0,0,False,False,False
2016-06-18,0,40,39,0,5,5,0,239,16716,104,0,239,440,0,0,0,0,0,False,False,False
2016-06-19,0,39,39,0,5,5,0,239,16740,104,0,239,440,0,0,0,0,0,False,False,False
2016-06-20,0,39,41,0,5,5,0,240,16764,104,0,240,440,0,0,0,0,0,False,False,False
2016-06-21,0,39,41,0,5,5,0,241,16788,104,0,241,440,0,0,0,0,0,False,False,False
2016-06-22,0,39,41,0,5,5,0,241,16812,104,0,241,440,0,0,0,0,0,False,False,False
2016-06-23,0,40,41,0,5,5,0,241,16836,104,0,241,440,0,0,0,0,0,False,False,False
2016-06-24,0,39,40,0,5,5,0,242,16860,104,0,242,440,0,0,0,0,0,False,False,False
2016-06-25,0,40,41,0,5,5,0,243,16884,103,0,243,440,0,0,0,0,0,False,False,False
2016-06-26,0,40,41,0,5,5,0,243,16907,103,0,243,440,0,0,0,0,0,False,False,False
2016-06-27,0,39,42,0,5,5,0,243,16932,104,0,243,440,0,0,0,0,0,False,False,False
2016-06-28,0,39,42,0,5,5,0,244,16956,104,0,244,440,0,0,0,0,0,False,False,False
2016-06-29,0,40,42,0,5,5,0,244,16979,104,0,244,440,0,0,0,0,0,False,False,False
2016-06-30,0,39,44,0,5,5,0,245,17004,104,0,245,440,0,0,0,0,0,False,False,False
